fiber_type,n_fibers,n_with_cells,mean_signal,median_signal,imageid,pathology,phenotype
CHP,2727,2530,9.631655795304468,6.872459006295275,JRP112,RA,CD4 T cells
COL1A1bis,6085,5478,9.96678091351638,5.992841206422044,JRP112,RA,CD4 T cells
COL4A1,1313,1263,9.338517512034684,6.700659729508942,JRP112,RA,CD4 T cells
COL6A1,8053,7155,9.966493605724633,6.30467715513489,JRP112,RA,CD4 T cells
FN,7843,7305,10.866578351418477,7.289410016772543,JRP112,RA,CD4 T cells
MFAP5,3717,3059,6.504719208904665,3.840827672587846,JRP112,RA,CD4 T cells
CHP,2727,2025,3.3856475688102003,2.3159306241657216,JRP112,RA,CD8 T cells
COL1A1bis,6085,4058,3.412130600602671,2.092371014319775,JRP112,RA,CD8 T cells
COL4A1,1313,1005,3.32090015085671,2.0728861427503045,JRP112,RA,CD8 T cells
COL6A1,8053,5436,3.285251312985367,2.099402776230668,JRP112,RA,CD8 T cells
FN,7843,6043,3.653146517645169,2.4635562863986746,JRP112,RA,CD8 T cells
MFAP5,3717,1854,2.0545645999146407,1.2871915138351513,JRP112,RA,CD8 T cells
CHP,2727,982,3.882676836750305,1.935419763042474,JRP112,RA,T cells
COL1A1bis,6085,2323,4.552801622160256,2.695853472383303,JRP112,RA,T cells
COL4A1,1313,435,5.341610052499687,2.6872163156488886,JRP112,RA,T cells
COL6A1,8053,3023,4.661286446689859,2.58771031015647,JRP112,RA,T cells
FN,7843,3065,4.8111193853967436,2.614177608596526,JRP112,RA,T cells
MFAP5,3717,1085,3.95793680802813,2.140560166356144,JRP112,RA,T cells
CHP,2727,701,1.8635488363399435,0.9506237541105557,JRP112,RA,B cells
COL1A1bis,6085,1287,1.3437709314556345,0.789579542512991,JRP112,RA,B cells
COL4A1,1313,327,1.328103166490294,0.80093272431269,JRP112,RA,B cells
COL6A1,8053,1833,1.5172987750564315,0.8328623909142684,JRP112,RA,B cells
FN,7843,2195,1.4899372266857742,0.8797764793010734,JRP112,RA,B cells
MFAP5,3717,364,1.4422485835699612,0.7499867671950462,JRP112,RA,B cells
CHP,2727,941,2.1960213854766044,0.9427915238548232,JRP112,RA,Plasma cells
COL1A1bis,6085,1708,1.6360322742963669,0.8547934398891837,JRP112,RA,Plasma cells
COL4A1,1313,524,2.0907645631266147,1.05400125199061,JRP112,RA,Plasma cells
COL6A1,8053,2433,2.0284056400830655,0.9142809963941897,JRP112,RA,Plasma cells
FN,7843,2689,2.011912764308401,0.9383828173670428,JRP112,RA,Plasma cells
MFAP5,3717,1254,2.3003861996036967,1.1177100595580962,JRP112,RA,Plasma cells
CHP,2727,2236,4.212124543893689,3.1882011144247855,JRP112,RA,Macrophages
COL1A1bis,6085,4664,3.7191754274962667,2.7675028108954924,JRP112,RA,Macrophages
COL4A1,1313,1111,2.9736525823189726,2.5189482896054445,JRP112,RA,Macrophages
COL6A1,8053,6340,3.961210294704927,2.856956224077874,JRP112,RA,Macrophages
FN,7843,6557,3.85813490081221,2.9099399920348015,JRP112,RA,Macrophages
MFAP5,3717,2443,2.7061791337435204,1.9769184227122643,JRP112,RA,Macrophages
CHP,2727,1561,5.271561281521261,3.8907590162527623,JRP112,RA,MERTK+ Macrophages
COL1A1bis,6085,2581,4.228396958093112,2.7830599182970035,JRP112,RA,MERTK+ Macrophages
COL4A1,1313,574,4.106089759553857,2.666751554684077,JRP112,RA,MERTK+ Macrophages
COL6A1,8053,3764,4.253786882922994,2.943858873277193,JRP112,RA,MERTK+ Macrophages
FN,7843,4299,4.527285028359412,3.155687383370004,JRP112,RA,MERTK+ Macrophages
MFAP5,3717,850,3.5214152013279465,1.8434984072970475,JRP112,RA,MERTK+ Macrophages
CHP,2727,2601,6.894136721327939,5.127919174861874,JRP112,RA,Monocytes
COL1A1bis,6085,5750,5.7940903047629275,4.19048524986496,JRP112,RA,Monocytes
COL4A1,1313,1297,7.208493480341658,5.956875055045236,JRP112,RA,Monocytes
COL6A1,8053,7612,6.041526592669324,4.481580851817233,JRP112,RA,Monocytes
FN,7843,7501,6.541195352964859,4.974779527058006,JRP112,RA,Monocytes
MFAP5,3717,3497,5.766754150459985,4.190054997874339,JRP112,RA,Monocytes
CHP,2727,952,1.443100826386365,0.8824669133856076,JRP112,RA,Dendritic cells
COL1A1bis,6085,1797,1.4037978033698537,0.8266089619460507,JRP112,RA,Dendritic cells
COL4A1,1313,411,1.0754956321974047,0.696318373018651,JRP112,RA,Dendritic cells
COL6A1,8053,2509,1.3333002185227403,0.8310454347859486,JRP112,RA,Dendritic cells
FN,7843,2889,1.3629155537469984,0.8387456077831097,JRP112,RA,Dendritic cells
MFAP5,3717,651,0.9069304046495217,0.6696765588300702,JRP112,RA,Dendritic cells
CHP,2727,1630,4.408542943923343,2.7659265522860936,JRP112,RA,Neutrophils
COL1A1bis,6085,2960,3.6190937163405623,1.962003144376383,JRP112,RA,Neutrophils
COL4A1,1313,710,2.8549858320478787,1.935858943800726,JRP112,RA,Neutrophils
COL6A1,8053,4086,3.7834015158185537,2.0372984179694944,JRP112,RA,Neutrophils
FN,7843,4743,3.78957446449929,2.2304275182880784,JRP112,RA,Neutrophils
MFAP5,3717,1107,2.6554419303922794,1.2017489799128727,JRP112,RA,Neutrophils
CHP,2727,1674,5.187760770577643,3.9632886352026375,JRP112,RA,Vascular cells
COL1A1bis,6085,3684,5.746133259732648,4.340483647849938,JRP112,RA,Vascular cells
COL4A1,1313,1093,7.755286485593311,7.303209089397926,JRP112,RA,Vascular cells
COL6A1,8053,4907,5.48566405704919,4.228183257648677,JRP112,RA,Vascular cells
FN,7843,4935,5.750296533704046,4.504266455504933,JRP112,RA,Vascular cells
MFAP5,3717,2863,5.856780155704044,4.642517567695783,JRP112,RA,Vascular cells
CHP,6262,2815,4.908513504682114,1.24963533598256,JRP122,RA,CD4 T cells
COL1A1bis,2683,1552,3.5487730048571375,1.0480167883895273,JRP122,RA,CD4 T cells
COL4A1,904,545,4.002252801309837,1.403191453460488,JRP122,RA,CD4 T cells
COL6A1,10614,4821,3.041064169353325,1.013482206041263,JRP122,RA,CD4 T cells
FN,10765,4405,3.0004508913287182,1.0251530237742998,JRP122,RA,CD4 T cells
MFAP5,9030,3838,2.1808398142470176,0.9345743751519282,JRP122,RA,CD4 T cells
CHP,6262,2845,1.698605842667482,1.1009359214030998,JRP122,RA,CD8 T cells
COL1A1bis,2683,1602,1.6276535338308373,1.0526173627913638,JRP122,RA,CD8 T cells
COL4A1,904,539,1.7273634030087408,1.1145130794513287,JRP122,RA,CD8 T cells
COL6A1,10614,4909,1.4684115287473214,0.9309319982031081,JRP122,RA,CD8 T cells
FN,10765,4600,1.33982234599058,0.8896175240443998,JRP122,RA,CD8 T cells
MFAP5,9030,3822,1.2574842302927864,0.8502125820323301,JRP122,RA,CD8 T cells
CHP,6262,373,1.5431827991024458,0.6410381787479101,JRP122,RA,T cells
COL1A1bis,2683,132,1.1830113229066637,0.670469468341067,JRP122,RA,T cells
COL4A1,904,50,0.8150151311691611,0.6901004362680969,JRP122,RA,T cells
COL6A1,10614,595,2.1306736524565015,0.6566888991275628,JRP122,RA,T cells
FN,10765,463,2.346948232104938,0.6062378415223216,JRP122,RA,T cells
MFAP5,9030,477,2.9154742921277177,0.6922003154035479,JRP122,RA,T cells
CHP,6262,2109,7.162016433300975,1.5224794279648044,JRP122,RA,B cells
COL1A1bis,2683,1090,4.493932686765794,1.0893158439389432,JRP122,RA,B cells
COL4A1,904,395,5.086914695518499,1.4452801296689548,JRP122,RA,B cells
COL6A1,10614,3408,4.055312503398262,1.1633420308670466,JRP122,RA,B cells
FN,10765,3151,3.9478784002570926,1.1594484371449791,JRP122,RA,B cells
MFAP5,9030,2582,2.8694722993886117,0.980241519090548,JRP122,RA,B cells
CHP,6262,2899,8.095386443890833,4.659513843868146,JRP122,RA,Plasma cells
COL1A1bis,2683,1833,6.822642588972366,4.782340156324191,JRP122,RA,Plasma cells
COL4A1,904,544,6.125386934938716,4.297017644071106,JRP122,RA,Plasma cells
COL6A1,10614,5088,6.195166723535571,3.3207600042753644,JRP122,RA,Plasma cells
FN,10765,4581,5.296177307792775,2.7071935580663578,JRP122,RA,Plasma cells
MFAP5,9030,3978,5.029091604153751,2.627555400988232,JRP122,RA,Plasma cells
CHP,6262,4205,2.3079094400267124,1.4699915162715254,JRP122,RA,Macrophages
COL1A1bis,2683,1505,1.4124807961906005,0.9214539162851351,JRP122,RA,Macrophages
COL4A1,904,506,1.2791117403904404,0.9194216768939268,JRP122,RA,Macrophages
COL6A1,10614,7754,2.5060042230282606,1.6136023080780366,JRP122,RA,Macrophages
FN,10765,8069,2.4714726801790774,1.636455117011835,JRP122,RA,Macrophages
MFAP5,9030,6660,2.4690249733926306,1.626568217826252,JRP122,RA,Macrophages
CHP,6262,461,1.1760713917853176,0.6651843299003573,JRP122,RA,MERTK+ Macrophages
COL1A1bis,2683,101,0.8419979785784187,0.4333121754987184,JRP122,RA,MERTK+ Macrophages
COL4A1,904,22,0.627581636333835,0.45895887123810053,JRP122,RA,MERTK+ Macrophages
COL6A1,10614,966,1.4250518559288097,0.7696784706832037,JRP122,RA,MERTK+ Macrophages
FN,10765,896,1.2824333860295822,0.741868512425027,JRP122,RA,MERTK+ Macrophages
MFAP5,9030,732,1.2604007673398798,0.6938283928095168,JRP122,RA,MERTK+ Macrophages
CHP,6262,5002,5.404259052700889,3.5934039687187918,JRP122,RA,Monocytes
COL1A1bis,2683,2496,6.3835653027944765,4.7182001427619795,JRP122,RA,Monocytes
COL4A1,904,776,5.81736054485812,4.1668275308904175,JRP122,RA,Monocytes
COL6A1,10614,9093,5.636081249812802,3.9785191851242105,JRP122,RA,Monocytes
FN,10765,9094,5.75604858906922,3.9764595519870256,JRP122,RA,Monocytes
MFAP5,9030,7598,5.0164696560251905,3.527628952301315,JRP122,RA,Monocytes
CHP,6262,2059,1.3505601274015597,0.8099677129388093,JRP122,RA,Dendritic cells
COL1A1bis,2683,844,1.1560490794222655,0.7381996394720232,JRP122,RA,Dendritic cells
COL4A1,904,361,1.2970643328725393,0.8655756162736913,JRP122,RA,Dendritic cells
COL6A1,10614,3393,1.179313187307147,0.7717890013376398,JRP122,RA,Dendritic cells
FN,10765,3296,1.0515071987747069,0.7277114570523091,JRP122,RA,Dendritic cells
MFAP5,9030,2684,1.1041025469390457,0.7191864266403944,JRP122,RA,Dendritic cells
CHP,6262,1087,0.9136436029764814,0.6394619729042808,JRP122,RA,Neutrophils
COL1A1bis,2683,535,0.9626384052511014,0.6691515256409024,JRP122,RA,Neutrophils
COL4A1,904,187,1.0830402350993464,0.7786878167413046,JRP122,RA,Neutrophils
COL6A1,10614,1896,0.904188012409322,0.6261062564101478,JRP122,RA,Neutrophils
FN,10765,1949,0.8565159943968108,0.6177641866793274,JRP122,RA,Neutrophils
MFAP5,9030,1527,0.8695055631254583,0.6341603380761912,JRP122,RA,Neutrophils
CHP,6262,3728,3.5334885816488053,2.2935263287731953,JRP122,RA,Vascular cells
COL1A1bis,2683,2250,5.15166983434907,3.860345719048383,JRP122,RA,Vascular cells
COL4A1,904,899,7.9883600329719044,6.9691864694157575,JRP122,RA,Vascular cells
COL6A1,10614,6480,3.4987232324091857,2.286238881143834,JRP122,RA,Vascular cells
FN,10765,6322,3.5648014513247674,2.2444301393735078,JRP122,RA,Vascular cells
MFAP5,9030,5430,3.4287741655722757,2.1813938876103296,JRP122,RA,Vascular cells
CHP,22967,14218,5.1825804799544954,2.402316314769341,JRP141,RA,CD4 T cells
COL1A1bis,24898,14850,5.133267451426837,2.3856157116764765,JRP141,RA,CD4 T cells
COL4A1,2177,1774,6.940699976236461,4.402675750759487,JRP141,RA,CD4 T cells
COL6A1,36712,22015,4.592076758264838,2.072431351311539,JRP141,RA,CD4 T cells
FN,32332,19639,3.7327373383587736,1.8451874590262043,JRP141,RA,CD4 T cells
MFAP5,20800,12039,3.2653814166980712,1.6662505239822987,JRP141,RA,CD4 T cells
CHP,22967,13212,2.880955728009127,1.7531511331890033,JRP141,RA,CD8 T cells
COL1A1bis,24898,13372,2.702555400959944,1.6088134462188481,JRP141,RA,CD8 T cells
COL4A1,2177,1659,3.8210865240507603,2.6805537983421486,JRP141,RA,CD8 T cells
COL6A1,36712,20196,2.6048841660539033,1.549227782968868,JRP141,RA,CD8 T cells
FN,32332,17655,2.31344669034189,1.4047063890561735,JRP141,RA,CD8 T cells
MFAP5,20800,10795,2.145412819059149,1.2898802812672647,JRP141,RA,CD8 T cells
CHP,22967,6001,1.6566929595411966,0.9051439887495278,JRP141,RA,T cells
COL1A1bis,24898,5965,1.5627234579084575,0.8703647770025031,JRP141,RA,T cells
COL4A1,2177,735,2.425213704872734,0.9632196928757553,JRP141,RA,T cells
COL6A1,36712,8661,1.6009872828303457,0.8613045306109195,JRP141,RA,T cells
FN,32332,7908,1.6509200026116169,0.8923835516579541,JRP141,RA,T cells
MFAP5,20800,5160,1.5983923738553394,0.9054962361702521,JRP141,RA,T cells
CHP,22967,4626,8.073085130193432,0.960107782060936,JRP141,RA,B cells
COL1A1bis,24898,4474,4.080735742230788,0.8856233108164987,JRP141,RA,B cells
COL4A1,2177,657,4.025429461840895,0.8933182138536021,JRP141,RA,B cells
COL6A1,36712,6358,4.85160983489691,0.8837241726839205,JRP141,RA,B cells
FN,32332,5253,4.123349244978411,0.8290107149838059,JRP141,RA,B cells
MFAP5,20800,3027,3.212761358437895,0.7817734359768296,JRP141,RA,B cells
CHP,22967,7198,4.068153394962171,1.3712084334094885,JRP141,RA,Plasma cells
COL1A1bis,24898,8221,2.643287653575639,1.2186934790218378,JRP141,RA,Plasma cells
COL4A1,2177,938,3.252672715149864,1.4923832062857507,JRP141,RA,Plasma cells
COL6A1,36712,11408,3.272142547045373,1.371374284054061,JRP141,RA,Plasma cells
FN,32332,9934,3.1467811964709087,1.2887402757673525,JRP141,RA,Plasma cells
MFAP5,20800,7088,3.510910429181751,1.4020013104661289,JRP141,RA,Plasma cells
CHP,22967,17456,3.2208534246730895,2.278186480908327,JRP141,RA,Macrophages
COL1A1bis,24898,17764,2.6448372243337,1.8682293146140436,JRP141,RA,Macrophages
COL4A1,2177,1497,2.445124469892177,1.6505980512264347,JRP141,RA,Macrophages
COL6A1,36712,27423,3.056430727809056,2.1077249251285233,JRP141,RA,Macrophages
FN,32332,24732,3.1828187715633343,2.2179371153805665,JRP141,RA,Macrophages
MFAP5,20800,16044,3.19925178051157,2.260359484942141,JRP141,RA,Macrophages
CHP,22967,5527,1.8847463144254237,0.9554367170857738,JRP141,RA,MERTK+ Macrophages
COL1A1bis,24898,5502,1.7176453942106225,0.9514694935187173,JRP141,RA,MERTK+ Macrophages
COL4A1,2177,339,1.2930452890222384,0.7106103006868338,JRP141,RA,MERTK+ Macrophages
COL6A1,36712,8160,1.858818849942766,0.9513541683977857,JRP141,RA,MERTK+ Macrophages
FN,32332,7269,1.752596083802553,0.9454242227594092,JRP141,RA,MERTK+ Macrophages
MFAP5,20800,4931,1.767799337325955,0.9508357043211267,JRP141,RA,MERTK+ Macrophages
CHP,22967,17944,7.66083321270182,5.009554942353845,JRP141,RA,Monocytes
COL1A1bis,24898,19746,6.536606815265753,4.225857132888999,JRP141,RA,Monocytes
COL4A1,2177,1881,7.808071236815264,5.762862037834843,JRP141,RA,Monocytes
COL6A1,36712,30520,7.059545432850814,4.810518544844595,JRP141,RA,Monocytes
FN,32332,25443,7.171090865247054,4.733349157611008,JRP141,RA,Monocytes
MFAP5,20800,17628,7.214367164155947,4.982989675513328,JRP141,RA,Monocytes
CHP,22967,17817,5.741342483134804,3.0009770899541244,JRP141,RA,Dendritic cells
COL1A1bis,24898,18777,5.136667836221177,2.8283684360767323,JRP141,RA,Dendritic cells
COL4A1,2177,1836,6.2995633129679325,3.8235603392162725,JRP141,RA,Dendritic cells
COL6A1,36712,28512,4.772176367737142,2.6094864599088456,JRP141,RA,Dendritic cells
FN,32332,25381,4.730662680103172,2.65621918821007,JRP141,RA,Dendritic cells
MFAP5,20800,15504,4.034383648026798,2.284208510500598,JRP141,RA,Dendritic cells
CHP,22967,11426,1.7414339440033175,0.9678346853333948,JRP141,RA,Neutrophils
COL1A1bis,24898,11758,1.7118648835712322,0.9610609977575111,JRP141,RA,Neutrophils
COL4A1,2177,1277,2.18819194066268,1.2116139576402871,JRP141,RA,Neutrophils
COL6A1,36712,17193,1.6922583878443271,0.9550841807961947,JRP141,RA,Neutrophils
FN,32332,15268,1.6421531765828516,0.9388482614655371,JRP141,RA,Neutrophils
MFAP5,20800,9485,1.45910709160959,0.8731127857111504,JRP141,RA,Neutrophils
CHP,22967,6164,2.3827805264184567,1.3482719124577334,JRP141,RA,Vascular cells
COL1A1bis,24898,7880,2.39653050960339,1.3445189771217694,JRP141,RA,Vascular cells
COL4A1,2177,1560,4.448121200395688,2.94258676278871,JRP141,RA,Vascular cells
COL6A1,36712,10847,2.3377395327996444,1.3284556585889633,JRP141,RA,Vascular cells
FN,32332,8263,2.1101591754762135,1.195558657762408,JRP141,RA,Vascular cells
MFAP5,20800,5445,1.8254533944461746,1.0602123436926099,JRP141,RA,Vascular cells
CHP,10212,3389,1.703802802205256,0.8119760536832701,JRP144,OA,CD4 T cells
COL1A1bis,5522,2572,1.7474480683141587,0.9137168863374827,JRP144,OA,CD4 T cells
COL4A1,1407,877,2.0687325674923662,1.3310878403183701,JRP144,OA,CD4 T cells
COL6A1,17798,5868,1.4353150227034546,0.7815672917018677,JRP144,OA,CD4 T cells
FN,15956,4886,1.315044766964951,0.7638992696899201,JRP144,OA,CD4 T cells
MFAP5,12045,4233,1.5661725338539525,0.8145046434416562,JRP144,OA,CD4 T cells
CHP,10212,1985,1.2826228873589496,0.7258165892253324,JRP144,OA,CD8 T cells
COL1A1bis,5522,1572,1.2074560235103369,0.7592848731544697,JRP144,OA,CD8 T cells
COL4A1,1407,415,1.2136070504959091,0.7608822000160156,JRP144,OA,CD8 T cells
COL6A1,17798,3203,1.0887646570894631,0.6851356799671094,JRP144,OA,CD8 T cells
FN,15956,2526,1.0230962231309826,0.6857226326360235,JRP144,OA,CD8 T cells
MFAP5,12045,2233,1.1129147552263408,0.6683284364766916,JRP144,OA,CD8 T cells
CHP,10212,502,2.3196042785003446,0.7756678596157129,JRP144,OA,T cells
COL1A1bis,5522,478,3.057901147885562,0.9296384431618407,JRP144,OA,T cells
COL4A1,1407,124,5.113605209238652,1.4263586744026675,JRP144,OA,T cells
COL6A1,17798,868,2.512766059962684,0.8107417129366599,JRP144,OA,T cells
FN,15956,793,2.500533608690488,0.8582538735663169,JRP144,OA,T cells
MFAP5,12045,662,3.219079226461592,0.9919566173329543,JRP144,OA,T cells
CHP,10212,352,11.322738232030186,0.8977338401203103,JRP144,OA,B cells
COL1A1bis,5522,215,2.261103638424409,0.707018186134641,JRP144,OA,B cells
COL4A1,1407,57,1.8571397538991001,0.6946572806907253,JRP144,OA,B cells
COL6A1,17798,495,4.058731820391954,0.7854039392049857,JRP144,OA,B cells
FN,15956,386,10.861988550070445,0.8698717478642718,JRP144,OA,B cells
MFAP5,12045,330,7.036995756146868,0.8713538473272048,JRP144,OA,B cells
CHP,10212,716,0.9200316087502558,0.6294695802978764,JRP144,OA,Plasma cells
COL1A1bis,5522,492,0.9961042568245113,0.693944523798372,JRP144,OA,Plasma cells
COL4A1,1407,115,1.1303796244672992,0.7413000163893785,JRP144,OA,Plasma cells
COL6A1,17798,1110,0.9528381634939884,0.642204110716883,JRP144,OA,Plasma cells
FN,15956,984,0.9622680152512496,0.6566311683560355,JRP144,OA,Plasma cells
MFAP5,12045,668,0.9769959568060351,0.6697948321606373,JRP144,OA,Plasma cells
CHP,10212,4367,2.528245631415319,1.457363995338755,JRP144,OA,Macrophages
COL1A1bis,5522,1241,1.4271039174200224,0.8308986023861953,JRP144,OA,Macrophages
COL4A1,1407,536,1.6418231575898112,1.0900335165530284,JRP144,OA,Macrophages
COL6A1,17798,8147,3.111742393758987,1.9339428081534848,JRP144,OA,Macrophages
FN,15956,7200,2.89128544173047,1.82653549533036,JRP144,OA,Macrophages
MFAP5,12045,5064,2.7730228375230257,1.5829052707816023,JRP144,OA,Macrophages
CHP,10212,967,1.7168419541166935,0.8752724761935133,JRP144,OA,MERTK+ Macrophages
COL1A1bis,5522,190,0.7535650144121689,0.5464461925320849,JRP144,OA,MERTK+ Macrophages
COL4A1,1407,91,0.8060191133769886,0.6326459684843694,JRP144,OA,MERTK+ Macrophages
COL6A1,17798,2260,2.106594714694843,1.0588430074713324,JRP144,OA,MERTK+ Macrophages
FN,15956,2193,2.305324368635987,1.130633015737347,JRP144,OA,MERTK+ Macrophages
MFAP5,12045,1252,1.7784284491902813,0.8877289635091268,JRP144,OA,MERTK+ Macrophages
CHP,10212,9387,3.9199091713589187,2.851621310512626,JRP144,OA,Monocytes
COL1A1bis,5522,5100,3.304333464475891,2.5296064037917265,JRP144,OA,Monocytes
COL4A1,1407,1305,4.2718406992592275,3.3071206630933783,JRP144,OA,Monocytes
COL6A1,17798,16343,4.056727494416317,2.7587132816209934,JRP144,OA,Monocytes
FN,15956,14719,4.533452466172839,2.9891136913908243,JRP144,OA,Monocytes
MFAP5,12045,10943,3.8672240601509413,2.710461897902939,JRP144,OA,Monocytes
CHP,10212,2277,1.0946488506853016,0.7074368077783592,JRP144,OA,Dendritic cells
COL1A1bis,5522,1473,1.0286407338369021,0.7122262742974883,JRP144,OA,Dendritic cells
COL4A1,1407,402,1.2130800539939572,0.7979059604448546,JRP144,OA,Dendritic cells
COL6A1,17798,3475,1.0069846968905458,0.6909436811379588,JRP144,OA,Dendritic cells
FN,15956,2809,0.9622785924087823,0.6749699352599091,JRP144,OA,Dendritic cells
MFAP5,12045,2383,1.0572607357379002,0.6804247838828013,JRP144,OA,Dendritic cells
CHP,10212,1599,1.295282151551819,0.7075799846211026,JRP144,OA,Neutrophils
COL1A1bis,5522,1047,1.578190588558085,0.7840194809592704,JRP144,OA,Neutrophils
COL4A1,1407,274,1.5842127580754288,0.8188647722753721,JRP144,OA,Neutrophils
COL6A1,17798,2676,1.3916697470920216,0.7031575975039319,JRP144,OA,Neutrophils
FN,15956,2661,1.4506667332287748,0.7312734910424652,JRP144,OA,Neutrophils
MFAP5,12045,1975,1.465426271478863,0.7240754379662128,JRP144,OA,Neutrophils
CHP,10212,5627,3.5669016158192055,2.3872650228569325,JRP144,OA,Vascular cells
COL1A1bis,5522,4054,4.6049834905061795,3.4945510866188334,JRP144,OA,Vascular cells
COL4A1,1407,1346,6.687498667340635,5.542923770051759,JRP144,OA,Vascular cells
COL6A1,17798,9509,3.20236813519415,2.2077948941410535,JRP144,OA,Vascular cells
FN,15956,8103,3.3037902616337402,2.2069345062126855,JRP144,OA,Vascular cells
MFAP5,12045,6741,3.2896868683893787,2.2474859398658262,JRP144,OA,Vascular cells
CHP,34118,7377,1.8866895203087082,0.8350032612495872,S00292623,OA,CD4 T cells
COL1A1bis,8441,3475,2.0948123491449646,1.0121421878477714,S00292623,OA,CD4 T cells
COL4A1,5171,1709,2.15598085358672,0.9729027759716619,S00292623,OA,CD4 T cells
COL6A1,35631,8511,1.9621623897584473,0.8711657989079323,S00292623,OA,CD4 T cells
FN,51408,10679,1.615776240726976,0.8168896647065751,S00292623,OA,CD4 T cells
MFAP5,34117,7696,1.780755891057835,0.8482591188164831,S00292623,OA,CD4 T cells
CHP,34118,7747,1.7355479804826706,0.8520398939756552,S00292623,OA,CD8 T cells
COL1A1bis,8441,3485,2.063238425427498,1.0966090669989021,S00292623,OA,CD8 T cells
COL4A1,5171,1678,2.0965119385139093,1.015113193943031,S00292623,OA,CD8 T cells
COL6A1,35631,8879,1.8172306888640348,0.8813220589922789,S00292623,OA,CD8 T cells
FN,51408,11366,1.5357667295290243,0.8248501441503446,S00292623,OA,CD8 T cells
MFAP5,34117,8111,1.7117354133449683,0.859036197767608,S00292623,OA,CD8 T cells
CHP,34118,2579,0.8448351884534775,0.608722350909384,S00292623,OA,T cells
COL1A1bis,8441,1095,0.9769080283446522,0.6866757345008483,S00292623,OA,T cells
COL4A1,5171,712,0.96094560024991,0.727209175163071,S00292623,OA,T cells
COL6A1,35631,2668,0.8621173112374264,0.6084424134503739,S00292623,OA,T cells
FN,51408,3634,0.7978681550385385,0.5843449986497142,S00292623,OA,T cells
MFAP5,34117,2586,0.8739371861223544,0.6209238524904137,S00292623,OA,T cells
CHP,34118,4443,4.209819732859699,1.0199396955655389,S00292623,OA,B cells
COL1A1bis,8441,2264,3.15675926364337,1.1982390204422084,S00292623,OA,B cells
COL4A1,5171,1017,3.804831927504375,1.17513778780908,S00292623,OA,B cells
COL6A1,35631,5227,3.904324241563744,1.109602354364746,S00292623,OA,B cells
FN,51408,6199,3.051369149999048,0.9463789869592352,S00292623,OA,B cells
MFAP5,34117,4632,3.424393787617781,1.0634001139740308,S00292623,OA,B cells
CHP,34118,5446,2.261536528085344,0.9992486892682322,S00292623,OA,Plasma cells
COL1A1bis,8441,2079,1.9756078774446801,0.9571959589476784,S00292623,OA,Plasma cells
COL4A1,5171,1094,2.2668736167188133,1.0412598435197156,S00292623,OA,Plasma cells
COL6A1,35631,5993,2.364480438815473,1.0084500460368908,S00292623,OA,Plasma cells
FN,51408,7192,2.013206980200187,0.9250434270118247,S00292623,OA,Plasma cells
MFAP5,34117,5177,2.2187289777866543,0.9496798065069653,S00292623,OA,Plasma cells
CHP,34118,11293,1.587489957001208,0.8870633600876938,S00292623,OA,Macrophages
COL1A1bis,8441,2047,1.6300693551051568,0.798978646744358,S00292623,OA,Macrophages
COL4A1,5171,1603,1.7555780194503987,0.8691741875331848,S00292623,OA,Macrophages
COL6A1,35631,13125,1.9628541147841554,1.0284367473354243,S00292623,OA,Macrophages
FN,51408,18113,1.6848903943727729,0.9420391032834661,S00292623,OA,Macrophages
MFAP5,34117,11456,1.5257837594153534,0.8622955640704687,S00292623,OA,Macrophages
CHP,34118,21,0.4848929592470651,0.45041411026317907,S00292623,OA,MERTK+ Macrophages
COL1A1bis,8441,8,0.6116412155217966,0.5782110079770909,S00292623,OA,MERTK+ Macrophages
COL4A1,5171,8,0.6165786386320272,0.5475653819508817,S00292623,OA,MERTK+ Macrophages
COL6A1,35631,20,0.5836617526587627,0.5670426268995872,S00292623,OA,MERTK+ Macrophages
FN,51408,22,0.5803610333035506,0.5358175301990555,S00292623,OA,MERTK+ Macrophages
MFAP5,34117,23,0.49251039583536715,0.45346746240844005,S00292623,OA,MERTK+ Macrophages
CHP,34118,32629,6.477210967903806,4.666954546035375,S00292623,OA,Monocytes
COL1A1bis,8441,8074,8.568719890443166,6.961993236424339,S00292623,OA,Monocytes
COL4A1,5171,4781,9.026506841564313,7.314767477241737,S00292623,OA,Monocytes
COL6A1,35631,34180,7.153068019184168,5.162810827277644,S00292623,OA,Monocytes
FN,51408,49605,6.7566464003813556,4.871135183794364,S00292623,OA,Monocytes
MFAP5,34117,32721,6.657987271474282,4.8211708306113765,S00292623,OA,Monocytes
CHP,34118,6418,1.4505871975090283,0.7165909609377121,S00292623,OA,Dendritic cells
COL1A1bis,8441,2258,1.5444396332409258,0.7300118564267766,S00292623,OA,Dendritic cells
COL4A1,5171,1297,1.354741448624157,0.75189035709135,S00292623,OA,Dendritic cells
COL6A1,35631,7663,1.5896907670600298,0.7387320581905128,S00292623,OA,Dendritic cells
FN,51408,9189,1.2510944785934095,0.6946966975352363,S00292623,OA,Dendritic cells
MFAP5,34117,6558,1.4458079595262525,0.7011024208543359,S00292623,OA,Dendritic cells
CHP,34118,8805,0.9487480234716558,0.6774641393515588,S00292623,OA,Neutrophils
COL1A1bis,8441,3158,1.4780690993716645,0.8817286269995621,S00292623,OA,Neutrophils
COL4A1,5171,2061,1.552797776075571,0.927782453258682,S00292623,OA,Neutrophils
COL6A1,35631,8820,0.9526859347410392,0.6653878875700485,S00292623,OA,Neutrophils
FN,51408,13498,0.9497657633997155,0.6859466251620479,S00292623,OA,Neutrophils
MFAP5,34117,9127,0.9607177619147038,0.6673806265552182,S00292623,OA,Neutrophils
CHP,34118,17628,2.9124346608820995,1.8941704618403397,S00292623,OA,Vascular cells
COL1A1bis,8441,6461,4.339279193100824,3.3867889492805867,S00292623,OA,Vascular cells
COL4A1,5171,4294,4.93952989189143,3.748327495210936,S00292623,OA,Vascular cells
COL6A1,35631,19204,2.755300938062423,1.864143466022749,S00292623,OA,Vascular cells
FN,51408,26212,2.7607768372580894,1.8557992699036037,S00292623,OA,Vascular cells
MFAP5,34117,18368,2.734100674285927,1.8772838153391616,S00292623,OA,Vascular cells
CHP,29190,2933,1.0112143086983547,0.6440147368289493,S00293087,OA,CD4 T cells
COL1A1bis,11649,1836,1.0118391710292536,0.7006979683655851,S00293087,OA,CD4 T cells
COL4A1,2751,471,1.113525649465446,0.7251591105518357,S00293087,OA,CD4 T cells
COL6A1,28311,3139,1.0037697189563177,0.6521152224391717,S00293087,OA,CD4 T cells
FN,13313,1136,0.8129862654382749,0.628122103237466,S00293087,OA,CD4 T cells
MFAP5,21520,2337,1.0550469737595067,0.6662296185998592,S00293087,OA,CD4 T cells
CHP,29190,3833,0.9931502999361351,0.6485448377464148,S00293087,OA,CD8 T cells
COL1A1bis,11649,2442,0.9686620499885018,0.6958683818094376,S00293087,OA,CD8 T cells
COL4A1,2751,574,1.037599170447367,0.7133917775059726,S00293087,OA,CD8 T cells
COL6A1,28311,3867,0.999516816698644,0.6690151631580589,S00293087,OA,CD8 T cells
FN,13313,1541,0.8692737775226497,0.6572071077408095,S00293087,OA,CD8 T cells
MFAP5,21520,2907,1.0347474179376623,0.6626523223279641,S00293087,OA,CD8 T cells
CHP,29190,1095,1.6895337313523324,0.6370137677678759,S00293087,OA,T cells
COL1A1bis,11649,336,1.273861762606069,0.6409012458598555,S00293087,OA,T cells
COL4A1,2751,135,1.7519490631450876,0.8144200971973558,S00293087,OA,T cells
COL6A1,28311,1061,1.4277749002582005,0.6712486492769146,S00293087,OA,T cells
FN,13313,642,1.2015087492918484,0.6727694536457454,S00293087,OA,T cells
MFAP5,21520,797,1.6020902194540783,0.6597707629744646,S00293087,OA,T cells
CHP,29190,846,0.9617818601136626,0.6223557703190314,S00293087,OA,B cells
COL1A1bis,11649,609,0.9048902113719726,0.6355546702849506,S00293087,OA,B cells
COL4A1,2751,135,1.0017391651591345,0.6385856108004938,S00293087,OA,B cells
COL6A1,28311,813,0.9343912957829842,0.6078143731667139,S00293087,OA,B cells
FN,13313,374,0.8355516522023893,0.5609337129665427,S00293087,OA,B cells
MFAP5,21520,670,1.1095438902544392,0.6301047329478819,S00293087,OA,B cells
CHP,29190,112,0.8381097910685985,0.6380967689951251,S00293087,OA,Plasma cells
COL1A1bis,11649,49,0.5981715363818962,0.4359600079292235,S00293087,OA,Plasma cells
COL4A1,2751,8,0.7439480007200916,0.5011699576260354,S00293087,OA,Plasma cells
COL6A1,28311,78,0.8896393421042933,0.6895966052334326,S00293087,OA,Plasma cells
FN,13313,62,0.8316007307792967,0.6038200625685668,S00293087,OA,Plasma cells
MFAP5,21520,61,0.8630960920755045,0.738118686658884,S00293087,OA,Plasma cells
CHP,29190,18454,2.5204318015140164,1.642166490926543,S00293087,OA,Macrophages
COL1A1bis,11649,5231,1.7629178536763968,0.9552573797735151,S00293087,OA,Macrophages
COL4A1,2751,1502,2.367774957433769,1.3478037305002966,S00293087,OA,Macrophages
COL6A1,28311,17355,2.805891131493523,1.6404677907175698,S00293087,OA,Macrophages
FN,13313,8650,3.525107006169433,2.245344192260464,S00293087,OA,Macrophages
MFAP5,21520,13305,2.8330116878980993,1.706745134667384,S00293087,OA,Macrophages
CHP,29190,117,0.8534542405040978,0.7312943646468285,S00293087,OA,MERTK+ Macrophages
COL1A1bis,11649,28,1.3441268775131447,0.9164311456063226,S00293087,OA,MERTK+ Macrophages
COL4A1,2751,18,1.2771738619684359,0.8435757732328862,S00293087,OA,MERTK+ Macrophages
COL6A1,28311,115,0.8305580298787902,0.6772450930688867,S00293087,OA,MERTK+ Macrophages
FN,13313,95,1.0288485887791106,0.7474928364913186,S00293087,OA,MERTK+ Macrophages
MFAP5,21520,84,0.9535990206003364,0.7300198279548067,S00293087,OA,MERTK+ Macrophages
CHP,29190,24501,2.7939065374857095,1.9884094865134951,S00293087,OA,Monocytes
COL1A1bis,11649,10100,2.6411355471892595,1.9828246198678845,S00293087,OA,Monocytes
COL4A1,2751,2193,3.048695068540704,2.1144084873886606,S00293087,OA,Monocytes
COL6A1,28311,22991,2.6470544371336717,1.8662320722385015,S00293087,OA,Monocytes
FN,13313,11828,3.5389585276923676,2.602725879109971,S00293087,OA,Monocytes
MFAP5,21520,17506,2.823834906238914,1.960946475966089,S00293087,OA,Monocytes
CHP,29190,3390,0.8473442076558635,0.6408872123777742,S00293087,OA,Dendritic cells
COL1A1bis,11649,1890,0.841818513793403,0.6340457334485444,S00293087,OA,Dendritic cells
COL4A1,2751,507,0.9347347158882234,0.7237647260133805,S00293087,OA,Dendritic cells
COL6A1,28311,3673,0.8568771651272686,0.634672682594069,S00293087,OA,Dendritic cells
FN,13313,1140,0.7206723525949243,0.5817304789355625,S00293087,OA,Dendritic cells
MFAP5,21520,2558,0.9077482808201907,0.6571428424307352,S00293087,OA,Dendritic cells
CHP,29190,4113,0.7850523858538078,0.6065675684927981,S00293087,OA,Neutrophils
COL1A1bis,11649,1774,0.7988872955976062,0.5934883125005435,S00293087,OA,Neutrophils
COL4A1,2751,579,1.1851622650187656,0.7881700453139359,S00293087,OA,Neutrophils
COL6A1,28311,3621,0.7501230774831127,0.5990480722287453,S00293087,OA,Neutrophils
FN,13313,2468,0.8709051997873241,0.6463604741950173,S00293087,OA,Neutrophils
MFAP5,21520,3014,0.7805884041267724,0.606889752009449,S00293087,OA,Neutrophils
CHP,29190,15925,3.2935077018696313,2.229401462932792,S00293087,OA,Vascular cells
COL1A1bis,11649,8097,4.337224650271891,3.169395917266913,S00293087,OA,Vascular cells
COL4A1,2751,2587,6.592800609500204,5.510469370088192,S00293087,OA,Vascular cells
COL6A1,28311,16232,3.4228525160279992,2.3450935040755816,S00293087,OA,Vascular cells
FN,13313,7232,3.3664010104497404,2.3010182516766364,S00293087,OA,Vascular cells
MFAP5,21520,12767,3.3760989118382976,2.3955783521929055,S00293087,OA,Vascular cells
