phenotype,n_cells,n_with_fiber,median_density,mean_density,imageid,pathology,fiber_type
B cells,433,403,0.0006366197723675814,0.0007380366194792407,JRP112,RA,CHP
CD4 T cells,11858,10891,0.0003819718634205488,0.0005209865675473124,JRP112,RA,CHP
CD8 T cells,2895,2704,0.0005092958178940651,0.0005928757066479451,JRP112,RA,CHP
Dendritic cells,567,483,0.0006366197723675814,0.0006561269620798799,JRP112,RA,CHP
MERTK+ Macrophages,2664,2539,0.0007639437268410976,0.0007493508671515375,JRP112,RA,CHP
Macrophages,4539,4091,0.0005092958178940651,0.0005286542876282443,JRP112,RA,CHP
Monocytes,7964,7374,0.0005092958178940651,0.0005588164446136264,JRP112,RA,CHP
Myeloid cells,850,798,0.0005092958178940651,0.0006382153106441918,JRP112,RA,CHP
Neutrophils,2405,2311,0.0006366197723675814,0.0007319887750476577,JRP112,RA,CHP
Non-immune cells,7078,5578,0.0003819718634205488,0.00045736645317064284,JRP112,RA,CHP
Other Immune cells,4790,4394,0.0003819718634205488,0.0005010084599105818,JRP112,RA,CHP
Plasma cells,822,804,0.0005092958178940651,0.00058895247100374,JRP112,RA,CHP
T cells,2516,2143,0.0003819718634205488,0.0004204126466890346,JRP112,RA,CHP
Vascular cells,4603,4270,0.0003819718634205488,0.0004872899447321319,JRP112,RA,CHP
B cells,433,421,0.0008912676813146139,0.0009744365351868633,JRP112,RA,COL1A1bis
CD4 T cells,11858,11700,0.0010185916357881302,0.0010911989370058482,JRP112,RA,COL1A1bis
CD8 T cells,2895,2874,0.0011459155902616464,0.0011336439356377202,JRP112,RA,COL1A1bis
Dendritic cells,567,543,0.0011459155902616464,0.0010755708640331843,JRP112,RA,COL1A1bis
MERTK+ Macrophages,2664,2623,0.0008912676813146139,0.0009792246029714997,JRP112,RA,COL1A1bis
Macrophages,4539,4379,0.0008912676813146139,0.0009319450533877927,JRP112,RA,COL1A1bis
Monocytes,7964,7785,0.0010185916357881302,0.0010079935725255949,JRP112,RA,COL1A1bis
Myeloid cells,850,826,0.0011459155902616464,0.0011795192489483615,JRP112,RA,COL1A1bis
Neutrophils,2405,2386,0.0010185916357881302,0.0010581335680030822,JRP112,RA,COL1A1bis
Non-immune cells,7078,6252,0.0010185916357881302,0.0010905830271931013,JRP112,RA,COL1A1bis
Other Immune cells,4790,4773,0.0011459155902616464,0.0011557856642518414,JRP112,RA,COL1A1bis
Plasma cells,822,812,0.0007639437268410976,0.0008106709909212797,JRP112,RA,COL1A1bis
T cells,2516,2422,0.0010185916357881302,0.0010193801821618308,JRP112,RA,COL1A1bis
Vascular cells,4603,4565,0.0010185916357881302,0.0010801757084009504,JRP112,RA,COL1A1bis
B cells,433,334,0.00025464790894703254,0.0003160226295166018,JRP112,RA,COL4A1
CD4 T cells,11858,7535,0.00025464790894703254,0.000368352340221391,JRP112,RA,COL4A1
CD8 T cells,2895,2178,0.0003819718634205488,0.0003592312673277124,JRP112,RA,COL4A1
Dendritic cells,567,341,0.00025464790894703254,0.0003289513310591432,JRP112,RA,COL4A1
MERTK+ Macrophages,2664,1686,0.00025464790894703254,0.00034753549139212447,JRP112,RA,COL4A1
Macrophages,4539,2028,0.0003819718634205488,0.00039666308893672377,JRP112,RA,COL4A1
Monocytes,7964,6049,0.0003819718634205488,0.00037159482431401163,JRP112,RA,COL4A1
Myeloid cells,850,576,0.0003819718634205488,0.00038816122231856697,JRP112,RA,COL4A1
Neutrophils,2405,1568,0.00025464790894703254,0.0003179038786759032,JRP112,RA,COL4A1
Non-immune cells,7078,3303,0.00025464790894703254,0.00028136165416354684,JRP112,RA,COL4A1
Other Immune cells,4790,4014,0.0005092958178940651,0.0004920718748748525,JRP112,RA,COL4A1
Plasma cells,822,705,0.0003819718634205488,0.0003772762282201071,JRP112,RA,COL4A1
T cells,2516,1650,0.00025464790894703254,0.00030056169859051267,JRP112,RA,COL4A1
Vascular cells,4603,4340,0.0003819718634205488,0.00041210128767038784,JRP112,RA,COL4A1
B cells,433,430,0.0015278874536821952,0.001514562853795432,JRP112,RA,COL6A1
CD4 T cells,11858,11786,0.001400563499208679,0.0014144453320186626,JRP112,RA,COL6A1
CD8 T cells,2895,2889,0.001400563499208679,0.001449483398642948,JRP112,RA,COL6A1
Dendritic cells,567,541,0.001400563499208679,0.0014412789227279364,JRP112,RA,COL6A1
MERTK+ Macrophages,2664,2645,0.001400563499208679,0.0014085543409639166,JRP112,RA,COL6A1
Macrophages,4539,4528,0.0012732395447351628,0.0012859775640320936,JRP112,RA,COL6A1
Monocytes,7964,7948,0.001400563499208679,0.0013499895530243696,JRP112,RA,COL6A1
Myeloid cells,850,833,0.0015278874536821952,0.0015156594628564072,JRP112,RA,COL6A1
Neutrophils,2405,2400,0.0015278874536821952,0.0015167466076657626,JRP112,RA,COL6A1
Non-immune cells,7078,6592,0.001400563499208679,0.0013103821364300308,JRP112,RA,COL6A1
Other Immune cells,4790,4756,0.001400563499208679,0.0013972438670903618,JRP112,RA,COL6A1
Plasma cells,822,821,0.001400563499208679,0.0013934296357424405,JRP112,RA,COL6A1
T cells,2516,2508,0.001400563499208679,0.0013175592465913748,JRP112,RA,COL6A1
Vascular cells,4603,4603,0.001400563499208679,0.001389333100443472,JRP112,RA,COL6A1
B cells,433,430,0.0017825353626292279,0.0017908262247809917,JRP112,RA,FN
CD4 T cells,11858,11784,0.0016552114081557115,0.0015745642598028328,JRP112,RA,FN
CD8 T cells,2895,2891,0.0017825353626292279,0.001774916184447312,JRP112,RA,FN
Dendritic cells,567,551,0.0017825353626292279,0.0016644545264477997,JRP112,RA,FN
MERTK+ Macrophages,2664,2662,0.0017825353626292279,0.001711603197158069,JRP112,RA,FN
Macrophages,4539,4501,0.0012732395447351628,0.001317934467656326,JRP112,RA,FN
Monocytes,7964,7889,0.0015278874536821952,0.0014607635689496113,JRP112,RA,FN
Myeloid cells,850,831,0.0016552114081557115,0.001719716083045423,JRP112,RA,FN
Neutrophils,2405,2400,0.0017825353626292279,0.0017534630596911082,JRP112,RA,FN
Non-immune cells,7078,6564,0.0010185916357881302,0.0010584725087920226,JRP112,RA,FN
Other Immune cells,4790,4770,0.0017825353626292279,0.0016912197969575506,JRP112,RA,FN
Plasma cells,822,821,0.0015278874536821952,0.0015375026609627776,JRP112,RA,FN
T cells,2516,2495,0.0012732395447351628,0.0013721388728993608,JRP112,RA,FN
Vascular cells,4603,4585,0.0015278874536821952,0.0014481329504656328,JRP112,RA,FN
B cells,433,278,0.0003819718634205488,0.0004460918404935426,JRP112,RA,MFAP5
CD4 T cells,11858,7421,0.0005092958178940651,0.0006302029607555216,JRP112,RA,MFAP5
CD8 T cells,2895,1774,0.0003819718634205488,0.0005115925295869357,JRP112,RA,MFAP5
Dendritic cells,567,282,0.0003819718634205488,0.0004939447028156979,JRP112,RA,MFAP5
MERTK+ Macrophages,2664,1538,0.0003819718634205488,0.00045300174179394086,JRP112,RA,MFAP5
Macrophages,4539,2412,0.0005092958178940651,0.0006415818170278263,JRP112,RA,MFAP5
Monocytes,7964,6401,0.0006366197723675814,0.0007316801033203909,JRP112,RA,MFAP5
Myeloid cells,850,561,0.0006366197723675814,0.0006234561549710324,JRP112,RA,MFAP5
Neutrophils,2405,1565,0.0003819718634205488,0.000444616876164707,JRP112,RA,MFAP5
Non-immune cells,7078,5293,0.0010185916357881302,0.001042839235657638,JRP112,RA,MFAP5
Other Immune cells,4790,3909,0.0006366197723675814,0.000718636072537526,JRP112,RA,MFAP5
Plasma cells,822,743,0.0008912676813146139,0.000905490949445572,JRP112,RA,MFAP5
T cells,2516,1876,0.0005092958178940651,0.000546420659630213,JRP112,RA,MFAP5
Vascular cells,4603,4336,0.0008912676813146139,0.0009309976883262992,JRP112,RA,MFAP5
B cells,3256,3239,0.0010185916357881302,0.001067335601069748,JRP122,RA,CHP
CD4 T cells,3216,3173,0.0008912676813146139,0.0009996114181814572,JRP122,RA,CHP
CD8 T cells,1424,1400,0.0007639437268410976,0.0007918640511435044,JRP122,RA,CHP
Dendritic cells,953,893,0.0006366197723675814,0.0007070543003742074,JRP122,RA,CHP
MERTK+ Macrophages,451,377,0.00025464790894703254,0.00035934399883241725,JRP122,RA,CHP
Macrophages,4757,4284,0.0003819718634205488,0.0005359256645813365,JRP122,RA,CHP
Monocytes,10119,9691,0.0006366197723675814,0.0006402459627952659,JRP122,RA,CHP
Myeloid cells,388,352,0.0003819718634205488,0.0004894014500075782,JRP122,RA,CHP
Neutrophils,384,346,0.0006366197723675814,0.0006712106732939124,JRP122,RA,CHP
Non-immune cells,34129,32445,0.0005092958178940651,0.0005866320228812615,JRP122,RA,CHP
Other Immune cells,362,358,0.0007002817496043395,0.0007418932095859077,JRP122,RA,CHP
Plasma cells,5695,5637,0.0008912676813146139,0.0009389040517216826,JRP122,RA,CHP
T cells,302,294,0.0003819718634205488,0.00046122452896018646,JRP122,RA,CHP
Vascular cells,4936,4859,0.0006366197723675814,0.0006441140409371277,JRP122,RA,CHP
B cells,3256,2129,0.0003819718634205488,0.0005463148539763134,JRP122,RA,COL1A1bis
CD4 T cells,3216,2112,0.0005092958178940651,0.0006097925187024701,JRP122,RA,COL1A1bis
CD8 T cells,1424,900,0.0005092958178940651,0.0006739681323464794,JRP122,RA,COL1A1bis
Dendritic cells,953,458,0.0003819718634205488,0.0004867778259456921,JRP122,RA,COL1A1bis
MERTK+ Macrophages,451,113,0.00012732395447351627,0.00020957748258472589,JRP122,RA,COL1A1bis
Macrophages,4757,1604,0.00025464790894703254,0.0003447431011711229,JRP122,RA,COL1A1bis
Monocytes,10119,6382,0.0005092958178940651,0.0005878009512148559,JRP122,RA,COL1A1bis
Myeloid cells,388,158,0.0003819718634205488,0.0005745694907570702,JRP122,RA,COL1A1bis
Neutrophils,384,172,0.0005092958178940651,0.0006847363830697823,JRP122,RA,COL1A1bis
Non-immune cells,34129,14787,0.0003819718634205488,0.0005429199500519796,JRP122,RA,COL1A1bis
Other Immune cells,362,250,0.0005092958178940651,0.0005576789205940012,JRP122,RA,COL1A1bis
Plasma cells,5695,3952,0.0006366197723675814,0.0007440332501547026,JRP122,RA,COL1A1bis
T cells,302,63,0.0003819718634205488,0.0005941784542097425,JRP122,RA,COL1A1bis
Vascular cells,4936,3526,0.0006366197723675814,0.0007192034036440793,JRP122,RA,COL1A1bis
B cells,3256,2058,0.00025464790894703254,0.0002331179108144846,JRP122,RA,COL4A1
CD4 T cells,3216,2165,0.00025464790894703254,0.00023318220761546973,JRP122,RA,COL4A1
CD8 T cells,1424,861,0.00025464790894703254,0.0002478454677091908,JRP122,RA,COL4A1
Dendritic cells,953,419,0.00025464790894703254,0.0002485703932203731,JRP122,RA,COL4A1
MERTK+ Macrophages,451,28,0.00012732395447351627,0.00015915494309189532,JRP122,RA,COL4A1
Macrophages,4757,915,0.00012732395447351627,0.00019147296323011846,JRP122,RA,COL4A1
Monocytes,10119,4780,0.00012732395447351627,0.0002228701939497721,JRP122,RA,COL4A1
Myeloid cells,388,94,0.00012732395447351627,0.00024110280740729677,JRP122,RA,COL4A1
Neutrophils,384,184,0.00012732395447351627,0.00023042867847652672,JRP122,RA,COL4A1
Non-immune cells,34129,12972,0.00012732395447351627,0.00023096361183443657,JRP122,RA,COL4A1
Other Immune cells,362,190,0.00012732395447351627,0.00023521425273791689,JRP122,RA,COL4A1
Plasma cells,5695,3373,0.00025464790894703254,0.00023935997489373456,JRP122,RA,COL4A1
T cells,302,38,0.0001909859317102744,0.0002345441266617405,JRP122,RA,COL4A1
Vascular cells,4936,4600,0.00025464790894703254,0.00028982807115047587,JRP122,RA,COL4A1
B cells,3256,3198,0.0010185916357881302,0.001016720395681734,JRP122,RA,COL6A1
CD4 T cells,3216,3191,0.0010185916357881302,0.001069904266766802,JRP122,RA,COL6A1
CD8 T cells,1424,1418,0.0011459155902616464,0.001177162935929336,JRP122,RA,COL6A1
Dendritic cells,953,876,0.0010185916357881302,0.001050567971386502,JRP122,RA,COL6A1
MERTK+ Macrophages,451,441,0.0006366197723675814,0.0006969615104287263,JRP122,RA,COL6A1
Macrophages,4757,4676,0.0008912676813146139,0.0009630984323627611,JRP122,RA,COL6A1
Monocytes,10119,10086,0.0011459155902616464,0.0011707592886955032,JRP122,RA,COL6A1
Myeloid cells,388,343,0.0008912676813146139,0.0008990630254660537,JRP122,RA,COL6A1
Neutrophils,384,360,0.0011459155902616464,0.0011193897664129972,JRP122,RA,COL6A1
Non-immune cells,34129,33506,0.0010185916357881302,0.001086346250133704,JRP122,RA,COL6A1
Other Immune cells,362,355,0.0010185916357881302,0.001066651945364049,JRP122,RA,COL6A1
Plasma cells,5695,5686,0.0012732395447351628,0.0012913998906862745,JRP122,RA,COL6A1
T cells,302,271,0.0011459155902616464,0.001094704110418055,JRP122,RA,COL6A1
Vascular cells,4936,4935,0.0010185916357881302,0.0010983916340022305,JRP122,RA,COL6A1
B cells,3256,2911,0.0008912676813146139,0.0010045514470605455,JRP122,RA,FN
CD4 T cells,3216,2930,0.0010185916357881302,0.001060482520468154,JRP122,RA,FN
CD8 T cells,1424,1313,0.0010185916357881302,0.001091029559620359,JRP122,RA,FN
Dendritic cells,953,846,0.0008912676813146139,0.0009579396811157579,JRP122,RA,FN
MERTK+ Macrophages,451,406,0.0005092958178940651,0.0006341109259740145,JRP122,RA,FN
Macrophages,4757,4547,0.0010185916357881302,0.0010142233628833868,JRP122,RA,FN
Monocytes,10119,9894,0.0012732395447351628,0.0012198597425160252,JRP122,RA,FN
Myeloid cells,388,309,0.0005092958178940651,0.0007322157511308687,JRP122,RA,FN
Neutrophils,384,353,0.0010185916357881302,0.0011148961565938776,JRP122,RA,FN
Non-immune cells,34129,32933,0.0010185916357881302,0.0011031366282402862,JRP122,RA,FN
Other Immune cells,362,324,0.0008912676813146139,0.0009431404035075278,JRP122,RA,FN
Plasma cells,5695,5279,0.0010185916357881302,0.0010859799913098208,JRP122,RA,FN
T cells,302,282,0.0010822536130248883,0.0008890101643913246,JRP122,RA,FN
Vascular cells,4936,4784,0.0011459155902616464,0.001133220455168865,JRP122,RA,FN
B cells,3256,2953,0.0005092958178940651,0.0006059206001409835,JRP122,RA,MFAP5
CD4 T cells,3216,3006,0.0006366197723675814,0.0006736394450920834,JRP122,RA,MFAP5
CD8 T cells,1424,1393,0.0007639437268410976,0.0008215274248441955,JRP122,RA,MFAP5
Dendritic cells,953,905,0.0007639437268410976,0.0007716816467262285,JRP122,RA,MFAP5
MERTK+ Macrophages,451,427,0.0003819718634205488,0.0005131721912152729,JRP122,RA,MFAP5
Macrophages,4757,4630,0.0007639437268410976,0.0008241407325306283,JRP122,RA,MFAP5
Monocytes,10119,10026,0.0008912676813146139,0.0008761046250966428,JRP122,RA,MFAP5
Myeloid cells,388,356,0.0007639437268410976,0.0007560753925758803,JRP122,RA,MFAP5
Neutrophils,384,353,0.0008912676813146139,0.0008757579644807295,JRP122,RA,MFAP5
Non-immune cells,34129,33697,0.0008912676813146139,0.0009182914793498867,JRP122,RA,MFAP5
Other Immune cells,362,349,0.0007639437268410976,0.0007949538590194611,JRP122,RA,MFAP5
Plasma cells,5695,5556,0.0008912676813146139,0.0008620720877222345,JRP122,RA,MFAP5
T cells,302,293,0.0010185916357881302,0.0011033294211885932,JRP122,RA,MFAP5
Vascular cells,4936,4917,0.0008912676813146139,0.0009234288266178694,JRP122,RA,MFAP5
B cells,7367,7276,0.0011459155902616464,0.0011912909357742671,JRP141,RA,CHP
CD4 T cells,19229,19018,0.0008912676813146139,0.0008951775135478947,JRP141,RA,CHP
CD8 T cells,9574,9500,0.0008912676813146139,0.0009267977658734867,JRP141,RA,CHP
Dendritic cells,29013,28392,0.0007639437268410976,0.0008351037898724359,JRP141,RA,CHP
MERTK+ Macrophages,3249,3159,0.0007639437268410976,0.0007676518002224093,JRP141,RA,CHP
Macrophages,17433,16880,0.0007639437268410976,0.0007751147444107231,JRP141,RA,CHP
Monocytes,33258,33069,0.0008912676813146139,0.0009622547613178864,JRP141,RA,CHP
Myeloid cells,6247,5991,0.0007639437268410976,0.0008319731006133771,JRP141,RA,CHP
Neutrophils,6360,6112,0.0007639437268410976,0.0007652352983688067,JRP141,RA,CHP
Non-immune cells,75694,74249,0.0007639437268410976,0.0007491190748400801,JRP141,RA,CHP
Other Immune cells,5742,5700,0.0007639437268410976,0.0007865269756082424,JRP141,RA,CHP
Plasma cells,6501,6493,0.0010185916357881302,0.0010424562981313104,JRP141,RA,CHP
T cells,3482,3355,0.0006366197723675814,0.0006914203059770471,JRP141,RA,CHP
Vascular cells,4539,4491,0.0007639437268410976,0.0007784593947748408,JRP141,RA,CHP
B cells,7367,5863,0.0006366197723675814,0.0007397080909563212,JRP141,RA,COL1A1bis
CD4 T cells,19229,18102,0.0010185916357881302,0.0009843797412704425,JRP141,RA,COL1A1bis
CD8 T cells,9574,8773,0.0008912676813146139,0.0009643414429439487,JRP141,RA,COL1A1bis
Dendritic cells,29013,25238,0.0008912676813146139,0.0008906774244530004,JRP141,RA,COL1A1bis
MERTK+ Macrophages,3249,2584,0.0007639437268410976,0.0008642655423628001,JRP141,RA,COL1A1bis
Macrophages,17433,13923,0.0006366197723675814,0.00079419494004216,JRP141,RA,COL1A1bis
Monocytes,33258,29544,0.0010185916357881302,0.0010273919172339371,JRP141,RA,COL1A1bis
Myeloid cells,6247,4745,0.0003819718634205488,0.0005842948595702459,JRP141,RA,COL1A1bis
Neutrophils,6360,5408,0.0008912676813146139,0.0008730919984644744,JRP141,RA,COL1A1bis
Non-immune cells,75694,67142,0.0008912676813146139,0.0009580851656891386,JRP141,RA,COL1A1bis
Other Immune cells,5742,5396,0.0010185916357881302,0.00096991311131095,JRP141,RA,COL1A1bis
Plasma cells,6501,5620,0.0008912676813146139,0.0009252056321689425,JRP141,RA,COL1A1bis
T cells,3482,2847,0.0006366197723675814,0.0007714123255053327,JRP141,RA,COL1A1bis
Vascular cells,4539,4495,0.0010185916357881302,0.0010074879672333763,JRP141,RA,COL1A1bis
B cells,7367,3032,0.00012732395447351627,0.0002133684078759684,JRP141,RA,COL4A1
CD4 T cells,19229,11550,0.00025464790894703254,0.00024835336539687,JRP141,RA,COL4A1
CD8 T cells,9574,5646,0.00025464790894703254,0.00025388116887404286,JRP141,RA,COL4A1
Dendritic cells,29013,11924,0.00012732395447351627,0.0002265755610511189,JRP141,RA,COL4A1
MERTK+ Macrophages,3249,564,0.00012732395447351627,0.00019730697909548444,JRP141,RA,COL4A1
Macrophages,17433,4409,0.00012732395447351627,0.00020535283290115086,JRP141,RA,COL4A1
Monocytes,33258,15589,0.00012732395447351627,0.0002235867120220994,JRP141,RA,COL4A1
Myeloid cells,6247,2670,0.00012732395447351627,0.0002219824000277971,JRP141,RA,COL4A1
Neutrophils,6360,2593,0.00012732395447351627,0.00023446659568493645,JRP141,RA,COL4A1
Non-immune cells,75694,26790,0.00012732395447351627,0.00023206323437972574,JRP141,RA,COL4A1
Other Immune cells,5742,2324,0.00025464790894703254,0.00025037455763509867,JRP141,RA,COL4A1
Plasma cells,6501,3570,0.00012732395447351627,0.0002137045196653528,JRP141,RA,COL4A1
T cells,3482,1295,0.00025464790894703254,0.00030085814725016197,JRP141,RA,COL4A1
Vascular cells,4539,4344,0.00025464790894703254,0.0003163460959099128,JRP141,RA,COL4A1
B cells,7367,7005,0.0010185916357881302,0.0010471645489119514,JRP141,RA,COL6A1
CD4 T cells,19229,18666,0.0012732395447351628,0.0012762067535745487,JRP141,RA,COL6A1
CD8 T cells,9574,9291,0.001400563499208679,0.0013320160425004098,JRP141,RA,COL6A1
Dendritic cells,29013,27528,0.0011459155902616464,0.0011575110986118756,JRP141,RA,COL6A1
MERTK+ Macrophages,3249,3151,0.0011459155902616464,0.0011213074378419792,JRP141,RA,COL6A1
Macrophages,17433,16953,0.0011459155902616464,0.0011489948577266464,JRP141,RA,COL6A1
Monocytes,33258,33166,0.0015278874536821952,0.0015170423058986915,JRP141,RA,COL6A1
Myeloid cells,6247,5973,0.0012732395447351628,0.0012530740565496702,JRP141,RA,COL6A1
Neutrophils,6360,6046,0.0011459155902616464,0.001132227106899459,JRP141,RA,COL6A1
Non-immune cells,75694,72654,0.0012732395447351628,0.001217174524894318,JRP141,RA,COL6A1
Other Immune cells,5742,5074,0.0007639437268410976,0.0008936766485257801,JRP141,RA,COL6A1
Plasma cells,6501,6029,0.0015278874536821952,0.0014550072136941203,JRP141,RA,COL6A1
T cells,3482,3301,0.0008912676813146139,0.0009887759990695516,JRP141,RA,COL6A1
Vascular cells,4539,4515,0.001400563499208679,0.0013573889755544256,JRP141,RA,COL6A1
B cells,7367,6169,0.0007639437268410976,0.0008440242817701368,JRP141,RA,FN
CD4 T cells,19229,18365,0.0008912676813146139,0.0009590721068387626,JRP141,RA,FN
CD8 T cells,9574,9295,0.0010185916357881302,0.001050165784799583,JRP141,RA,FN
Dendritic cells,29013,28046,0.0010185916357881302,0.0010093076920208073,JRP141,RA,FN
MERTK+ Macrophages,3249,3167,0.0008912676813146139,0.0009451401470533293,JRP141,RA,FN
Macrophages,17433,17146,0.0010185916357881302,0.0010647731167674139,JRP141,RA,FN
Monocytes,33258,32958,0.0012732395447351628,0.00129130395432064,JRP141,RA,FN
Myeloid cells,6247,6010,0.0010185916357881302,0.0010563439297767833,JRP141,RA,FN
Neutrophils,6360,6168,0.0008912676813146139,0.0009637853616105709,JRP141,RA,FN
Non-immune cells,75694,73778,0.0011459155902616464,0.0011257585815564678,JRP141,RA,FN
Other Immune cells,5742,5507,0.0007639437268410976,0.0008705055765175887,JRP141,RA,FN
Plasma cells,6501,6363,0.0011459155902616464,0.0011594223746824578,JRP141,RA,FN
T cells,3482,3405,0.0008912676813146139,0.0009025978305673232,JRP141,RA,FN
Vascular cells,4539,4452,0.0008912676813146139,0.0009663979662207073,JRP141,RA,FN
B cells,7367,4384,0.0005092958178940651,0.000548939339302904,JRP141,RA,MFAP5
CD4 T cells,19229,14193,0.0005092958178940651,0.0006772489691413822,JRP141,RA,MFAP5
CD8 T cells,9574,7569,0.0006366197723675814,0.0007419576773633745,JRP141,RA,MFAP5
Dendritic cells,29013,21608,0.0005092958178940651,0.0006912486312126374,JRP141,RA,MFAP5
MERTK+ Macrophages,3249,2886,0.0006366197723675814,0.0007020905791723972,JRP141,RA,MFAP5
Macrophages,17433,15320,0.0006366197723675814,0.0007739418154332413,JRP141,RA,MFAP5
Monocytes,33258,29639,0.0008912676813146139,0.0010028989873960875,JRP141,RA,MFAP5
Myeloid cells,6247,5699,0.0007639437268410976,0.0008901952914541596,JRP141,RA,MFAP5
Neutrophils,6360,4902,0.0006366197723675814,0.0006833727544264001,JRP141,RA,MFAP5
Non-immune cells,75694,60987,0.0006366197723675814,0.0007826893904615037,JRP141,RA,MFAP5
Other Immune cells,5742,3802,0.0003819718634205488,0.0005383639905618746,JRP141,RA,MFAP5
Plasma cells,6501,5899,0.0008912676813146139,0.0009862372354226784,JRP141,RA,MFAP5
T cells,3482,2935,0.0005092958178940651,0.0006669432627174921,JRP141,RA,MFAP5
Vascular cells,4539,3830,0.0006366197723675814,0.0006771772722259861,JRP141,RA,MFAP5
B cells,1651,1646,0.0005092958178940651,0.0005737313306987061,JRP144,OA,CHP
CD4 T cells,1760,1690,0.0007639437268410976,0.0007955863664143976,JRP144,OA,CHP
CD8 T cells,662,653,0.0008912676813146139,0.0009014068017321067,JRP144,OA,CHP
Dendritic cells,710,676,0.0007639437268410976,0.0008592483436511557,JRP144,OA,CHP
MERTK+ Macrophages,1389,1184,0.00025464790894703254,0.00033669873433832726,JRP144,OA,CHP
Macrophages,6912,6225,0.0003819718634205488,0.00042386093310115306,JRP144,OA,CHP
Monocytes,13090,12658,0.0006366197723675814,0.000671745009294546,JRP144,OA,CHP
Myeloid cells,133,112,0.0005092958178940651,0.000616156993970052,JRP144,OA,CHP
Neutrophils,1037,964,0.0005092958178940651,0.0005194658847970326,JRP144,OA,CHP
Non-immune cells,26470,25755,0.0006366197723675814,0.0007052970923266607,JRP144,OA,CHP
Other Immune cells,158,148,0.0007639437268410976,0.000824164516119112,JRP144,OA,CHP
Plasma cells,193,192,0.0007639437268410976,0.0008136796465573149,JRP144,OA,CHP
T cells,641,606,0.0003819718634205488,0.0004452136295864373,JRP144,OA,CHP
Vascular cells,6556,6519,0.0006366197723675814,0.0007302523905215984,JRP144,OA,CHP
B cells,1651,348,0.00012732395447351627,0.00034721388734300845,JRP144,OA,COL1A1bis
CD4 T cells,1760,1548,0.0006366197723675814,0.0006641737289235426,JRP144,OA,COL1A1bis
CD8 T cells,662,589,0.0006366197723675814,0.0007449207930657675,JRP144,OA,COL1A1bis
Dendritic cells,710,577,0.0005092958178940651,0.0006010926377571201,JRP144,OA,COL1A1bis
MERTK+ Macrophages,1389,195,0.00012732395447351627,0.000215471307570566,JRP144,OA,COL1A1bis
Macrophages,6912,2057,0.00012732395447351627,0.00023292175045398238,JRP144,OA,COL1A1bis
Monocytes,13090,8044,0.0003819718634205488,0.0004943537725157708,JRP144,OA,COL1A1bis
Myeloid cells,133,74,0.00025464790894703254,0.00044563384065730697,JRP144,OA,COL1A1bis
Neutrophils,1037,729,0.0005092958178940651,0.000520473778231932,JRP144,OA,COL1A1bis
Non-immune cells,26470,16581,0.0003819718634205488,0.00047309745100496576,JRP144,OA,COL1A1bis
Other Immune cells,158,120,0.0005092958178940651,0.000616460146242608,JRP144,OA,COL1A1bis
Plasma cells,193,158,0.0007639437268410976,0.000701087597417463,JRP144,OA,COL1A1bis
T cells,641,493,0.0006366197723675814,0.0006843985382450671,JRP144,OA,COL1A1bis
Vascular cells,6556,6476,0.0006366197723675814,0.0006527417060717635,JRP144,OA,COL1A1bis
B cells,1651,115,0.00025464790894703254,0.00023471894215987347,JRP144,OA,COL4A1
CD4 T cells,1760,1248,0.00025464790894703254,0.0003082096686414204,JRP144,OA,COL4A1
CD8 T cells,662,421,0.00025464790894703254,0.00027793518803126237,JRP144,OA,COL4A1
Dendritic cells,710,417,0.00025464790894703254,0.0002522052431537756,JRP144,OA,COL4A1
MERTK+ Macrophages,1389,121,0.00012732395447351627,0.00017362357428206765,JRP144,OA,COL4A1
Macrophages,6912,1264,0.00012732395447351627,0.00018977715999058913,JRP144,OA,COL4A1
Monocytes,13090,5354,0.00025464790894703254,0.00024404154292252968,JRP144,OA,COL4A1
Myeloid cells,133,42,0.0001909859317102744,0.0002213011589658735,JRP144,OA,COL4A1
Neutrophils,1037,398,0.00025464790894703254,0.00023929225614620646,JRP144,OA,COL4A1
Non-immune cells,26470,10303,0.00012732395447351627,0.00022679309060448128,JRP144,OA,COL4A1
Other Immune cells,158,87,0.00025464790894703254,0.00026050188386535515,JRP144,OA,COL4A1
Plasma cells,193,106,0.00025464790894703254,0.0002582514170925094,JRP144,OA,COL4A1
T cells,641,398,0.0003819718634205488,0.0003531800144189999,JRP144,OA,COL4A1
Vascular cells,6556,6113,0.00025464790894703254,0.0002819747580013845,JRP144,OA,COL4A1
B cells,1651,906,0.0005092958178940651,0.0005743631367916787,JRP144,OA,COL6A1
CD4 T cells,1760,1672,0.0012732395447351628,0.0011937382238796897,JRP144,OA,COL6A1
CD8 T cells,662,654,0.0012732395447351628,0.0012631159275598984,JRP144,OA,COL6A1
Dendritic cells,710,671,0.0012732395447351628,0.0012242833893638255,JRP144,OA,COL6A1
MERTK+ Macrophages,1389,1279,0.0008912676813146139,0.0008498550424866368,JRP144,OA,COL6A1
Macrophages,6912,6538,0.0008912676813146139,0.0008867496089013598,JRP144,OA,COL6A1
Monocytes,13090,13019,0.0011459155902616464,0.001168272342694741,JRP144,OA,COL6A1
Myeloid cells,133,115,0.0011459155902616464,0.0010972003381152576,JRP144,OA,COL6A1
Neutrophils,1037,990,0.0007639437268410976,0.0008903674109294476,JRP144,OA,COL6A1
Non-immune cells,26470,25762,0.0011459155902616464,0.0012050553480145421,JRP144,OA,COL6A1
Other Immune cells,158,135,0.0011459155902616464,0.001210992278103666,JRP144,OA,COL6A1
Plasma cells,193,192,0.0012732395447351628,0.0012705869623502977,JRP144,OA,COL6A1
T cells,641,501,0.0010185916357881302,0.0010346024324584526,JRP144,OA,COL6A1
Vascular cells,6556,6476,0.0011459155902616464,0.001147154226631602,JRP144,OA,COL6A1
B cells,1651,1590,0.0006366197723675814,0.0006484713102682608,JRP144,OA,FN
CD4 T cells,1760,1552,0.0010185916357881302,0.000986760647169751,JRP144,OA,FN
CD8 T cells,662,568,0.0011459155902616464,0.0010705971946575947,JRP144,OA,FN
Dendritic cells,710,619,0.0010185916357881302,0.0010262022760393742,JRP144,OA,FN
MERTK+ Macrophages,1389,1324,0.0008912676813146139,0.0008702072991169553,JRP144,OA,FN
Macrophages,6912,6096,0.0007639437268410976,0.000784224494523805,JRP144,OA,FN
Monocytes,13090,12797,0.0011459155902616464,0.001200618028465553,JRP144,OA,FN
Myeloid cells,133,105,0.0010185916357881302,0.0010804346993895523,JRP144,OA,FN
Neutrophils,1037,958,0.0008912676813146139,0.0009380505956931919,JRP144,OA,FN
Non-immune cells,26470,24101,0.0010185916357881302,0.0010754729692521504,JRP144,OA,FN
Other Immune cells,158,112,0.0010822536130248883,0.0010708854028040385,JRP144,OA,FN
Plasma cells,193,180,0.0012732395447351628,0.0011961378167484223,JRP144,OA,FN
T cells,641,604,0.0006366197723675814,0.000767316546827151,JRP144,OA,FN
Vascular cells,6556,6277,0.0010185916357881302,0.0010357115047662483,JRP144,OA,FN
B cells,1651,1216,0.0003819718634205488,0.0004719153477073502,JRP144,OA,MFAP5
CD4 T cells,1760,1729,0.0008912676813146139,0.000899736307552008,JRP144,OA,MFAP5
CD8 T cells,662,653,0.0008912676813146139,0.000894777376843746,JRP144,OA,MFAP5
Dendritic cells,710,674,0.0008912676813146139,0.0008731325186596324,JRP144,OA,MFAP5
MERTK+ Macrophages,1389,1335,0.0003819718634205488,0.00039932988567836146,JRP144,OA,MFAP5
Macrophages,6912,6637,0.0003819718634205488,0.0004998764926497535,JRP144,OA,MFAP5
Monocytes,13090,12858,0.0006366197723675814,0.0007629039838624291,JRP144,OA,MFAP5
Myeloid cells,133,112,0.0006366197723675814,0.0007332495592448035,JRP144,OA,MFAP5
Neutrophils,1037,984,0.0006366197723675814,0.0006848838323458554,JRP144,OA,MFAP5
Non-immune cells,26470,25884,0.0007639437268410976,0.0008028777826152392,JRP144,OA,MFAP5
Other Immune cells,158,148,0.0007639437268410976,0.0008121203582635092,JRP144,OA,MFAP5
Plasma cells,193,189,0.0007639437268410976,0.0007915642672295324,JRP144,OA,MFAP5
T cells,641,636,0.0007639437268410976,0.000778557954319976,JRP144,OA,MFAP5
Vascular cells,6556,6517,0.0007639437268410976,0.0008249779502222952,JRP144,OA,MFAP5
B cells,4111,4103,0.0010185916357881302,0.0010614467128361258,S00292623,OA,CHP
CD4 T cells,3565,3532,0.0008912676813146139,0.0009219090633368362,S00292623,OA,CHP
CD8 T cells,3363,3349,0.0008912676813146139,0.0009355972516090661,S00292623,OA,CHP
Dendritic cells,2508,2399,0.0008912676813146139,0.0009029439089028481,S00292623,OA,CHP
MERTK+ Macrophages,4,4,0.0005729577951308232,0.0006684507609859605,S00292623,OA,CHP
Macrophages,7047,6851,0.0006366197723675814,0.0006285725862214665,S00292623,OA,CHP
Monocytes,61147,60535,0.0007639437268410976,0.0008137543469755951,S00292623,OA,CHP
Myeloid cells,761,737,0.0007639437268410976,0.000805924352264523,S00292623,OA,CHP
Neutrophils,2928,2805,0.0006366197723675814,0.000704117355362989,S00292623,OA,CHP
Non-immune cells,59069,58021,0.0007639437268410976,0.0008334264722349195,S00292623,OA,CHP
Other Immune cells,340,337,0.0008912676813146139,0.0008806888364325413,S00292623,OA,CHP
Plasma cells,2824,2819,0.0010185916357881302,0.0010147976619762197,S00292623,OA,CHP
T cells,662,648,0.0007639437268410976,0.0007871292617606577,S00292623,OA,CHP
Vascular cells,14188,14132,0.0007639437268410976,0.0008590492790221363,S00292623,OA,CHP
B cells,4111,3294,0.0003819718634205488,0.0005073631531327792,S00292623,OA,COL1A1bis
CD4 T cells,3565,3098,0.0005092958178940651,0.000538763627886806,S00292623,OA,COL1A1bis
CD8 T cells,3363,2959,0.0005092958178940651,0.0005570584368415484,S00292623,OA,COL1A1bis
Dendritic cells,2508,1809,0.0003819718634205488,0.0004489066786247025,S00292623,OA,COL1A1bis
MERTK+ Macrophages,4,2,0.0005092958178940651,0.0005092958178940651,S00292623,OA,COL1A1bis
Macrophages,7047,2767,0.00025464790894703254,0.0002791739905279448,S00292623,OA,COL1A1bis
Monocytes,61147,38737,0.00025464790894703254,0.00040903276429517666,S00292623,OA,COL1A1bis
Myeloid cells,761,494,0.00031830988618379065,0.00042140620559554475,S00292623,OA,COL1A1bis
Neutrophils,2928,2101,0.0003819718634205488,0.000493842410759012,S00292623,OA,COL1A1bis
Non-immune cells,59069,27376,0.00025464790894703254,0.00033467187010539467,S00292623,OA,COL1A1bis
Other Immune cells,340,286,0.0003819718634205488,0.0005092958178940651,S00292623,OA,COL1A1bis
Plasma cells,2824,2317,0.0003819718634205488,0.0004189546089365939,S00292623,OA,COL1A1bis
T cells,662,502,0.0003819718634205488,0.0004803816130933064,S00292623,OA,COL1A1bis
Vascular cells,14188,12668,0.0003819718634205488,0.0004712534143826774,S00292623,OA,COL1A1bis
B cells,4111,3235,0.00025464790894703254,0.0002823167621139203,S00292623,OA,COL4A1
CD4 T cells,3565,2805,0.00025464790894703254,0.0002991772491746687,S00292623,OA,COL4A1
CD8 T cells,3363,2809,0.00025464790894703254,0.0002860142943139507,S00292623,OA,COL4A1
Dendritic cells,2508,1618,0.00025464790894703254,0.0002533101418110314,S00292623,OA,COL4A1
MERTK+ Macrophages,4,3,0.0003819718634205488,0.00033953054526271003,S00292623,OA,COL4A1
Macrophages,7047,3038,0.00012732395447351627,0.00021759906900148008,S00292623,OA,COL4A1
Monocytes,61147,39000,0.00025464790894703254,0.00024932642059339585,S00292623,OA,COL4A1
Myeloid cells,761,518,0.00025464790894703254,0.0003935244229963312,S00292623,OA,COL4A1
Neutrophils,2928,2165,0.00025464790894703254,0.0003116937453624186,S00292623,OA,COL4A1
Non-immune cells,59069,28815,0.00012732395447351627,0.00021988181927853955,S00292623,OA,COL4A1
Other Immune cells,340,272,0.00025464790894703254,0.00027852115041081683,S00292623,OA,COL4A1
Plasma cells,2824,2278,0.00025464790894703254,0.00025900755269107743,S00292623,OA,COL4A1
T cells,662,476,0.00025464790894703254,0.0003204497845783035,S00292623,OA,COL4A1
Vascular cells,14188,13576,0.00025464790894703254,0.000310807001418115,S00292623,OA,COL4A1
B cells,4111,4104,0.0011459155902616464,0.0011606211347110732,S00292623,OA,COL6A1
CD4 T cells,3565,3522,0.0011459155902616464,0.0011108852348145036,S00292623,OA,COL6A1
CD8 T cells,3363,3340,0.0011459155902616464,0.0011260545782015561,S00292623,OA,COL6A1
Dendritic cells,2508,2409,0.0011459155902616464,0.0011766234431255373,S00292623,OA,COL6A1
MERTK+ Macrophages,4,3,0.0010185916357881302,0.0008488263631567751,S00292623,OA,COL6A1
Macrophages,7047,6927,0.0008912676813146139,0.0008749087496730043,S00292623,OA,COL6A1
Monocytes,61147,59937,0.0008912676813146139,0.0009521606381690334,S00292623,OA,COL6A1
Myeloid cells,761,731,0.0006366197723675814,0.0007540155935921367,S00292623,OA,COL6A1
Neutrophils,2928,2728,0.0006366197723675814,0.0007441077002094097,S00292623,OA,COL6A1
Non-immune cells,59069,57388,0.0008912676813146139,0.0009083246716608952,S00292623,OA,COL6A1
Other Immune cells,340,336,0.0010185916357881302,0.0010845272550690584,S00292623,OA,COL6A1
Plasma cells,2824,2816,0.0011459155902616464,0.0011555010584251356,S00292623,OA,COL6A1
T cells,662,648,0.0007639437268410976,0.0008327143812635216,S00292623,OA,COL6A1
Vascular cells,14188,13998,0.0008912676813146139,0.0009131796263300947,S00292623,OA,COL6A1
B cells,4111,4032,0.0011459155902616464,0.0011189792477105777,S00292623,OA,FN
CD4 T cells,3565,3537,0.0011459155902616464,0.001155454987472696,S00292623,OA,FN
CD8 T cells,3363,3344,0.0012732395447351628,0.0012376010215930542,S00292623,OA,FN
Dendritic cells,2508,2416,0.0011459155902616464,0.0011291041906436614,S00292623,OA,FN
MERTK+ Macrophages,4,4,0.0007002817496043395,0.0007002817496043395,S00292623,OA,FN
Macrophages,7047,6927,0.0010185916357881302,0.0010393619647263536,S00292623,OA,FN
Monocytes,61147,60903,0.0012732395447351628,0.001283682103436626,S00292623,OA,FN
Myeloid cells,761,744,0.0012732395447351628,0.0011993095066537662,S00292623,OA,FN
Neutrophils,2928,2836,0.0010185916357881302,0.0010827923603639864,S00292623,OA,FN
Non-immune cells,59069,58490,0.0012732395447351628,0.0012775823604160427,S00292623,OA,FN
Other Immune cells,340,332,0.0011459155902616464,0.0011685424375927835,S00292623,OA,FN
Plasma cells,2824,2815,0.0012732395447351628,0.0012179678316386665,S00292623,OA,FN
T cells,662,657,0.0010185916357881302,0.001043978908293504,S00292623,OA,FN
Vascular cells,14188,14142,0.0012732395447351628,0.001228304326464952,S00292623,OA,FN
B cells,4111,4065,0.0008912676813146139,0.00091172095124603,S00292623,OA,MFAP5
CD4 T cells,3565,3537,0.0008912676813146139,0.0009084745940198276,S00292623,OA,MFAP5
CD8 T cells,3363,3352,0.0008912676813146139,0.000964463761347569,S00292623,OA,MFAP5
Dendritic cells,2508,2409,0.0008912676813146139,0.0009245124996474664,S00292623,OA,MFAP5
MERTK+ Macrophages,4,3,0.0012732395447351628,0.0009761503176302914,S00292623,OA,MFAP5
Macrophages,7047,6769,0.0005092958178940651,0.0006243745523406558,S00292623,OA,MFAP5
Monocytes,61147,60297,0.0007639437268410976,0.0008462501947825991,S00292623,OA,MFAP5
Myeloid cells,761,727,0.0006366197723675814,0.0007550117850554727,S00292623,OA,MFAP5
Neutrophils,2928,2751,0.0007639437268410976,0.0007690811164981534,S00292623,OA,MFAP5
Non-immune cells,59069,57837,0.0007639437268410976,0.000837449386537671,S00292623,OA,MFAP5
Other Immune cells,340,335,0.0008912676813146139,0.0009391566910568916,S00292623,OA,MFAP5
Plasma cells,2824,2805,0.0008912676813146139,0.0009461917401071111,S00292623,OA,MFAP5
T cells,662,609,0.0007639437268410976,0.0008659701468461485,S00292623,OA,MFAP5
Vascular cells,14188,14100,0.0008912676813146139,0.0008673650921308269,S00292623,OA,MFAP5
B cells,174,174,0.0010185916357881302,0.0010983520440502755,S00293087,OA,CHP
CD4 T cells,658,640,0.0010185916357881302,0.0010822536130248883,S00293087,OA,CHP
CD8 T cells,758,752,0.0011459155902616464,0.0011906144253427745,S00293087,OA,CHP
Dendritic cells,677,621,0.0010185916357881302,0.0010866617692586735,S00293087,OA,CHP
MERTK+ Macrophages,28,25,0.0008912676813146139,0.000875988806777792,S00293087,OA,CHP
Macrophages,13582,12881,0.0007639437268410976,0.0008435743282880852,S00293087,OA,CHP
Monocytes,14623,14386,0.0010185916357881302,0.0010956356385471986,S00293087,OA,CHP
Myeloid cells,589,551,0.0008912676813146139,0.0009471885469817482,S00293087,OA,CHP
Neutrophils,807,783,0.0008912676813146139,0.0009694832906399796,S00293087,OA,CHP
Non-immune cells,41462,40823,0.0010185916357881302,0.0010953390710018531,S00293087,OA,CHP
Other Immune cells,353,353,0.0008912676813146139,0.0009630452080574744,S00293087,OA,CHP
Plasma cells,14,14,0.0014642254764454371,0.0016461168399790318,S00293087,OA,CHP
T cells,455,452,0.0008912676813146139,0.0009419719109722088,S00293087,OA,CHP
Vascular cells,12285,12230,0.0010185916357881302,0.0010363003885730403,S00293087,OA,CHP
B cells,174,161,0.0007639437268410976,0.0007758062070715494,S00293087,OA,COL1A1bis
CD4 T cells,658,583,0.0006366197723675814,0.0007320581396144537,S00293087,OA,COL1A1bis
CD8 T cells,758,704,0.0006366197723675814,0.0007746143423438497,S00293087,OA,COL1A1bis
Dendritic cells,677,555,0.0005092958178940651,0.0006646081010986966,S00293087,OA,COL1A1bis
MERTK+ Macrophages,28,15,0.0006366197723675814,0.0005177840815256328,S00293087,OA,COL1A1bis
Macrophages,13582,6799,0.00025464790894703254,0.0003361472250036207,S00293087,OA,COL1A1bis
Monocytes,14623,10500,0.0005092958178940651,0.0005994896820249235,S00293087,OA,COL1A1bis
Myeloid cells,589,372,0.0003819718634205488,0.0004986854883546054,S00293087,OA,COL1A1bis
Neutrophils,807,554,0.0005092958178940651,0.0005934123654343303,S00293087,OA,COL1A1bis
Non-immune cells,41462,25414,0.0003819718634205488,0.0005398768133338362,S00293087,OA,COL1A1bis
Other Immune cells,353,268,0.0005729577951308232,0.0006812781743097848,S00293087,OA,COL1A1bis
Plasma cells,14,11,0.0006366197723675814,0.0006829193921761328,S00293087,OA,COL1A1bis
T cells,455,266,0.00025464790894703254,0.00036713335744807137,S00293087,OA,COL1A1bis
Vascular cells,12285,11391,0.0006366197723675814,0.0007033947090741732,S00293087,OA,COL1A1bis
B cells,174,122,0.00025464790894703254,0.00025256063100484373,S00293087,OA,COL4A1
CD4 T cells,658,461,0.00025464790894703254,0.00026431458661855763,S00293087,OA,COL4A1
CD8 T cells,758,566,0.00025464790894703254,0.00024115066995690712,S00293087,OA,COL4A1
Dendritic cells,677,428,0.00025464790894703254,0.00024512836094901265,S00293087,OA,COL4A1
MERTK+ Macrophages,28,12,0.0003819718634205488,0.0004244131815783876,S00293087,OA,COL4A1
Macrophages,13582,4265,0.00012732395447351627,0.00020168830865722765,S00293087,OA,COL4A1
Monocytes,14623,7242,0.00012732395447351627,0.00021688322319598133,S00293087,OA,COL4A1
Myeloid cells,589,246,0.00025464790894703254,0.00026499944996113956,S00293087,OA,COL4A1
Neutrophils,807,505,0.00025464790894703254,0.00027683505348895216,S00293087,OA,COL4A1
Non-immune cells,41462,16127,0.00012732395447351627,0.00022084907164926339,S00293087,OA,COL4A1
Other Immune cells,353,213,0.00025464790894703254,0.000263016619569705,S00293087,OA,COL4A1
Plasma cells,14,10,0.00012732395447351627,0.0001527887453682195,S00293087,OA,COL4A1
T cells,455,215,0.00012732395447351627,0.00023155193580997612,S00293087,OA,COL4A1
Vascular cells,12285,11653,0.00025464790894703254,0.00028579873656258174,S00293087,OA,COL4A1
B cells,174,173,0.0010185916357881302,0.0010171196825572225,S00293087,OA,COL6A1
CD4 T cells,658,648,0.0011459155902616464,0.0011351087731381227,S00293087,OA,COL6A1
CD8 T cells,758,755,0.0011459155902616464,0.0011917859420719728,S00293087,OA,COL6A1
Dendritic cells,677,622,0.0011459155902616464,0.001192382692617737,S00293087,OA,COL6A1
MERTK+ Macrophages,28,28,0.0007639437268410976,0.0007821328631944572,S00293087,OA,COL6A1
Macrophages,13582,13340,0.0007639437268410976,0.0008434018918330034,S00293087,OA,COL6A1
Monocytes,14623,14410,0.0008912676813146139,0.0009746423401912343,S00293087,OA,COL6A1
Myeloid cells,589,560,0.0008912676813146139,0.0009544749301425379,S00293087,OA,COL6A1
Neutrophils,807,736,0.0007639437268410976,0.0008753521870054244,S00293087,OA,COL6A1
Non-immune cells,41462,40684,0.0010185916357881302,0.00106609870561676,S00293087,OA,COL6A1
Other Immune cells,353,350,0.0011459155902616464,0.0011091735348278604,S00293087,OA,COL6A1
Plasma cells,14,14,0.000954929658551372,0.0012004829993217249,S00293087,OA,COL6A1
T cells,455,451,0.0007639437268410976,0.0007656376153706788,S00293087,OA,COL6A1
Vascular cells,12285,12182,0.0010185916357881302,0.0010957887075120994,S00293087,OA,COL6A1
B cells,174,121,0.0005092958178940651,0.0006050518497708418,S00293087,OA,FN
CD4 T cells,658,367,0.0005092958178940651,0.0005890901217875495,S00293087,OA,FN
CD8 T cells,758,453,0.0006366197723675814,0.000697892668780885,S00293087,OA,FN
Dendritic cells,677,351,0.0003819718634205488,0.0005531881212880692,S00293087,OA,FN
MERTK+ Macrophages,28,24,0.0008912676813146139,0.0008700470222356946,S00293087,OA,FN
Macrophages,13582,10924,0.0005092958178940651,0.0006272604593465054,S00293087,OA,FN
Monocytes,14623,12632,0.0006366197723675814,0.0007576541331432292,S00293087,OA,FN
Myeloid cells,589,429,0.0005092958178940651,0.0006565048654904849,S00293087,OA,FN
Neutrophils,807,657,0.0006366197723675814,0.0007519283764950428,S00293087,OA,FN
Non-immune cells,41462,28995,0.0005092958178940651,0.0006453495541055828,S00293087,OA,FN
Other Immune cells,353,238,0.0006366197723675814,0.0007083063685837628,S00293087,OA,FN
Plasma cells,14,14,0.0007002817496043395,0.0008367002722545355,S00293087,OA,FN
T cells,455,355,0.0003819718634205488,0.0004849070040794197,S00293087,OA,FN
Vascular cells,12285,8410,0.0006366197723675814,0.0006817660306600933,S00293087,OA,FN
B cells,174,172,0.0010185916357881302,0.0009934229471131326,S00293087,OA,MFAP5
CD4 T cells,658,649,0.0008912676813146139,0.0008818508094891457,S00293087,OA,MFAP5
CD8 T cells,758,755,0.0008912676813146139,0.0009293805471570176,S00293087,OA,MFAP5
Dendritic cells,677,619,0.0008912676813146139,0.0008700813043989883,S00293087,OA,MFAP5
MERTK+ Macrophages,28,28,0.0006366197723675814,0.0006093360678375422,S00293087,OA,MFAP5
Macrophages,13582,13091,0.0006366197723675814,0.0006665857874720733,S00293087,OA,MFAP5
Monocytes,14623,14278,0.0007639437268410976,0.0007931574314814702,S00293087,OA,MFAP5
Myeloid cells,589,541,0.0007639437268410976,0.0007514702155895332,S00293087,OA,MFAP5
Neutrophils,807,723,0.0006366197723675814,0.0007507358477463346,S00293087,OA,MFAP5
Non-immune cells,41462,40002,0.0007639437268410976,0.0008284905613185847,S00293087,OA,MFAP5
Other Immune cells,353,343,0.0007639437268410976,0.000848207685049518,S00293087,OA,MFAP5
Plasma cells,14,14,0.0006366197723675814,0.0008367002722545355,S00293087,OA,MFAP5
T cells,455,439,0.0005092958178940651,0.0006577920928153415,S00293087,OA,MFAP5
Vascular cells,12285,12160,0.0007639437268410976,0.0008584315035819703,S00293087,OA,MFAP5
