phenotype,fiber_type,feature_fiber,n_RA,n_OA,mean_RA,mean_OA,RA_minus_OA,p_value_mannwhitney
T cells,COL4A1,minor_axis_length,3,3,0.04361485502703245,-0.02399106048452168,0.06760591551155412,0.2
T cells,COL6A1,alignment_score,3,3,0.0593509955804912,0.006735114848346147,0.05261588073214506,1.0
T cells,COL4A1,area,3,3,0.031526918456235946,-0.020841227238409737,0.05236814569464568,0.1
Neutrophils,COL4A1,alignment_score,3,3,0.03766560620962724,-0.000171400007471215,0.03783700621709846,0.7
T cells,MFAP5,alignment_score,3,3,0.05321692986367255,0.01693139009916585,0.0362855397645067,1.0
Monocytes,FN,alignment_score,3,3,0.05398183893356806,0.01780687254791135,0.03617496638565671,0.2
MERTK+ Macrophages,MFAP5,eccentricity,3,3,0.027579887089039915,-0.0062793581753756095,0.03385924526441553,0.1
Macrophages,CHP,alignment_score,3,3,0.010219793576352124,-0.022700430859586822,0.03292022443593895,1.0
CD8 T cells,COL1A1bis,minor_axis_length,3,3,0.043538403397146215,0.010679001692116606,0.03285940170502961,0.1
Monocytes,CHP,major_axis_length,3,3,0.017513437700948514,-0.013548971685055559,0.031062409386004075,0.2
Macrophages,FN,alignment_score,3,3,0.0016742478338272876,-0.028348650646869172,0.03002289848069646,0.2
CD4 T cells,COL4A1,minor_axis_length,3,3,0.03333521604820923,0.0038739314460369593,0.02946128460217227,1.0
T cells,MFAP5,area,3,3,0.024902308364897905,-0.0038931168084079654,0.02879542517330587,0.4
CD4 T cells,COL1A1bis,eccentricity,3,3,0.02212002695137763,-0.006407136683651088,0.02852716363502872,0.7
CD8 T cells,COL1A1bis,area,3,3,0.043313073142176854,0.015267425416006874,0.028045647726169978,0.1
T cells,COL4A1,major_axis_length,3,3,0.017837237180294608,-0.010204970851396045,0.028042208031690653,0.1
Vascular cells,FN,area,3,3,0.01861014736563602,-0.009006973722902682,0.0276171210885387,0.1
CD8 T cells,COL1A1bis,major_axis_length,3,3,0.04134630406495166,0.013942578414165038,0.027403725650786623,0.2
Macrophages,MFAP5,eccentricity,3,3,0.010386669517379628,-0.01616409850628826,0.02655076802366789,0.7
B cells,COL1A1bis,eccentricity,3,3,0.030110188222036764,0.003582028226387993,0.02652815999564877,0.7
CD4 T cells,COL4A1,major_axis_length,3,3,0.023876120292402547,-0.002441121397102433,0.02631724168950498,0.7
B cells,COL4A1,eccentricity,3,3,0.014144489996122346,-0.011731072413066257,0.025875562409188604,0.2
T cells,MFAP5,major_axis_length,3,3,0.019694328011233123,-0.005897010092462206,0.02559133810369533,0.2
Vascular cells,FN,minor_axis_length,3,3,0.008012710429754877,-0.017192177391075873,0.02520488782083075,0.7
Vascular cells,MFAP5,major_axis_length,3,3,0.03027515141030901,0.005195216445216807,0.025079934965092202,0.7
T cells,CHP,alignment_score,3,3,0.03828883103802657,0.013252308360110798,0.02503652267791577,0.7
T cells,COL1A1bis,alignment_score,3,3,0.029306685358595753,0.004613693717612387,0.024692991640983365,0.7
Monocytes,CHP,minor_axis_length,3,3,0.007879140976650873,-0.015501031506402455,0.023380172483053328,0.1
T cells,COL1A1bis,area,3,3,0.018598360288650265,-0.004732082935155167,0.023330443223805432,0.1
Vascular cells,MFAP5,area,3,3,0.016935087290551886,-0.006066858899216209,0.023001946189768096,0.2
Vascular cells,FN,major_axis_length,3,3,0.029175403737791452,0.006577605115720304,0.022597798622071147,0.1
T cells,FN,alignment_score,3,3,0.03430451935000655,0.011953882434094803,0.02235063691591175,0.7
Monocytes,CHP,eccentricity,3,3,0.019447459851894295,-0.002504295667736955,0.02195175551963125,0.4
T cells,COL1A1bis,major_axis_length,3,3,0.015376018124237856,-0.0058775910070510765,0.02125360913128893,0.4
T cells,COL1A1bis,minor_axis_length,3,3,0.015992616303028482,-0.005101852133379777,0.02109446843640826,0.1
MERTK+ Macrophages,COL1A1bis,minor_axis_length,3,3,0.018280527633017792,-0.0027935459009280766,0.02107407353394587,0.4
Monocytes,CHP,area,3,3,0.0016909246630387679,-0.019223511265399548,0.020914435928438314,0.2
B cells,FN,alignment_score,3,3,0.010580395294152436,-0.009994342942761122,0.02057473823691356,0.7
T cells,MFAP5,minor_axis_length,3,3,0.015566989911581508,-0.004845719009701215,0.020412708921282722,0.4
Neutrophils,MFAP5,eccentricity,3,3,0.020267978418134113,-0.0001409846764180925,0.020408963094552205,0.4
Vascular cells,COL1A1bis,alignment_score,3,3,-0.02611947912554841,-0.045731027181704464,0.019611548056156055,0.7
CD4 T cells,COL1A1bis,major_axis_length,3,3,0.0419965554628221,0.023320229223334935,0.018676326239487163,0.7
MERTK+ Macrophages,CHP,eccentricity,3,3,0.019710358827624168,0.0012105150019218892,0.01849984382570228,0.1
CD4 T cells,COL1A1bis,area,3,3,0.03924076376792387,0.021095256711398905,0.018145507056524963,0.7
Neutrophils,CHP,eccentricity,3,3,0.01736021255018547,-4.3379449923734485e-05,0.017403592000109203,0.1
CD4 T cells,COL4A1,area,3,3,0.01763039002641333,0.00037398277448670987,0.01725640725192662,0.7
B cells,COL6A1,eccentricity,3,3,0.020563068518853964,0.0035164095804195734,0.017046658938434392,0.2
Plasma cells,COL1A1bis,major_axis_length,3,3,0.014727517200578402,-0.0021599194265852456,0.016887436627163646,1.0
Neutrophils,COL4A1,minor_axis_length,3,3,0.011140247782373741,-0.0056852649613161775,0.01682551274368992,1.0
Dendritic cells,COL1A1bis,minor_axis_length,3,3,0.018824978635971244,0.0021623419840687773,0.016662636651902468,0.4
MERTK+ Macrophages,COL6A1,minor_axis_length,3,3,0.004720678685027704,-0.011893074140084538,0.01661375282511224,0.4
Neutrophils,FN,alignment_score,3,3,0.010508145724616174,-0.00593571391756037,0.016443859642176546,0.7
CD8 T cells,COL4A1,alignment_score,3,3,0.009777096813459058,-0.006512777058197541,0.016289873871656597,1.0
Dendritic cells,COL1A1bis,area,3,3,0.017941011401322014,0.001741144276808494,0.01619986712451352,0.4
Monocytes,COL6A1,minor_axis_length,3,3,0.0421979315436451,0.026136655203102533,0.01606127634054257,0.7
Dendritic cells,COL4A1,alignment_score,3,3,0.014500996280773337,-0.0012618241971163503,0.015762820477889686,1.0
Plasma cells,COL6A1,eccentricity,3,3,0.01497216372802201,-0.0007892840200803261,0.015761447748102335,0.4
Dendritic cells,COL1A1bis,major_axis_length,3,3,0.019622796646542394,0.004210983343765081,0.015411813302777314,0.2
CD8 T cells,COL1A1bis,alignment_score,3,3,0.0005932757692747315,-0.014789408874078563,0.015382684643353295,1.0
CD8 T cells,MFAP5,eccentricity,3,3,0.025779170424226838,0.011151883470378723,0.014627286953848115,0.7
Monocytes,COL1A1bis,eccentricity,3,3,-0.022607649665036835,-0.03690590826519147,0.014298258600154632,0.4
T cells,COL6A1,area,3,3,0.012597146279231225,-0.0012809175958833953,0.013878063875114621,0.4
CD4 T cells,COL6A1,eccentricity,3,3,0.024931618509211283,0.011586403436897532,0.013345215072313751,0.1
Macrophages,CHP,minor_axis_length,3,3,-0.019907353817067368,-0.033035629712466826,0.013128275895399458,0.4
Monocytes,COL4A1,eccentricity,3,3,-0.029471015737574564,-0.04197455481720202,0.012503539079627455,0.7
MERTK+ Macrophages,COL1A1bis,area,3,3,0.010328431423981576,-0.002155924652312203,0.012484356076293779,0.4
T cells,COL6A1,minor_axis_length,3,3,0.009279920603042441,-0.0029004494627981477,0.01218037006584059,0.2
CD8 T cells,COL6A1,minor_axis_length,3,3,0.007985848271264837,-0.00405702038381713,0.012042868655081966,0.2
Macrophages,COL6A1,alignment_score,3,3,-0.010170199010051811,-0.022146754999198204,0.011976555989146393,1.0
Dendritic cells,COL4A1,minor_axis_length,3,3,0.002890738023283424,-0.008822081566338742,0.011712819589622166,0.7
Macrophages,CHP,area,3,3,-0.014780977707507026,-0.026296865599756147,0.01151588789224912,0.4
B cells,MFAP5,eccentricity,3,3,0.016310262129294584,0.0049852587166033585,0.011325003412691225,0.4
Macrophages,COL6A1,minor_axis_length,3,3,-0.001094235626384685,-0.012346118014426666,0.011251882388041982,1.0
Monocytes,COL4A1,alignment_score,3,3,0.028304338257731137,0.017191761030043603,0.011112577227687534,1.0
Monocytes,COL6A1,alignment_score,3,3,0.026972917952677995,0.01596804400070956,0.011004873951968433,1.0
CD4 T cells,MFAP5,eccentricity,3,3,0.02426076480518186,0.013263478127514569,0.01099728667766729,0.4
Monocytes,COL6A1,major_axis_length,3,3,0.02733036040094032,0.01634418734245677,0.01098617305848355,0.7
Monocytes,MFAP5,alignment_score,3,3,0.044589283583438895,0.03360858987782046,0.010980693705618431,1.0
CD8 T cells,FN,alignment_score,3,3,0.013503994118142773,0.002624704925733919,0.010879289192408855,1.0
Plasma cells,MFAP5,major_axis_length,3,3,0.015138686401758644,0.004843148401690232,0.010295538000068412,0.4
CD8 T cells,CHP,alignment_score,3,3,-0.0026120530944187975,-0.012895563928028889,0.010283510833610092,1.0
MERTK+ Macrophages,COL6A1,area,3,3,0.0009580449231920163,-0.009189889261565373,0.010147934184757389,0.4
CD8 T cells,COL6A1,area,3,3,0.006961386409628672,-0.003086409055323437,0.01004779546495211,0.7
CD4 T cells,MFAP5,major_axis_length,3,3,0.006778874790464247,-0.002999672166873475,0.009778546957337722,0.1
Vascular cells,MFAP5,minor_axis_length,3,3,0.010884000692029805,0.0011611032554628223,0.009722897436566982,0.7
Dendritic cells,CHP,eccentricity,3,3,0.01087744314345511,0.001162471642037555,0.009714971501417554,0.7
Plasma cells,MFAP5,minor_axis_length,3,3,0.018953549541635823,0.009280375790146473,0.00967317375148935,0.7
T cells,MFAP5,eccentricity,3,3,-0.004899654901867518,-0.014409599858047198,0.00950994495617968,0.7
MERTK+ Macrophages,COL4A1,eccentricity,3,3,0.01990923425461543,0.010415114140819505,0.009494120113795926,1.0
Macrophages,COL1A1bis,eccentricity,3,3,0.003359803003317515,-0.0060114555138586516,0.009371258517176167,0.4
B cells,COL4A1,alignment_score,3,3,0.017475232596286215,0.008352491523227024,0.00912274107305919,0.7
Dendritic cells,FN,eccentricity,3,3,0.004472777130015314,-0.004493136372158895,0.00896591350217421,0.7
MERTK+ Macrophages,COL1A1bis,major_axis_length,3,3,0.010852213278778547,0.0019414822406704812,0.008910731038108065,0.4
Vascular cells,COL6A1,major_axis_length,3,3,0.03778065527714655,0.02894090670821593,0.008839748568930623,0.4
T cells,FN,eccentricity,3,3,-0.002321353433020351,-0.011151741765092602,0.008830388332072251,0.4
Plasma cells,COL1A1bis,area,3,3,0.003740788549307173,-0.005072876842620064,0.008813665391927237,0.7
Plasma cells,COL1A1bis,minor_axis_length,3,3,0.004755759598781517,-0.003956311615806308,0.008712071214587825,0.7
T cells,COL6A1,major_axis_length,3,3,0.007175034492246278,-0.001480222156274565,0.008655256648520843,0.4
T cells,CHP,major_axis_length,3,3,0.009618571515120949,0.0011851182930006565,0.008433453222120291,0.7
Monocytes,COL4A1,major_axis_length,3,3,0.008867704831457894,0.0005535088174914044,0.00831419601396649,0.7
CD4 T cells,COL1A1bis,minor_axis_length,3,3,0.030200363298133737,0.021971802597820052,0.008228560700313685,1.0
CD8 T cells,COL6A1,major_axis_length,3,3,0.0031016560661922686,-0.0047162469149398725,0.00781790298113214,1.0
Macrophages,FN,eccentricity,3,3,-0.0010600086191328965,-0.008766443915020234,0.007706435295887337,1.0
CD8 T cells,COL4A1,eccentricity,3,3,-0.009021448160367708,-0.016727322417325465,0.007705874256957757,0.7
Plasma cells,COL1A1bis,eccentricity,3,3,0.007560441434902576,-0.0001402821353239419,0.0077007235702265175,1.0
CD8 T cells,COL6A1,alignment_score,3,3,0.0031419749181051094,-0.00430403681077608,0.007446011728881189,1.0
Monocytes,MFAP5,minor_axis_length,3,3,0.011424815475253834,0.004454936928582461,0.006969878546671373,0.7
Neutrophils,COL1A1bis,minor_axis_length,3,3,0.015605127537343784,0.008654449227711657,0.006950678309632127,0.7
Macrophages,CHP,major_axis_length,3,3,-0.016828583804051857,-0.023760711595375957,0.0069321277913241,0.7
Dendritic cells,MFAP5,major_axis_length,3,3,0.0035474447430153713,-0.003284703815165501,0.006832148558180873,0.1
Plasma cells,COL4A1,eccentricity,3,3,-0.00359634650162631,-0.010367701374331946,0.0067713548727056354,1.0
CD4 T cells,CHP,alignment_score,3,3,0.0011717050089506177,-0.005562912059276538,0.006734617068227156,0.7
Plasma cells,MFAP5,alignment_score,3,3,-0.005328370373126959,-0.012018717672973847,0.006690347299846888,1.0
CD4 T cells,MFAP5,area,3,3,-0.0011285244698081014,-0.00780638310721419,0.006677858637406088,0.1
Dendritic cells,COL4A1,eccentricity,3,3,0.010134594424756595,0.003859643489893507,0.006274950934863088,1.0
Dendritic cells,COL1A1bis,eccentricity,3,3,0.007245350175963952,0.0009863661293709229,0.006258984046593029,1.0
Dendritic cells,MFAP5,eccentricity,3,3,0.012075720150548521,0.005956980689441244,0.006118739461107277,0.4
Neutrophils,MFAP5,alignment_score,3,3,0.006470079310039636,0.00043485943162862445,0.006035219878411012,1.0
MERTK+ Macrophages,COL6A1,major_axis_length,3,3,-0.0020341645551356043,-0.007864418883821592,0.005830254328685988,1.0
Monocytes,CHP,alignment_score,3,3,0.03130023339975255,0.02559527666970393,0.005704956730048616,1.0
Vascular cells,COL1A1bis,eccentricity,3,3,0.035733061865969085,0.030094573064850177,0.005638488801118908,0.7
T cells,COL4A1,alignment_score,3,3,0.01461612483717574,0.009365948340432523,0.0052501764967432165,0.7
Macrophages,COL6A1,area,3,3,-0.0024507713353708505,-0.007491660833638103,0.005040889498267252,1.0
T cells,CHP,eccentricity,3,3,-0.0068729504777828585,-0.01160377654251537,0.004730826064732512,0.7
Monocytes,COL6A1,area,3,3,0.028452869949859988,0.024250283945285916,0.0042025860045740715,1.0
Plasma cells,FN,eccentricity,3,3,0.013977854239571944,0.010429643914596047,0.0035482103249758964,1.0
CD4 T cells,MFAP5,minor_axis_length,3,3,-0.0022664523833093534,-0.005656541627849299,0.0033900892445399454,0.7
Plasma cells,CHP,area,3,3,-0.003685913186154587,-0.007064265934290801,0.0033783527481362143,1.0
Plasma cells,COL6A1,major_axis_length,3,3,0.003204362277243205,0.0004563199054002578,0.002748042371842947,1.0
CD8 T cells,CHP,eccentricity,3,3,0.018456501688801783,0.015844824290719376,0.002611677398082407,0.7
Vascular cells,COL6A1,area,3,3,0.02325838212564234,0.021208211338427558,0.0020501707872147834,1.0
CD8 T cells,COL1A1bis,eccentricity,3,3,-0.002596588808174006,-0.00449417018552887,0.0018975813773548637,1.0
MERTK+ Macrophages,COL4A1,minor_axis_length,3,3,-0.010000798011354988,-0.011662425087721119,0.001661627076366131,1.0
Monocytes,MFAP5,major_axis_length,3,3,0.005571253932732304,0.0039734233388056045,0.0015978305939266992,0.7
Dendritic cells,COL6A1,minor_axis_length,3,3,-0.008292877660707562,-0.00956443127565082,0.0012715536149432577,1.0
B cells,MFAP5,area,3,3,-0.0048788087182716966,-0.006132560331283984,0.0012537516130122876,1.0
MERTK+ Macrophages,COL4A1,major_axis_length,3,3,-0.004059986107280832,-0.005185366119801284,0.0011253800125204522,1.0
Macrophages,MFAP5,alignment_score,3,3,-0.006779304323986647,-0.007842057506602178,0.0010627531826155308,0.4
B cells,MFAP5,major_axis_length,3,3,-0.004114572831713229,-0.0046946719423740365,0.0005800991106608075,0.7
Dendritic cells,COL6A1,eccentricity,3,3,0.00466252018032821,0.0048036978361613554,-0.00014117765583314575,0.7
Neutrophils,COL1A1bis,eccentricity,3,3,0.004968280000681336,0.005284705955061562,-0.0003164259543802254,0.7
Plasma cells,CHP,minor_axis_length,3,3,-0.008520553819447737,-0.008039685830266088,-0.0004808679891816492,1.0
Dendritic cells,COL4A1,major_axis_length,3,3,-0.0023396832993258653,-0.0017677662535034806,-0.0005719170458223846,0.7
Macrophages,COL4A1,minor_axis_length,3,3,-0.032826229955696756,-0.03218771956829971,-0.0006385103873970469,1.0
Neutrophils,COL1A1bis,area,3,3,0.013182924251285867,0.013841239031663247,-0.0006583147803773792,1.0
Plasma cells,MFAP5,eccentricity,3,3,0.00564602094020283,0.006373146611699895,-0.0007271256714970649,1.0
CD4 T cells,CHP,eccentricity,3,3,0.013810295818630275,0.014548544726503956,-0.0007382489078736811,0.7
Plasma cells,MFAP5,area,3,3,0.0166663148445084,0.017473762813552337,-0.0008074479690439382,1.0
Macrophages,COL6A1,major_axis_length,3,3,-0.0011825360898442662,-0.00022066693469719711,-0.0009618691551470691,1.0
Dendritic cells,COL6A1,major_axis_length,3,3,-0.00859489856946626,-0.007632378277866791,-0.00096252029159947,1.0
T cells,CHP,area,3,3,0.006651709537028566,0.007684315960864759,-0.0010326064238361929,1.0
Dendritic cells,COL4A1,area,3,3,-0.01016235623753209,-0.009122059533105237,-0.0010402967044268532,0.7
B cells,CHP,eccentricity,3,3,0.004592486022340894,0.005694071434353465,-0.0011015854120125712,1.0
Vascular cells,COL4A1,eccentricity,3,3,-0.01492967678096276,-0.013686362556703517,-0.0012433142242592437,1.0
Dendritic cells,MFAP5,area,3,3,-0.00013835994114337686,0.001189711385301389,-0.0013280713264447659,0.7
Plasma cells,CHP,major_axis_length,3,3,-0.0034568776824757236,-0.0021268185547589037,-0.00133005912771682,1.0
Macrophages,CHP,eccentricity,3,3,0.00355045838060024,0.004904771508580694,-0.0013543131279804537,1.0
Dendritic cells,MFAP5,minor_axis_length,3,3,-0.002747829977932431,-0.0013707679057663382,-0.0013770620721660928,1.0
Monocytes,COL4A1,minor_axis_length,3,3,0.0315503653075061,0.03293683572599787,-0.0013864704184917698,0.7
Dendritic cells,CHP,alignment_score,3,3,-0.014215618672778143,-0.01263491636460455,-0.001580702308173594,0.7
Neutrophils,COL6A1,alignment_score,3,3,0.003903278438408323,0.005951573886219026,-0.002048295447810703,1.0
Dendritic cells,CHP,area,3,3,-0.002245845556727376,-0.00010058860198359995,-0.0021452569547437757,1.0
Dendritic cells,COL6A1,area,3,3,-0.008819171459082545,-0.0066466607963723,-0.002172510662710245,0.7
CD4 T cells,COL4A1,eccentricity,3,3,0.005884094926188146,0.008063965787176759,-0.0021798708609886133,1.0
Macrophages,COL6A1,eccentricity,3,3,0.005090917824700236,0.007628628663621744,-0.0025377108389215072,0.7
Vascular cells,COL6A1,eccentricity,3,3,0.012467069399507405,0.015234673629339708,-0.0027676042298323024,1.0
B cells,MFAP5,minor_axis_length,3,3,-0.011956144030577015,-0.008856385621342751,-0.003099758409234264,1.0
B cells,COL1A1bis,alignment_score,3,3,-0.0021032268554002967,0.0011456319820076588,-0.0032488588374079558,1.0
Dendritic cells,COL6A1,alignment_score,3,3,-0.002074840584900492,0.001409446118871385,-0.0034842867037718768,0.7
Dendritic cells,CHP,major_axis_length,3,3,-0.0029696383156098023,0.0005757049722778616,-0.003545343287887664,1.0
T cells,FN,major_axis_length,3,3,0.015061947258871444,0.018947001606047745,-0.0038850543471763005,1.0
Dendritic cells,FN,alignment_score,3,3,-0.005140346833833454,-0.0007992202737864667,-0.004341126560046988,1.0
T cells,COL6A1,eccentricity,3,3,0.0007507236219668102,0.005150878346882859,-0.004400154724916048,1.0
Neutrophils,CHP,alignment_score,3,3,-0.007800557881592844,-0.0027165139845859456,-0.005084043897006899,0.7
Neutrophils,COL1A1bis,major_axis_length,3,3,0.008424164829308307,0.01361933942376134,-0.005195174594453032,0.7
Macrophages,COL4A1,alignment_score,3,3,-0.009475656782023447,-0.004199545230320729,-0.005276111551702717,0.7
T cells,CHP,minor_axis_length,3,3,0.003098587667002753,0.008485150772349298,-0.0053865631053465444,1.0
Monocytes,MFAP5,area,3,3,-0.0013686934502185073,0.004364573598561494,-0.005733267048780001,0.7
B cells,MFAP5,alignment_score,3,3,-0.005496325392285295,0.0004604116107512444,-0.00595673700303654,1.0
Neutrophils,COL4A1,area,3,3,-0.007347684616544943,-0.0012502828615108662,-0.006097401755034077,0.7
Neutrophils,FN,eccentricity,3,3,-0.008938143246141618,-0.002821442628358093,-0.006116700617783525,1.0
Dendritic cells,CHP,minor_axis_length,3,3,-0.005727802431120563,0.0003933728460429123,-0.006121175277163475,0.7
Macrophages,FN,minor_axis_length,3,3,-0.011061829363090117,-0.004690990956327762,-0.006370838406762356,1.0
Monocytes,MFAP5,eccentricity,3,3,-0.015225891950371625,-0.008813645058445603,-0.0064122468919260225,1.0
CD4 T cells,COL6A1,major_axis_length,3,3,-0.005509370209020807,0.0011744297680616976,-0.006683799977082505,0.4
Macrophages,COL4A1,area,3,3,-0.036271296011845595,-0.02946297224466089,-0.006808323767184706,0.7
Macrophages,COL1A1bis,area,3,3,-0.01420857645510201,-0.007289484538606848,-0.006919091916495162,1.0
Neutrophils,COL6A1,eccentricity,3,3,-0.009414685145067261,-0.0024476214135483124,-0.006967063731518949,0.7
Plasma cells,COL4A1,alignment_score,3,3,0.013359183606718833,0.020392232975291552,-0.007033049368572719,1.0
MERTK+ Macrophages,FN,eccentricity,3,3,-0.006404516305880167,0.0007772045989172449,-0.007181720904797412,1.0
Monocytes,COL1A1bis,major_axis_length,3,3,-0.004348472497213946,0.002869930000177314,-0.007218402497391261,1.0
Neutrophils,COL6A1,minor_axis_length,3,3,0.016660919185351425,0.024126138865636592,-0.007465219680285167,0.4
Monocytes,COL6A1,eccentricity,3,3,-0.0278329055732446,-0.020348985692042094,-0.007483919881202505,1.0
CD4 T cells,FN,eccentricity,3,3,0.00720848454017779,0.014967418523279472,-0.007758933983101682,0.7
Dendritic cells,FN,major_axis_length,3,3,-0.008630417035277758,-0.0007902774694403184,-0.007840139565837439,0.7
CD8 T cells,MFAP5,major_axis_length,3,3,-0.010135875626975962,-0.0022019839611713238,-0.007933891665804637,1.0
Vascular cells,CHP,eccentricity,3,3,0.024055474638009125,0.03211095029374592,-0.008055475655736798,1.0
Vascular cells,COL6A1,minor_axis_length,3,3,0.01703116348868249,0.025128154819499805,-0.008096991330817316,0.7
Plasma cells,FN,alignment_score,3,3,-0.013514444862643993,-0.005313962958457877,-0.008200481904186117,1.0
B cells,COL6A1,alignment_score,3,3,-0.0055034720794919076,0.002784515405268862,-0.00828798748476077,0.7
Plasma cells,FN,major_axis_length,3,3,-0.009930299298620741,-0.0016373110016576601,-0.00829298829696308,1.0
MERTK+ Macrophages,COL1A1bis,eccentricity,3,3,-0.0031296484870404345,0.00519890171346116,-0.008328550200501595,0.7
Monocytes,FN,eccentricity,3,3,-0.01329584849405159,-0.004910946230462853,-0.008384902263588737,0.7
MERTK+ Macrophages,MFAP5,major_axis_length,3,3,0.0005077970982504827,0.00891714423348705,-0.008409347135236566,1.0
MERTK+ Macrophages,FN,alignment_score,3,3,-0.012526108100934616,-0.003929131776913367,-0.00859697632402125,0.4
Monocytes,COL1A1bis,alignment_score,3,3,0.01582533924261453,0.024610256685923385,-0.008784917443308855,1.0
Macrophages,COL1A1bis,major_axis_length,3,3,-0.015845719015124632,-0.006833241651133891,-0.009012477363990742,0.7
MERTK+ Macrophages,FN,area,3,3,-0.008781444881774137,0.00025598392566864606,-0.009037428807442783,1.0
B cells,COL1A1bis,major_axis_length,3,3,-3.8130402268224884e-05,0.009066512423470842,-0.009104642825739067,0.2
CD8 T cells,MFAP5,area,3,3,-0.013798497772206543,-0.004500454821554755,-0.00929804295065179,0.7
MERTK+ Macrophages,FN,minor_axis_length,3,3,-0.010141577958708143,-0.0007770950216000385,-0.009364482937108105,0.4
Vascular cells,COL4A1,area,3,3,0.04584165570915013,0.0552558459058641,-0.009414190196713967,0.7
MERTK+ Macrophages,CHP,major_axis_length,3,3,-0.017301764177222647,-0.007390461963722477,-0.00991130221350017,0.4
Macrophages,COL4A1,major_axis_length,3,3,-0.038877726048435424,-0.028699792419310772,-0.010177933629124652,1.0
Plasma cells,FN,minor_axis_length,3,3,-0.0167885281600041,-0.006529550828069919,-0.01025897733193418,0.7
CD4 T cells,FN,area,3,3,-0.022141637149814177,-0.011777925134169788,-0.01036371201564439,0.4
Monocytes,FN,minor_axis_length,3,3,0.004076062644762016,0.014810407178033516,-0.0107343445332715,0.7
MERTK+ Macrophages,MFAP5,area,3,3,-0.006674071030104432,0.004076394479212884,-0.010750465509317316,0.4
Plasma cells,COL6A1,minor_axis_length,3,3,-0.009029673193621515,0.001767309020208804,-0.010796982213830318,0.7
Plasma cells,FN,area,3,3,-0.016310487802361284,-0.005457102253427957,-0.010853385548933326,0.7
MERTK+ Macrophages,COL4A1,area,3,3,-0.020396933235020336,-0.0094597149580104,-0.010937218277009936,0.7
CD8 T cells,FN,area,3,3,-0.027185844392883737,-0.016159730418524587,-0.01102611397435915,0.4
Plasma cells,COL6A1,area,3,3,-0.008414379446326314,0.0028490978602109273,-0.011263477306537241,0.7
CD4 T cells,COL1A1bis,alignment_score,3,3,-0.02236089348091495,-0.011077296504141678,-0.011283596976773272,0.7
CD4 T cells,COL6A1,area,3,3,-0.010219735610169886,0.001288808049771424,-0.01150854365994131,0.1
Macrophages,COL1A1bis,minor_axis_length,3,3,-0.012235845008258394,-0.0007271309119018174,-0.011508714096356577,0.7
B cells,COL6A1,major_axis_length,3,3,-0.01511863950343196,-0.0036060360454876054,-0.011512603457944356,0.2
T cells,FN,minor_axis_length,3,3,0.01150723886211656,0.02316972807510316,-0.0116624892129866,0.7
CD8 T cells,COL6A1,eccentricity,3,3,-0.002979977076416302,0.008714469621474279,-0.011694446697890581,0.7
CD8 T cells,MFAP5,alignment_score,3,3,-0.003137183434714046,0.008682349363957278,-0.011819532798671324,0.7
T cells,FN,area,3,3,0.01352363134663108,0.025507733622059048,-0.011984102275427969,0.4
B cells,FN,eccentricity,3,3,0.0015929411733676547,0.013731632765218474,-0.01213869159185082,1.0
Neutrophils,COL4A1,major_axis_length,3,3,-0.01705579531160364,-0.004885162107267149,-0.012170633204336492,0.7
Dendritic cells,FN,area,3,3,-0.01094425227833743,0.0016420173524275238,-0.012586269630764953,0.1
Macrophages,COL1A1bis,alignment_score,3,3,-0.015916407347207367,-0.003109259490575894,-0.012807147856631474,0.7
B cells,FN,minor_axis_length,3,3,-0.02160672390584791,-0.00874175163176705,-0.012864972274080858,0.4
Vascular cells,MFAP5,eccentricity,3,3,0.01131794333849317,0.024317525227871062,-0.012999581889377892,0.7
Monocytes,FN,area,3,3,-0.0019304937520307319,0.011195989456435062,-0.013126483208465793,0.7
B cells,COL6A1,area,3,3,-0.015427973483235921,-0.002198430552145924,-0.013229542931089997,0.1
CD8 T cells,CHP,area,3,3,-0.01002313629973757,0.0032165732632426516,-0.013239709562980222,0.1
Monocytes,FN,major_axis_length,3,3,0.0001508341760309556,0.01353261672710141,-0.013381782551070453,0.4
B cells,COL6A1,minor_axis_length,3,3,-0.019405976087762535,-0.00571773611444145,-0.013688239973321085,0.2
MERTK+ Macrophages,CHP,minor_axis_length,3,3,-0.023191491592153158,-0.009140067679834595,-0.014051423912318563,0.2
MERTK+ Macrophages,FN,major_axis_length,3,3,-0.012204087572547007,0.002172878872938383,-0.01437696644548539,0.4
CD4 T cells,FN,minor_axis_length,3,3,-0.03001968478022125,-0.01557982032912348,-0.01443986445109777,0.4
CD4 T cells,FN,alignment_score,3,3,-0.011885758864516769,0.0027804411719273177,-0.014666200036444086,0.7
CD4 T cells,COL6A1,minor_axis_length,3,3,-0.01570612726194798,-0.0010213737497607703,-0.014684753512187211,0.2
MERTK+ Macrophages,CHP,area,3,3,-0.020189397607883394,-0.005171129794329241,-0.015018267813554153,0.2
MERTK+ Macrophages,COL6A1,eccentricity,3,3,-0.005942939466528959,0.009114993792446626,-0.015057933258975585,0.2
CD4 T cells,FN,major_axis_length,3,3,-0.024920415103971198,-0.009774559928235352,-0.015145855175735846,0.1
CD4 T cells,CHP,area,3,3,-0.01135919397919602,0.004053599964292101,-0.01541279394348812,0.1
B cells,FN,area,3,3,-0.02157299808985312,-0.00602162239171232,-0.015551375698140801,0.1
Plasma cells,COL4A1,major_axis_length,3,3,-0.00865085096073208,0.007040113818279015,-0.015690964779011093,0.7
T cells,COL1A1bis,eccentricity,3,3,-0.010574694413996796,0.005389807504937187,-0.015964501918933983,0.4
Neutrophils,COL6A1,area,3,3,0.007644914287545081,0.023610351265563975,-0.015965436978018895,0.4
B cells,CHP,alignment_score,3,3,-0.007795871718087439,0.00841437498380321,-0.016210246701890647,0.7
B cells,COL4A1,major_axis_length,3,3,-0.006688450135279828,0.009660388292121727,-0.016348838427401556,0.7
Macrophages,FN,area,3,3,-0.008230716393347659,0.008173580776329474,-0.01640429716967713,0.7
B cells,COL1A1bis,area,3,3,-0.009850186437505615,0.006800578444108717,-0.016650764881614332,0.4
B cells,CHP,area,3,3,-0.021425400284874274,-0.0040586572529638125,-0.01736674303191046,0.1
CD8 T cells,FN,eccentricity,3,3,0.0041476237448917945,0.02176610513128964,-0.017618481386397846,0.7
CD8 T cells,COL4A1,minor_axis_length,3,3,0.013034039884626356,0.030713081615615336,-0.01767904173098898,0.4
CD8 T cells,FN,minor_axis_length,3,3,-0.035038253500271586,-0.01673682990244241,-0.018301423597829176,0.2
MERTK+ Macrophages,COL4A1,alignment_score,3,3,-0.02934405115841932,-0.010880172751946693,-0.018463878406472626,1.0
Plasma cells,CHP,eccentricity,3,3,-0.009173836335387105,0.00932960330687248,-0.018503439642259582,0.2
Macrophages,MFAP5,major_axis_length,3,3,0.002614562914692007,0.021128387730399555,-0.01851382481570755,0.7
CD8 T cells,CHP,minor_axis_length,3,3,-0.016279859058077637,0.002368580049700826,-0.018648439107778463,0.2
Neutrophils,MFAP5,area,3,3,-0.01661434979797226,0.0020832754706533673,-0.018697625268625628,0.1
Macrophages,FN,major_axis_length,3,3,-0.009047633580507594,0.009975873221175754,-0.019023506801683347,0.7
Macrophages,MFAP5,area,3,3,-0.006117573598432381,0.012967293708588137,-0.01908486730702052,0.4
Vascular cells,FN,eccentricity,3,3,0.02623723823135621,0.04540694104183926,-0.01916970281048305,0.7
B cells,FN,major_axis_length,3,3,-0.022849871457574694,-0.003529356358255429,-0.019320515099319265,0.1
Vascular cells,CHP,minor_axis_length,3,3,0.010049036853334489,0.029434644254453145,-0.01938560740111866,0.4
Vascular cells,CHP,area,3,3,0.008656499639304692,0.02810409527248441,-0.019447595633179715,0.4
Macrophages,MFAP5,minor_axis_length,3,3,-0.0028514699979726213,0.016724205919981614,-0.019575675917954234,0.7
MERTK+ Macrophages,COL6A1,alignment_score,3,3,-0.025748030439094117,-0.006022683982147599,-0.019725346456946517,0.7
Dendritic cells,FN,minor_axis_length,3,3,-0.017574929932644933,0.0021646739360351545,-0.019739603868680088,0.1
Plasma cells,CHP,alignment_score,3,3,-0.025782712250619826,-0.006032297262838921,-0.019750414987780907,0.7
Dendritic cells,COL1A1bis,alignment_score,3,3,-0.023736107586402284,-0.0038106004412366916,-0.019925507145165593,0.2
Neutrophils,COL6A1,major_axis_length,3,3,0.003264304368346023,0.023852433618974295,-0.020588129250628272,0.4
Plasma cells,COL6A1,alignment_score,3,3,-0.031149038934832285,-0.010478269808025242,-0.020670769126807043,0.7
CD8 T cells,MFAP5,minor_axis_length,3,3,-0.019756588159181472,0.0015192788224021375,-0.02127586698158361,0.2
Vascular cells,CHP,alignment_score,3,3,-0.033848832820741664,-0.012524511610619312,-0.02132432121012235,0.7
CD8 T cells,FN,major_axis_length,3,3,-0.03099640553906087,-0.009472481565106364,-0.021523923973954508,0.2
Plasma cells,COL4A1,minor_axis_length,3,3,-0.006618841534703879,0.015018602230039058,-0.021637443764742935,1.0
Neutrophils,COL4A1,eccentricity,3,3,-0.02236104231774416,-0.0005758172160912029,-0.021785225101652955,0.4
Macrophages,COL4A1,eccentricity,3,3,-0.014268807751302794,0.0076176658815098235,-0.02188647363281262,0.7
Neutrophils,COL1A1bis,alignment_score,3,3,-0.0043392591161836675,0.018377864639328032,-0.0227171237555117,0.7
B cells,COL1A1bis,minor_axis_length,3,3,-0.014763308213518558,0.007954365916462697,-0.022717674129981255,0.4
B cells,COL4A1,area,3,3,-0.008014537242971883,0.014839073049745646,-0.022853610292717527,0.7
CD4 T cells,CHP,minor_axis_length,3,3,-0.02066044422139813,0.002245213479595404,-0.022905657700993533,0.1
Vascular cells,COL4A1,major_axis_length,3,3,0.02863245696228516,0.05181666544595093,-0.02318420848366577,0.7
Monocytes,COL4A1,area,3,3,0.009415420407963483,0.033191419392970635,-0.023775998985007152,0.7
CD8 T cells,CHP,major_axis_length,3,3,-0.011028391319477596,0.012758911331792846,-0.023787302651270444,0.1
Neutrophils,MFAP5,major_axis_length,3,3,-0.021218940602548433,0.0026178885267165216,-0.023836829129264957,0.1
CD4 T cells,COL6A1,alignment_score,3,3,-0.0215366561712544,0.002714128804844154,-0.024250784976098554,0.7
Vascular cells,COL6A1,alignment_score,3,3,-0.047252758567928654,-0.02255497937158926,-0.024697779196339396,1.0
Neutrophils,CHP,major_axis_length,3,3,-0.008535170071595365,0.016216196690152833,-0.024751366761748196,0.2
Plasma cells,COL4A1,area,3,3,-0.011107485595101337,0.014925936217405173,-0.026033421812506508,0.4
B cells,COL4A1,minor_axis_length,3,3,-0.007937435030776771,0.018257186818295162,-0.026194621849071932,0.2
CD8 T cells,COL4A1,major_axis_length,3,3,-0.003661876978486099,0.022582127585826273,-0.026244004564312372,1.0
Vascular cells,CHP,major_axis_length,3,3,0.02213263206529717,0.04888877462363084,-0.026756142558333668,0.2
CD4 T cells,CHP,major_axis_length,3,3,-0.01681110697948889,0.01015212609382514,-0.026963233073314028,0.1
Plasma cells,COL1A1bis,alignment_score,3,3,-0.02192214688974666,0.005377971398510491,-0.02730011828825715,0.4
MERTK+ Macrophages,MFAP5,minor_axis_length,3,3,-0.020273405720875985,0.0072879785818082835,-0.027561384302684268,0.2
Monocytes,COL1A1bis,minor_axis_length,3,3,0.0011428543251954966,0.02956837295720398,-0.02842551863200848,0.4
Neutrophils,CHP,minor_axis_length,3,3,-0.010613019130139179,0.017937306567582852,-0.02855032569772203,0.1
B cells,CHP,minor_axis_length,3,3,-0.036832112341145556,-0.008231090130627785,-0.028601022210517774,0.1
Vascular cells,MFAP5,alignment_score,3,3,-0.03374379764866487,-0.004916934405005115,-0.028826863243659757,1.0
Neutrophils,CHP,area,3,3,-0.011535589004057762,0.01769309536744296,-0.029228684371500724,0.2
B cells,CHP,major_axis_length,3,3,-0.032102154189216525,-0.00259655801392317,-0.029505596175293355,0.1
Neutrophils,FN,minor_axis_length,3,3,0.00244364252583424,0.03274296080616881,-0.030299318280334567,0.1
Neutrophils,MFAP5,minor_axis_length,3,3,-0.02947450761814997,0.0008745007108618377,-0.030349008329011808,0.4
Monocytes,COL1A1bis,area,3,3,-0.00799932663167033,0.02632616275276684,-0.03432548938443717,0.1
MERTK+ Macrophages,COL1A1bis,alignment_score,3,3,-0.032140838823845656,0.003200170162026962,-0.03534100898587262,0.2
Dendritic cells,MFAP5,alignment_score,3,3,-0.030260998721184457,0.005090330268091814,-0.03535132898927627,0.1
MERTK+ Macrophages,MFAP5,alignment_score,3,3,-0.027316498464966244,0.008275095459829363,-0.035591593924795606,0.1
T cells,COL4A1,eccentricity,3,3,-0.015957784957438246,0.024068822953690214,-0.040026607911128456,1.0
Neutrophils,FN,major_axis_length,3,3,-0.004924244638524171,0.03678507836325626,-0.04170932300178043,0.1
Neutrophils,FN,area,3,3,-0.0003258185055420564,0.04224124490950437,-0.04256706341504643,0.1
Vascular cells,COL4A1,minor_axis_length,3,3,0.009370330854475653,0.05216780899788079,-0.042797478143405135,0.2
CD8 T cells,COL4A1,area,3,3,-0.010285001923879785,0.03401386364272858,-0.044298865566608364,0.1
CD4 T cells,MFAP5,alignment_score,3,3,-0.043108552177904984,0.001680082538287402,-0.044788634716192384,0.1
Vascular cells,COL1A1bis,major_axis_length,3,3,0.03867626856543841,0.08400839304347202,-0.04533212447803361,0.1
Vascular cells,COL1A1bis,area,3,3,0.007243507499392646,0.056887257824473375,-0.04964375032508073,0.2
MERTK+ Macrophages,CHP,alignment_score,3,3,-0.04589654685891289,0.008376413875990028,-0.05427296073490292,0.1
Vascular cells,COL1A1bis,minor_axis_length,3,3,-0.004519360959640145,0.05073101165917119,-0.055250372618811334,0.1
Vascular cells,FN,alignment_score,3,3,-0.06290140237352768,-0.004725017480586885,-0.05817638489294079,0.4
CD4 T cells,COL4A1,alignment_score,3,3,-0.03229249102046778,0.026748935868913696,-0.05904142688938148,0.4
Vascular cells,COL4A1,alignment_score,3,3,-0.09269340604483772,-0.015600359793637853,-0.07709304625119986,0.7
