phenotype,n_cells,n_with_fiber,median_distance_px,mean_distance_px,imageid,pathology,fiber_type,median_distance_um,mean_distance_um
B cells,433,430,31.880805835197556,35.45936753799961,JRP112,RA,COL6A1,10.361261896439206,11.524294449849874
CD4 T cells,11858,11786,34.83581940926642,38.67669544519561,JRP112,RA,COL6A1,11.321641308011587,12.569926019688575
CD8 T cells,2895,2889,34.4292855981609,37.70065561475036,JRP112,RA,COL6A1,11.189517819402294,12.252713074793867
Dendritic cells,567,541,34.47010047415642,37.20027250488935,JRP112,RA,COL6A1,11.202782654100837,12.090088564089038
MERTK+ Macrophages,2664,2645,35.27432001550975,38.711163816869124,JRP112,RA,COL6A1,11.464154005040669,12.581128240482466
Macrophages,4539,4528,35.750621163263546,39.843499422578276,JRP112,RA,COL6A1,11.618951878060653,12.94913731233794
Monocytes,7964,7948,35.117600274414066,38.64521753550115,JRP112,RA,COL6A1,11.413220089184572,12.559695699037876
Neutrophils,2405,2400,35.30450910920422,38.230288087628914,JRP112,RA,COL6A1,11.473965460491371,12.424843628479397
Plasma cells,822,821,32.70808001257602,35.57687210847131,JRP112,RA,COL6A1,10.630126004087206,11.562483435253178
T cells,2516,2508,35.11037106357655,40.0677636160854,JRP112,RA,COL6A1,11.410870595662379,13.022023175227755
Vascular cells,4603,4603,36.40209954542535,38.761850225348084,JRP112,RA,COL6A1,11.83068235226324,12.597601323238127
B cells,433,334,83.05444808788138,85.15257691963566,JRP112,RA,COL4A1,26.99269562856145,27.674587498881593
CD4 T cells,11858,7535,74.68035787631453,77.87673131381086,JRP112,RA,COL4A1,24.271116309802224,25.309937676988532
CD8 T cells,2895,2178,73.20142251728191,78.24159465946715,JRP112,RA,COL4A1,23.79046231811662,25.428518264326826
Dendritic cells,567,341,91.81765578064812,89.80158688423207,JRP112,RA,COL4A1,29.84073812871064,29.18551573737542
MERTK+ Macrophages,2664,1686,85.12608757739352,87.35333945150698,JRP112,RA,COL4A1,27.665978462652895,28.38983532173977
Macrophages,4539,2028,78.66210941036758,81.54139373251226,JRP112,RA,COL4A1,25.565185558369464,26.500952963066485
Monocytes,7964,6049,77.77292982088653,80.42943518157327,JRP112,RA,COL4A1,25.276202191788123,26.139566434011314
Neutrophils,2405,1568,89.70611603292039,88.4568388576652,JRP112,RA,COL4A1,29.15448771069913,28.748472628741194
Plasma cells,822,705,79.52022156789937,80.89839236479321,JRP112,RA,COL4A1,25.844072009567295,26.291977518557793
T cells,2516,1650,60.50610202265997,67.52626934974936,JRP112,RA,COL4A1,19.66448315736449,21.94603753866854
Vascular cells,4603,4340,42.76695398808822,51.52740652552344,JRP112,RA,COL4A1,13.89926004612867,16.74640712079512
B cells,433,403,48.6668109801945,56.18502188456357,JRP112,RA,CHP,15.816713568563213,18.26013211248316
CD4 T cells,11858,10891,62.43190145423695,68.07474934767419,JRP112,RA,CHP,20.29036797262701,22.12429353799411
CD8 T cells,2895,2704,59.92117473900913,66.12481060394742,JRP112,RA,CHP,19.47438179017797,21.490563446282913
Dendritic cells,567,483,56.12274633680589,62.06897365983061,JRP112,RA,CHP,18.239892559461914,20.172416439444948
MERTK+ Macrophages,2664,2539,50.175157264588066,56.486442922293236,JRP112,RA,CHP,16.30692611099112,18.358093949745303
Macrophages,4539,4091,60.18028239929599,65.57123266136458,JRP112,RA,CHP,19.5585917797712,21.310650614943487
Monocytes,7964,7374,56.632588294071326,62.728352556073034,JRP112,RA,CHP,18.40559119557318,20.386714580723737
Neutrophils,2405,2311,52.453107941325335,58.27072023072869,JRP112,RA,CHP,17.047260080930734,18.937984074986826
Plasma cells,822,804,53.23293004244722,59.262349881260164,JRP112,RA,CHP,17.300702263795348,19.260263711409554
T cells,2516,2143,70.57734277715421,74.30459373368585,JRP112,RA,CHP,22.93763640257512,24.148992963447903
Vascular cells,4603,4270,68.96236344193497,71.67298432415221,JRP112,RA,CHP,22.412768118628865,23.29371990534947
B cells,433,430,30.445966945648145,31.68214263325995,JRP112,RA,FN,9.894939257335647,10.296696355809484
CD4 T cells,11858,11784,32.07610560826029,36.153735223566706,JRP112,RA,FN,10.424734322684595,11.74996394765918
CD8 T cells,2895,2891,28.89756580848806,31.51872215913969,JRP112,RA,FN,9.39170888775862,10.2435847017204
Dendritic cells,567,551,31.309989532276784,33.69069914736594,JRP112,RA,FN,10.175746597989955,10.94947722289393
MERTK+ Macrophages,2664,2662,31.92702656678327,34.647815010036425,JRP112,RA,FN,10.376283634204563,11.260539878261838
Macrophages,4539,4501,37.162970023360785,43.536767617218324,JRP112,RA,FN,12.077965257592256,14.149449475595956
Monocytes,7964,7889,34.35357811220183,40.26392824409946,JRP112,RA,FN,11.164912886465595,13.085776679332325
Neutrophils,2405,2400,27.075230305136174,30.11393485323913,JRP112,RA,FN,8.799449849169257,9.787028827302718
Plasma cells,822,821,31.99112923720905,36.22498735390329,JRP112,RA,FN,10.397117002092942,11.77312089001857
T cells,2516,2495,34.03502034996778,39.89906599908339,JRP112,RA,FN,11.06138161373953,12.967196449702103
Vascular cells,4603,4585,34.18665986391752,39.29708532314159,JRP112,RA,FN,11.110664455773195,12.771552730021016
B cells,433,421,48.31725174609923,53.07192459790535,JRP112,RA,COL1A1bis,15.70310681748225,17.24837549431924
CD4 T cells,11858,11700,41.400318963408736,46.31080944369759,JRP112,RA,COL1A1bis,13.45510366310784,15.051013069201717
CD8 T cells,2895,2874,41.58692817689816,45.912149878105744,JRP112,RA,COL1A1bis,13.515751657491903,14.921448710384368
Dendritic cells,567,543,40.49045137340988,44.739867380589956,JRP112,RA,COL1A1bis,13.159396696358213,14.540456898691737
MERTK+ Macrophages,2664,2623,46.40327464286583,52.04805865698913,JRP112,RA,COL1A1bis,15.081064258931395,16.91561906352147
Macrophages,4539,4379,47.91975239494404,53.6460218050809,JRP112,RA,COL1A1bis,15.573919528356814,17.43495708665129
Monocytes,7964,7785,45.12467792138095,50.3289242968371,JRP112,RA,COL1A1bis,14.66552032444881,16.35690039647206
Neutrophils,2405,2386,42.756929747685234,49.3658168512219,JRP112,RA,COL1A1bis,13.896002167997702,16.043890476647118
Plasma cells,822,812,51.65163388685677,56.813558908160125,JRP112,RA,COL1A1bis,16.786781013228453,18.464406645152042
T cells,2516,2422,41.12819971862861,47.523658098231806,JRP112,RA,COL1A1bis,13.366664908554299,15.445188881925338
Vascular cells,4603,4565,36.13410256130069,40.5681057626023,JRP112,RA,COL1A1bis,11.743583332422725,13.184634372845748
B cells,433,278,69.73820171065486,73.65758013505264,JRP112,RA,MFAP5,22.664915555962832,23.93871354389211
CD4 T cells,11858,7421,59.40387143753252,66.862976104877,JRP112,RA,MFAP5,19.30625821719807,21.73046723408503
CD8 T cells,2895,1774,69.29584252132622,73.88434112144233,JRP112,RA,MFAP5,22.521148819431023,24.01241086446876
Dendritic cells,567,282,71.64491290260199,76.26025933804596,JRP112,RA,MFAP5,23.284596693345648,24.784584284864938
MERTK+ Macrophages,2664,1538,69.7336607547984,74.26909782030972,JRP112,RA,MFAP5,22.66343974530948,24.137456791600663
Macrophages,4539,2412,58.98702912696726,65.84836623808437,JRP112,RA,MFAP5,19.170784466264358,21.40071902737742
Monocytes,7964,6401,51.31754730428321,59.60601706051572,JRP112,RA,MFAP5,16.678202873892044,19.37195554466761
Neutrophils,2405,1565,74.65588874092774,78.58955791902031,JRP112,RA,MFAP5,24.263163840801514,25.541606323681602
Plasma cells,822,743,45.29485119086445,50.36171918454257,JRP112,RA,MFAP5,14.720826637030946,16.36755873497634
T cells,2516,1876,67.74184798027099,72.2297218918051,JRP112,RA,MFAP5,22.01610059358807,23.474659614836657
Vascular cells,4603,4336,51.194125511206735,56.47132055163672,JRP112,RA,MFAP5,16.63809079114219,18.353179179281934
B cells,3256,3198,44.502738090540404,50.52531442715988,JRP122,RA,COL6A1,14.463389879425632,16.420727188826962
CD4 T cells,3216,3191,41.196080233495756,45.04402090164289,JRP122,RA,COL6A1,13.38872607588612,14.639306793033938
CD8 T cells,1424,1418,38.703340453378786,42.8052750912743,JRP122,RA,COL6A1,12.578585647348106,13.911714404664147
Dendritic cells,953,876,40.65193464829692,47.47052828400903,JRP122,RA,COL6A1,13.2118787606965,15.427921692302935
MERTK+ Macrophages,451,441,41.56767346499522,50.486368112965465,JRP122,RA,COL6A1,13.509493876123447,16.408069636713776
Macrophages,4757,4676,41.500783952809385,47.598709170678696,JRP122,RA,COL6A1,13.48775478466305,15.469580480470576
Monocytes,10119,10086,36.50229703125667,40.82069526415127,JRP122,RA,COL6A1,11.863246535158417,13.266725960849163
Neutrophils,384,360,40.87180368338451,45.20620661498241,JRP122,RA,COL6A1,13.283336197099967,14.692017149869285
Plasma cells,5695,5686,37.01137402329775,41.103982685534476,JRP122,RA,COL6A1,12.028696557571768,13.358794372798705
T cells,302,271,39.127986513039524,48.026942219785596,JRP122,RA,COL6A1,12.716595616737846,15.608756221430319
Vascular cells,4936,4935,41.65366527027718,44.489636892092804,JRP122,RA,COL6A1,13.537441212840085,14.459131989930162
B cells,3256,2058,93.08947801285964,92.30247713032188,JRP122,RA,COL4A1,30.254080354179386,29.99830506735461
CD4 T cells,3216,2165,87.99305594113659,88.78781639964329,JRP122,RA,COL4A1,28.597743180869394,28.85604032988407
CD8 T cells,1424,861,85.86092185319848,86.29427677008984,JRP122,RA,COL4A1,27.904799602289504,28.0456399502792
Dendritic cells,953,419,79.85732392939023,83.10925036377725,JRP122,RA,COL4A1,25.953630277051825,27.010506368227606
MERTK+ Macrophages,451,28,125.32286422762446,124.67101626256246,JRP122,RA,COL4A1,40.72993087397795,40.5180802853328
Macrophages,4757,915,113.83118452241499,109.4030175539156,JRP122,RA,COL4A1,36.99513496978487,35.55598070502257
Monocytes,10119,4780,93.23335220496364,91.90277924229514,JRP122,RA,COL4A1,30.300839466613184,29.86840325374592
Neutrophils,384,184,76.5940197353467,75.98564521314411,JRP122,RA,COL4A1,24.89305641398768,24.695334694271835
Plasma cells,5695,3373,93.52514891109574,93.1813849555746,JRP122,RA,COL4A1,30.395673396106115,30.283950110561747
T cells,302,38,88.31435473491275,83.13232214082484,JRP122,RA,COL4A1,28.702165288846647,27.018004695768074
Vascular cells,4936,4600,34.64393035612673,44.10232987689548,JRP122,RA,COL4A1,11.259277365741188,14.333257209991032
B cells,3256,3239,37.62031170616828,42.70294760137065,JRP122,RA,CHP,12.226601304504692,13.878457970445462
CD4 T cells,3216,3173,40.662028058045514,45.818696502473315,JRP122,RA,CHP,13.215159118864793,14.891076363303828
CD8 T cells,1424,1400,46.29492746551681,52.0896196368851,JRP122,RA,CHP,15.045851426292963,16.929126381987658
Dendritic cells,953,893,49.928044174366036,54.66672211058985,JRP122,RA,CHP,16.22661435666896,17.7666846859417
MERTK+ Macrophages,451,377,88.60038681821972,86.32239135754583,JRP122,RA,CHP,28.795125715921408,28.054777191202394
Macrophages,4757,4284,65.42339393525589,70.18146305977156,JRP122,RA,CHP,21.262603028958164,22.80897549442576
Monocytes,10119,9691,53.46552180846069,59.46071967317832,JRP122,RA,CHP,17.376294587749726,19.324733893782955
Neutrophils,384,346,55.19311241577142,62.71175754218534,JRP122,RA,CHP,17.937761535125713,20.381321201210234
Plasma cells,5695,5637,39.711933921122274,46.1246310642259,JRP122,RA,CHP,12.90637852436474,14.990505095873418
T cells,302,294,68.07365359131379,72.2502018795788,JRP122,RA,CHP,22.123937417176982,23.48131561086311
Vascular cells,4936,4859,54.320811796940895,59.23827226270916,JRP122,RA,CHP,17.654263834005793,19.252438485380477
B cells,3256,2911,46.252864386605374,53.667009446840865,JRP122,RA,FN,15.032180925646747,17.441778070223283
CD4 T cells,3216,2930,44.06932910557735,53.727552759375385,JRP122,RA,FN,14.32253195931264,17.461454646797
CD8 T cells,1424,1313,41.51178973915152,49.26939357256144,JRP122,RA,FN,13.491331665224244,16.01255291108247
Dendritic cells,953,846,46.26810584667403,53.36981772899112,JRP122,RA,FN,15.03713440016906,17.345190761922115
MERTK+ Macrophages,451,406,44.99483756762502,54.3736039723851,JRP122,RA,FN,14.623322209478133,17.67142129102516
Macrophages,4757,4547,40.13651296207322,47.2330019585552,JRP122,RA,FN,13.044366712673797,15.35072563653044
Monocytes,10119,9894,36.74335020094591,42.299620613434506,JRP122,RA,FN,11.941588815307421,13.747376699366216
Neutrophils,384,353,41.3328183333523,46.2142093523495,JRP122,RA,FN,13.433165958339497,15.019618039513588
Plasma cells,5695,5279,44.75778715036887,53.55979782234896,JRP122,RA,FN,14.546280823869884,17.406934292263415
T cells,302,282,43.62765675747321,52.95400317427516,JRP122,RA,FN,14.178988446178794,17.210051031639427
Vascular cells,4936,4784,44.80826926959446,49.652740456067804,JRP122,RA,FN,14.5626875126182,16.137140648222037
B cells,3256,2129,69.36628116618876,73.67564100251546,JRP122,RA,COL1A1bis,22.544041379011347,23.944583325817526
CD4 T cells,3216,2112,61.21284084629407,67.13037369555482,JRP122,RA,COL1A1bis,19.894173275045574,21.81737145105532
CD8 T cells,1424,900,57.63875615527782,65.48259573674333,JRP122,RA,COL1A1bis,18.73259575046529,21.281843614441584
Dendritic cells,953,458,66.68795029965764,73.52303233459395,JRP122,RA,COL1A1bis,21.673583847388734,23.894985508743034
MERTK+ Macrophages,451,113,115.50452873114422,108.4682835557173,JRP122,RA,COL1A1bis,37.53897183762187,35.25219215560813
Macrophages,4757,1604,99.67344038428195,96.73400897986333,JRP122,RA,COL1A1bis,32.39386812489163,31.438552918455585
Monocytes,10119,6382,65.71686457837464,71.79293510609625,JRP122,RA,COL1A1bis,21.357980987971757,23.332703909481282
Neutrophils,384,172,48.72092390561218,61.32112484915686,JRP122,RA,COL1A1bis,15.83430026932396,19.92936557597598
Plasma cells,5695,3952,55.21902907808668,62.93059979223443,JRP122,RA,COL1A1bis,17.94618445037817,20.45244493247619
T cells,302,63,74.11069843706083,81.40318446730876,JRP122,RA,COL1A1bis,24.08597699204477,26.45603495187535
Vascular cells,4936,3526,36.809231817496254,45.88005396815903,JRP122,RA,COL1A1bis,11.963000340686284,14.911017539651686
B cells,3256,2953,65.44068291213627,69.83746104484905,JRP122,RA,MFAP5,21.26822194644429,22.697174839575943
CD4 T cells,3216,3006,63.82674958351775,68.24197719183746,JRP122,RA,MFAP5,20.74369361464327,22.178642587347177
CD8 T cells,1424,1393,51.88806105650454,56.315345675472216,JRP122,RA,MFAP5,16.863619843363978,18.30248734452847
Dendritic cells,953,905,54.864698014363924,59.029248597031156,JRP122,RA,MFAP5,17.831026854668277,19.184505794035125
MERTK+ Macrophages,451,427,64.7794614111514,68.11016473942738,JRP122,RA,MFAP5,21.053324958624206,22.135803540313898
Macrophages,4757,4630,46.9398840281016,53.01164384338655,JRP122,RA,MFAP5,15.255462309133021,17.22878424910063
Monocytes,10119,10026,43.686715163426214,49.220615865630954,JRP122,RA,MFAP5,14.19818242811352,15.99670015633006
Neutrophils,384,353,48.49155860380004,54.499716443509364,JRP122,RA,MFAP5,15.759756546235012,17.712407844140543
Plasma cells,5695,5556,52.800337830068024,58.7846308046655,JRP122,RA,MFAP5,17.160109794772108,19.105005011516287
T cells,302,293,41.70323239570526,49.01682080619707,JRP122,RA,MFAP5,13.553550528604209,15.930466762014047
Vascular cells,4936,4917,53.912424338868895,57.666721448055775,JRP122,RA,MFAP5,17.52153791013239,18.74168447061813
B cells,7367,7005,45.1477826843435,53.47518402105301,JRP141,RA,COL6A1,14.673029372411637,17.37943480684223
CD4 T cells,19229,18666,38.94207509299346,45.60238513620474,JRP141,RA,COL6A1,12.656174405222876,14.82077516926654
CD8 T cells,9574,9291,37.51754645653593,43.5575976486713,JRP141,RA,COL6A1,12.193202598374178,14.156219235818172
Dendritic cells,29013,27528,40.55672523352453,48.75345824692526,JRP141,RA,COL6A1,13.180935700895473,15.844873930250712
MERTK+ Macrophages,3249,3151,39.51491336230082,47.12129712055397,JRP141,RA,COL6A1,12.842346842747766,15.31442156418004
Macrophages,17433,16953,39.10043657415564,45.99647432603886,JRP141,RA,COL6A1,12.707641886600582,14.948854155962628
Monocytes,33258,33166,33.06854865181041,37.11390883954823,JRP141,RA,COL6A1,10.747278311838384,12.062020372853175
Neutrophils,6360,6046,40.50557234080139,47.93741444680199,JRP141,RA,COL6A1,13.164311010760454,15.579659695210646
Plasma cells,6501,6029,35.35014620241266,40.99045850821721,JRP141,RA,COL6A1,11.488797515784114,13.321899015170594
T cells,3482,3301,44.92846520036858,51.93316706585255,JRP141,RA,COL6A1,14.601751190119789,16.87827929640208
Vascular cells,4539,4515,37.747345273456595,41.12379759404319,JRP141,RA,COL6A1,12.267887213873394,13.365234218064037
B cells,7367,3032,99.67071881202057,96.64022005028053,JRP141,RA,COL4A1,32.39298361390669,31.408071516341174
CD4 T cells,19229,11550,86.44078002880866,87.26299968451768,JRP141,RA,COL4A1,28.093253509362814,28.360474897468247
CD8 T cells,9574,5646,80.7588442816934,83.16816856909725,JRP141,RA,COL4A1,26.246624391550355,27.029654784956605
Dendritic cells,29013,11924,91.73102291738692,90.66272613669162,JRP141,RA,COL4A1,29.81258244815075,29.465385994424775
MERTK+ Macrophages,3249,564,106.10607758343858,102.10326077825665,JRP141,RA,COL4A1,34.48447521461754,33.18355975293341
Macrophages,17433,4409,103.55056874722631,99.51453039702771,JRP141,RA,COL4A1,33.65393484284855,32.342222379034006
Monocytes,33258,15589,93.37249407241268,92.4446022407575,JRP141,RA,COL4A1,30.34606057353412,30.04449572824619
Neutrophils,6360,2593,77.76895133240644,78.11601891360732,JRP141,RA,COL4A1,25.274909183032097,25.38770614692238
Plasma cells,6501,3570,101.14647055842264,98.3747170531067,JRP141,RA,COL4A1,32.87260293148736,31.97178304225968
T cells,3482,1295,70.28858282065677,74.77986489014408,JRP141,RA,COL4A1,22.843789416713452,24.303456089296827
Vascular cells,4539,4344,44.45502864552898,51.73729320668738,JRP141,RA,COL4A1,14.447884309796917,16.8146202921734
B cells,7367,7276,37.628880234336194,43.084136545346254,JRP141,RA,CHP,12.229386076159264,14.002344377237533
CD4 T cells,19229,19018,43.69093538821481,49.10065245735898,JRP141,RA,CHP,14.199554001169814,15.95771204864167
CD8 T cells,9574,9500,42.58145295301552,48.124623797371875,JRP141,RA,CHP,13.838972209730045,15.64050273414586
Dendritic cells,29013,28392,45.99743294836028,51.435926531659014,JRP141,RA,CHP,14.949165708217091,16.71667612278918
MERTK+ Macrophages,3249,3159,52.243773695644514,58.19236044303093,JRP141,RA,CHP,16.979226451084468,18.912517143985053
Macrophages,17433,16880,49.65138475468907,56.36933250324507,JRP141,RA,CHP,16.136700045273948,18.320033063554646
Monocytes,33258,33069,41.97746353386908,47.282766445961755,JRP141,RA,CHP,13.642675648507451,15.36689909493757
Neutrophils,6360,6112,51.37342961527489,56.52112304729272,JRP141,RA,CHP,16.69636462496434,18.369364990370133
Plasma cells,6501,6493,39.77465525882684,44.42318657883474,JRP141,RA,CHP,12.926762959118724,14.43753563812129
T cells,3482,3355,51.91447488145436,58.39327344530419,JRP141,RA,CHP,16.872204336472667,18.97781386972386
Vascular cells,4539,4491,51.04552712748345,56.595748199399736,JRP141,RA,CHP,16.58979631643212,18.393618164804916
B cells,7367,6169,55.29726178689142,62.00866857351819,JRP141,RA,FN,17.971610080739712,20.152817286393415
CD4 T cells,19229,18365,49.73452038813192,56.50692884863303,JRP141,RA,FN,16.163719126142876,18.364751875805737
CD8 T cells,9574,9295,46.24530051139895,52.92390444704656,JRP141,RA,FN,15.029722666204659,17.200268945290134
Dendritic cells,29013,28046,45.18425633212391,52.22027893478797,JRP141,RA,FN,14.68488330794027,16.97159065380609
MERTK+ Macrophages,3249,3167,45.6942626418683,52.06585493283172,JRP141,RA,FN,14.850635358607198,16.92140285317031
Macrophages,17433,17146,40.59484475371713,47.07902064837591,JRP141,RA,FN,13.193324544958069,15.300681710722172
Monocytes,33258,32958,36.703767645888696,41.40289989284696,JRP141,RA,FN,11.928724484913827,13.455942465175262
Neutrophils,6360,6168,46.67146335011151,53.254620841163906,JRP141,RA,FN,15.16822558878624,17.30775177337827
Plasma cells,6501,6363,41.74934993970711,48.11676808942896,JRP141,RA,FN,13.56853873040481,15.637949629064412
T cells,3482,3405,47.71450569815802,53.70919231373813,JRP141,RA,FN,15.507214351901357,17.455487501964893
Vascular cells,4539,4452,54.66370538764645,59.07180121788697,JRP141,RA,FN,17.7657042509851,19.198335395813267
B cells,7367,5863,58.358218208286566,65.91799156050728,JRP141,RA,COL1A1bis,18.966420917693135,21.423347257164867
CD4 T cells,19229,18102,44.64270382082752,51.346017478378734,JRP141,RA,COL1A1bis,14.508878741768944,16.68745568047309
CD8 T cells,9574,8773,45.56089282853524,52.5942320883733,JRP141,RA,COL1A1bis,14.807290169273953,17.093125428721326
Dendritic cells,29013,25238,46.966829537629806,55.58945838406092,JRP141,RA,COL1A1bis,15.264219599729687,18.0665739748198
MERTK+ Macrophages,3249,2584,51.28129168462595,60.57071331503353,JRP141,RA,COL1A1bis,16.666419797503433,19.685481827385896
Macrophages,17433,13923,54.39390423816074,62.945520463097274,JRP141,RA,COL1A1bis,17.67801887740224,20.457294150506616
Monocytes,33258,29544,45.59011285574461,54.32175514026887,JRP141,RA,COL1A1bis,14.816786678116998,17.654570420587383
Neutrophils,6360,5408,47.5125875866913,55.4678934937229,JRP141,RA,COL1A1bis,15.441590965674674,18.02706538545994
Plasma cells,6501,5620,51.710889319440724,58.578271619359775,JRP141,RA,COL1A1bis,16.806039028818237,19.03793827629193
T cells,3482,2847,52.95328919570371,60.77941177741277,JRP141,RA,COL1A1bis,17.209818988603708,19.75330882765915
Vascular cells,4539,4495,43.23562525136548,46.42296479266527,JRP141,RA,COL1A1bis,14.05157820669378,15.087463557616212
B cells,7367,4384,79.9599641261292,81.21230626469415,JRP141,RA,MFAP5,25.98698834099199,26.3939995360256
CD4 T cells,19229,14193,66.61810474278165,71.83953436138994,JRP141,RA,MFAP5,21.650884041404037,23.347848667451732
CD8 T cells,9574,7569,61.61925693682868,67.84877589037586,JRP141,RA,MFAP5,20.02625850446932,22.050852164372156
Dendritic cells,29013,21608,62.484710949686374,68.66780585421441,JRP141,RA,MFAP5,20.30753105864807,22.317036902619684
MERTK+ Macrophages,3249,2886,53.355203994616005,60.69709475102721,JRP141,RA,MFAP5,17.3404412982502,19.726555794083843
Macrophages,17433,15320,50.39388554108857,58.51079333478835,JRP141,RA,MFAP5,16.378012800853785,19.016007833806217
Monocytes,33258,29639,43.67379068695412,52.26472285649021,JRP141,RA,MFAP5,14.19398197326009,16.98603492835932
Neutrophils,6360,4902,66.04937720117479,69.64480107846153,JRP141,RA,MFAP5,21.46604759038181,22.634560350499996
Plasma cells,6501,5899,43.075405944349654,51.50912383559613,JRP141,RA,MFAP5,13.999506931913638,16.740465246568743
T cells,3482,2935,59.74454899804388,65.58886629922722,JRP141,RA,MFAP5,19.416978424364263,21.31638154724885
Vascular cells,4539,3830,78.12707704496891,79.38466093247605,JRP141,RA,MFAP5,25.391300039614897,25.80001480305472
B cells,1651,906,85.75119549513616,85.82400609840964,JRP144,OA,COL6A1,27.86913853591925,27.892801981983133
CD4 T cells,1760,1672,39.30802807516703,44.75033984678648,JRP144,OA,COL6A1,12.775109124429285,14.543860450205607
CD8 T cells,662,654,38.88481369060406,44.12821900988386,JRP144,OA,COL6A1,12.637564449446321,14.341671178212254
Dendritic cells,710,671,37.261908098104286,43.94444268816671,JRP144,OA,COL6A1,12.110120131883892,14.281943873654182
MERTK+ Macrophages,1389,1279,38.08396499327845,45.27805785479939,JRP144,OA,COL6A1,12.377288622815497,14.715368802809802
Macrophages,6912,6538,39.741295139519806,46.34907154562785,JRP144,OA,COL6A1,12.915920920343938,15.063448252329051
Monocytes,13090,13019,35.08653692358153,39.09924669069768,JRP144,OA,COL6A1,11.403124500163997,12.707255174476748
Neutrophils,1037,990,46.58890081307489,51.322707264031415,JRP144,OA,COL6A1,15.14139276424934,16.67987986081021
Plasma cells,193,192,35.42608957352341,38.288223565640074,JRP144,OA,COL6A1,11.51347911139511,12.443672658833025
T cells,641,501,43.86339773588883,48.72177673121487,JRP144,OA,COL6A1,14.255604264163871,15.834577437644832
Vascular cells,6556,6476,45.81726594480238,48.1948626002422,JRP144,OA,COL6A1,14.890611432060775,15.663330345078716
B cells,1651,115,111.85445977365846,103.12574575714464,JRP144,OA,COL4A1,36.352699426439,33.51586737107201
CD4 T cells,1760,1248,58.91039334446175,65.5842052393661,JRP144,OA,COL4A1,19.14587783695007,21.31486670279398
CD8 T cells,662,421,82.9821585633348,84.56152040576369,JRP144,OA,COL4A1,26.96920153308381,27.4824941318732
Dendritic cells,710,417,79.02543226160162,78.11684897327163,JRP144,OA,COL4A1,25.683265485020527,25.38797591631328
MERTK+ Macrophages,1389,121,124.04805931210022,118.39794437929906,JRP144,OA,COL4A1,40.31561927643257,38.4793319232722
Macrophages,6912,1264,113.78745182139562,109.27049931645617,JRP144,OA,COL4A1,36.98092184195358,35.51291227784826
Monocytes,13090,5354,90.50017942642012,90.23235776797276,JRP144,OA,COL4A1,29.41255831358654,29.32551627459115
Neutrophils,1037,398,76.18790217485298,78.72951301849676,JRP144,OA,COL4A1,24.76106820682722,25.587091731011448
Plasma cells,193,106,70.53186774336926,75.61720163549062,JRP144,OA,COL4A1,22.92285701659501,24.575590531534452
T cells,641,398,70.39796052723328,72.97344813840638,JRP144,OA,COL4A1,22.879337171350816,23.716370644982074
Vascular cells,6556,6113,40.95585258648761,49.91930907924068,JRP144,OA,COL4A1,13.310652090608473,16.223775450753223
B cells,1651,1646,57.768266143515014,60.54359057297657,JRP144,OA,CHP,18.77468649664238,19.676666936217387
CD4 T cells,1760,1690,49.67901332710838,55.05626399322573,JRP144,OA,CHP,16.145679331310223,17.893285797798363
CD8 T cells,662,653,42.53858113261557,47.97552319056245,JRP144,OA,CHP,13.82503886810006,15.592045036932797
Dendritic cells,710,676,43.96031106651491,50.22168044957684,JRP144,OA,CHP,14.287101096617347,16.322046146112474
MERTK+ Macrophages,1389,1184,81.03934659559198,82.53751428399507,JRP144,OA,CHP,26.337787643567395,26.824692142298396
Macrophages,6912,6225,74.59840445546982,76.35149650879639,JRP144,OA,CHP,24.244481448027692,24.814236365358827
Monocytes,13090,12658,52.28681244766018,59.17459902440143,JRP144,OA,CHP,16.99321404548956,19.231744682930465
Neutrophils,1037,964,68.8429602949657,71.16338220303528,JRP144,OA,CHP,22.373962095863856,23.128099215986467
Plasma cells,193,192,49.58160604875484,53.72387119424037,JRP144,OA,CHP,16.114021965845325,17.46025813812812
T cells,641,606,64.55352053411252,68.67903813905073,JRP144,OA,CHP,20.97989417358657,22.320687395191488
Vascular cells,6556,6519,51.64278796651643,55.63463097398757,JRP144,OA,CHP,16.783906089117842,18.08125506654596
B cells,1651,1590,61.3820649884138,64.24707488986586,JRP144,OA,FN,19.949171121234485,20.880299339206406
CD4 T cells,1760,1552,46.86696536918299,53.66740029524587,JRP144,OA,FN,15.231763744984473,17.44190509595491
CD8 T cells,662,568,43.294719851924995,51.7523426667476,JRP144,OA,FN,14.070783951875624,16.81951136669297
Dendritic cells,710,619,42.704520985073046,51.539338230429,JRP144,OA,FN,13.878969320148741,16.750284924889428
MERTK+ Macrophages,1389,1324,38.91938972871415,46.563415334249015,JRP144,OA,FN,12.648801661832099,15.13310998363093
Macrophages,6912,6096,46.60997007012779,53.50336027904944,JRP144,OA,FN,15.148240272791531,17.38859209069107
Monocytes,13090,12797,36.15454222558079,41.45537512602682,JRP144,OA,FN,11.750226223313758,13.472996915958717
Neutrophils,1037,958,46.16958568596933,52.95311185263484,JRP144,OA,FN,15.005115347940032,17.209761352106323
Plasma cells,193,180,36.12213255207355,43.78348822864977,JRP144,OA,FN,11.739693079423905,14.229633674311177
T cells,641,604,51.52836398260674,59.05153964625239,JRP144,OA,FN,16.746718294347193,19.191750385032027
Vascular cells,6556,6277,47.133328494389445,53.98801616870286,JRP144,OA,FN,15.31833176067657,17.546105254828433
B cells,1651,348,96.26616001676746,93.17802568710619,JRP144,OA,COL1A1bis,31.286502005449425,30.28285834830951
CD4 T cells,1760,1548,45.12277574169943,51.35340124626358,JRP144,OA,COL1A1bis,14.664902116052314,16.689855405035665
CD8 T cells,662,589,49.72243117037635,57.2467076862636,JRP144,OA,COL1A1bis,16.159790130372315,18.60517999803567
Dendritic cells,710,577,53.46670478849343,59.56107155375807,JRP144,OA,COL1A1bis,17.376679056260365,19.357348254971374
MERTK+ Macrophages,1389,195,124.12100789410485,116.35552720174739,JRP144,OA,COL1A1bis,40.33932756558408,37.815546340567906
Macrophages,6912,2057,111.0868779409939,106.54762411080033,JRP144,OA,COL1A1bis,36.10323533082302,34.62797783601011
Monocytes,13090,8044,71.10789925530727,75.91185060248436,JRP144,OA,COL1A1bis,23.110067257974865,24.67135144580742
Neutrophils,1037,729,61.8944403713993,68.30187531716872,JRP144,OA,COL1A1bis,20.115693120704773,22.198109478079836
Plasma cells,193,158,51.10044523320121,59.21923901919559,JRP144,OA,COL1A1bis,16.60764470079039,19.246252681238566
T cells,641,493,52.49240581150186,62.895570103451554,JRP144,OA,COL1A1bis,17.060031888738106,20.441060283621756
Vascular cells,6556,6476,42.38155506469022,47.09809004193155,JRP144,OA,COL1A1bis,13.774005396024322,15.306879263627755
B cells,1651,1216,77.60149088048064,80.48433215214503,JRP144,OA,MFAP5,25.22048453615621,26.157407949447137
CD4 T cells,1760,1729,46.661659619772074,50.64980266470494,JRP144,OA,MFAP5,15.165039376425925,16.46118586602911
CD8 T cells,662,653,46.8053485522217,51.229770368283866,JRP144,OA,MFAP5,15.211738279472053,16.649675369692257
Dendritic cells,710,674,45.857349187178365,51.82639072907717,JRP144,OA,MFAP5,14.90363848583297,16.84357698695008
MERTK+ Macrophages,1389,1335,72.97631136015495,76.17137845499619,JRP144,OA,MFAP5,23.71730119205036,24.75569799787376
Macrophages,6912,6637,64.98127225047935,67.73198608328669,JRP144,OA,MFAP5,21.11891348140579,22.012895477068174
Monocytes,13090,12858,48.862096488470726,54.3764864618698,JRP144,OA,MFAP5,15.880181358752987,17.672358100107687
Neutrophils,1037,984,52.44680012884472,58.20351536039019,JRP144,OA,MFAP5,17.045210041874537,18.916142492126813
Plasma cells,193,189,44.5959421540775,50.70937114265157,JRP144,OA,MFAP5,14.493681200075187,16.48054562136176
T cells,641,636,46.80769163281069,50.1927087662356,JRP144,OA,MFAP5,15.212499780663475,16.31263034902657
Vascular cells,6556,6517,52.04498122961717,55.81682061283195,JRP144,OA,MFAP5,16.91461889962558,18.140466699170382
B cells,4111,4104,38.84049419732172,42.87535062511305,S00292623,OA,COL6A1,12.623160614129558,13.934488953161742
CD4 T cells,3565,3522,40.34193731162586,45.05166434791446,S00292623,OA,COL6A1,13.111129626278405,14.6417909130722
CD8 T cells,3363,3340,38.899924603901624,43.33227552818048,S00292623,OA,COL6A1,12.642475496268029,14.082989546658657
Dendritic cells,2508,2409,37.90551918099431,43.031279859701336,S00292623,OA,COL6A1,12.319293733823152,13.985165954402934
MERTK+ Macrophages,4,3,32.157854021933474,37.90573939663011,S00292623,OA,COL6A1,10.451302557128379,12.319365303904787
Macrophages,7047,6927,47.15163102022711,52.628975464162274,S00292623,OA,COL6A1,15.32428008157381,17.10441702585274
Monocytes,61147,59937,43.82491738441897,49.86485087197226,S00292623,OA,COL6A1,14.243098149936165,16.206076533390984
Neutrophils,2928,2728,55.25952401468702,60.71636147973281,S00292623,OA,COL6A1,17.95934530477328,19.732817480913162
Plasma cells,2824,2816,36.91945885427619,42.38897770163245,S00292623,OA,COL6A1,11.998824127639763,13.776417753030547
T cells,662,648,48.8793886974228,55.15962358285139,S00292623,OA,COL6A1,15.88580132666241,17.9268776644267
Vascular cells,14188,13998,49.56438374780376,53.340522653020834,S00292623,OA,COL6A1,16.108424718036222,17.33566986223177
B cells,4111,3235,83.00766609143454,84.474883599907,S00292623,OA,COL4A1,26.977491479716228,27.454337169969776
CD4 T cells,3565,2805,77.82334826424996,79.90766785895684,S00292623,OA,COL4A1,25.292588185881236,25.969992054160976
CD8 T cells,3363,2809,78.08394778309847,80.4156752975738,S00292623,OA,COL4A1,25.377283029507,26.135094471711486
Dendritic cells,2508,1618,87.49261402164296,87.01599675337103,S00292623,OA,COL4A1,28.435099557033965,28.280198944845583
MERTK+ Macrophages,4,3,52.56770921043526,57.43645166469985,S00292623,OA,COL4A1,17.08450549339146,18.666846791027453
Macrophages,7047,3038,94.31768330293738,91.59793267599308,S00292623,OA,COL4A1,30.65324707345465,29.76932811969775
Monocytes,61147,39000,80.40591420426242,81.59503427358635,S00292623,OA,COL4A1,26.131922116385287,26.518386138915563
Neutrophils,2928,2165,54.23321765723791,61.882157453546014,S00292623,OA,COL4A1,17.62579573860232,20.111701172402455
Plasma cells,2824,2278,86.12271649379448,86.14704311065924,S00292623,OA,COL4A1,27.98988286048321,27.997789010964254
T cells,662,476,70.16568568847845,74.20384199049423,S00292623,OA,COL4A1,22.803847848755495,24.116248646910623
Vascular cells,14188,13576,41.1433603837956,48.90632887918074,S00292623,OA,COL4A1,13.37159212473357,15.894556885733742
B cells,4111,4103,40.470655537569556,44.549649197458876,S00292623,OA,CHP,13.152963049710106,14.478635989174135
CD4 T cells,3565,3532,45.17578205664398,49.03222424020954,S00292623,OA,CHP,14.682129168409295,15.9354728780681
CD8 T cells,3363,3349,43.7865062478462,47.56865623139573,S00292623,OA,CHP,14.230614530550016,15.459813275203611
Dendritic cells,2508,2399,43.914179833379116,48.1703607893837,S00292623,OA,CHP,14.272108445848213,15.655367256549702
MERTK+ Macrophages,4,4,61.416264531995964,69.92057893907501,S00292623,OA,CHP,19.96028597289869,22.724188155199382
Macrophages,7047,6851,61.847102875116846,65.31089644430502,S00292623,OA,CHP,20.100308434412977,21.226041344399132
Monocytes,61147,60535,46.64431277261934,52.06501543486937,S00292623,OA,CHP,15.159401651101286,16.921130016332548
Neutrophils,2928,2805,51.52094012676784,56.273837696899626,S00292623,OA,CHP,16.744305541199548,18.28899725149238
Plasma cells,2824,2819,41.81464151108756,45.93914124324789,S00292623,OA,CHP,13.589758491103456,14.930220904055565
T cells,662,648,48.86427756829972,54.128690377092404,S00292623,OA,CHP,15.880890209697409,17.59182437255503
Vascular cells,14188,14132,45.92017140125697,49.91105952399909,S00292623,OA,CHP,14.924055705408517,16.221094345299704
B cells,4111,4032,42.715523519583186,49.40462082965065,S00292623,OA,FN,13.882545143864537,16.056501769636462
CD4 T cells,3565,3537,40.823226599705926,47.31723291964605,S00292623,OA,FN,13.267548644904426,15.378100698884968
CD8 T cells,3363,3344,39.2043529435737,44.02322931957992,S00292623,OA,FN,12.741414706661454,14.307549528863474
Dendritic cells,2508,2416,42.63788869877807,49.08093210817855,S00292623,OA,FN,13.857313827102873,15.95130293515803
MERTK+ Macrophages,4,4,42.55290783650574,41.58727919546117,S00292623,OA,FN,13.829695046864366,13.515865738524882
Macrophages,7047,6927,43.077874598759216,48.98778987003071,S00292623,OA,FN,14.000309244596746,15.921031707759981
Monocytes,61147,60903,36.448193718061226,41.02227708120472,S00292623,OA,FN,11.8456629583699,13.332240051391535
Neutrophils,2928,2836,43.898410215589124,48.47196240534743,S00292623,OA,FN,14.266983320066466,15.753387781737917
Plasma cells,2824,2815,40.31013934483477,44.78147997874185,S00292623,OA,FN,13.1007952870713,14.553980993091102
T cells,662,657,41.70628455154998,46.93898769648949,S00292623,OA,FN,13.554542479253744,15.255171001359084
Vascular cells,14188,14142,40.899105003012494,45.08061404833029,S00292623,OA,FN,13.292209125979062,14.651199565707344
B cells,4111,3294,66.01429045404919,71.22454309686928,S00292623,OA,COL1A1bis,21.454644397565986,23.147976506482518
CD4 T cells,3565,3098,61.59661892356655,67.44996738126166,S00292623,OA,COL1A1bis,20.01890115015913,21.92123939891004
CD8 T cells,3363,2959,58.151405224509,64.55497422241379,S00292623,OA,COL1A1bis,18.899206697965425,20.980366622284482
Dendritic cells,2508,1809,70.62581965980085,74.50415836777765,S00292623,OA,COL1A1bis,22.95339138943528,24.213851469527736
MERTK+ Macrophages,4,2,68.57531513016353,68.57531513016353,S00292623,OA,COL1A1bis,22.28697741730315,22.28697741730315
Macrophages,7047,2767,86.58597874347078,86.343655168448,S00292623,OA,COL1A1bis,28.140443091628004,28.0616879297456
Monocytes,61147,38737,69.59342135863392,74.09973797547256,S00292623,OA,COL1A1bis,22.617861941556026,24.082414842028584
Neutrophils,2928,2101,51.368106761769496,58.82771204816023,S00292623,OA,COL1A1bis,16.694634697575086,19.119006415652077
Plasma cells,2824,2317,77.0119011453144,78.37667087940649,S00292623,OA,COL1A1bis,25.02886787222718,25.47241803580711
T cells,662,502,61.83633684877694,67.87875319425382,S00292623,OA,COL1A1bis,20.096809475852506,22.06059478813249
Vascular cells,14188,12668,41.760383157029494,49.49190218241475,S00292623,OA,COL1A1bis,13.572124526034585,16.084868209284792
B cells,4111,4065,42.97784647508757,48.355755295223595,S00292623,OA,MFAP5,13.96780010440346,15.71562047094767
CD4 T cells,3565,3537,44.20328043909154,48.186601914223765,S00292623,OA,MFAP5,14.366066142704751,15.660645622122724
CD8 T cells,3363,3352,41.44133548683769,45.97233776768103,S00292623,OA,MFAP5,13.468434033222248,14.941009774496337
Dendritic cells,2508,2409,44.40785630046445,49.561103391752994,S00292623,OA,MFAP5,14.432553297650948,16.107358602319724
MERTK+ Macrophages,4,3,64.2501654687128,77.01574123140061,S00292623,OA,MFAP5,20.88130377733166,25.0301159002052
Macrophages,7047,6769,63.34710545146696,66.67383670582304,S00292623,OA,MFAP5,20.587809271726762,21.66899692939249
Monocytes,61147,60297,47.37815184768305,52.67549871789763,S00292623,OA,MFAP5,15.397899350496992,17.119537083316732
Neutrophils,2928,2751,57.544699662826325,60.593839676729935,S00292623,OA,MFAP5,18.702027390418557,19.69299789493723
Plasma cells,2824,2805,41.834443802953565,46.93316722701375,S00292623,OA,MFAP5,13.59619423595991,15.253279348779468
T cells,662,609,47.15425762607781,52.36391379692063,S00292623,OA,MFAP5,15.325133728475288,17.018271983999206
Vascular cells,14188,14100,54.40238650582152,58.05179857158779,S00292623,OA,MFAP5,17.680775614391994,18.86683453576603
B cells,174,173,41.383078379468756,45.619801176294835,S00293087,OA,COL6A1,13.449500473327346,14.826435382295822
CD4 T cells,658,648,38.65565173068966,44.50652241481448,S00293087,OA,COL6A1,12.563086812474141,14.464619784814705
CD8 T cells,758,755,40.33137163225787,45.53425056820298,S00293087,OA,COL6A1,13.107695780483809,14.798631434665968
Dendritic cells,677,622,41.99870476305253,47.26426069404504,S00293087,OA,COL6A1,13.649579047992072,15.36088472556464
MERTK+ Macrophages,28,28,54.43187148373434,54.77073487233132,S00293087,OA,COL6A1,17.69035823221366,17.80048883350768
Macrophages,13582,13340,45.7332410160504,51.75011723182857,S00293087,OA,COL6A1,14.86330333021638,16.818788100344285
Monocytes,14623,14410,42.26570286600956,48.32418266735998,S00293087,OA,COL6A1,13.736353431453107,15.705359366891994
Neutrophils,807,736,46.176025330402766,52.58209378797437,S00293087,OA,COL6A1,15.007208232380899,17.08918048109167
Plasma cells,14,14,51.11425629567387,50.3313217942594,S00293087,OA,COL6A1,16.612133296094008,16.357679583134306
T cells,455,451,46.52425296209898,54.66454034340488,S00293087,OA,COL6A1,15.120382212682168,17.765975611606585
Vascular cells,12285,12182,43.27219419456512,46.92595189392023,S00293087,OA,COL6A1,14.063463113233663,15.250934365524074
B cells,174,122,80.52177550479492,82.63745123296809,S00293087,OA,COL4A1,26.16957703905835,26.85717165071463
CD4 T cells,658,461,86.45962680689432,86.0581784482968,S00293087,OA,COL4A1,28.099378712240654,27.968907995696462
CD8 T cells,758,566,84.54630545233206,85.05361093914435,S00293087,OA,COL4A1,27.47754927200792,27.642423555221914
Dendritic cells,677,428,83.32549474041181,82.43084098964249,S00293087,OA,COL4A1,27.08078579063384,26.79002332163381
MERTK+ Macrophages,28,12,55.372520020178115,62.41786628321515,S00293087,OA,COL4A1,17.99606900655789,20.285806542044924
Macrophages,13582,4265,99.9849234132157,96.67902933172992,S00293087,OA,COL4A1,32.4951001092951,31.420684532812224
Monocytes,14623,7242,93.08065241077836,91.36351667462651,S00293087,OA,COL4A1,30.251212033502966,29.693142919253617
Neutrophils,807,505,47.59144376962585,58.468843468857926,S00293087,OA,COL4A1,15.467219225128401,19.002374127378825
Plasma cells,14,10,105.86696118752735,107.16133466253844,S00293087,OA,COL4A1,34.406762385946394,34.82743376532499
T cells,455,215,75.84825010850352,78.00928863219272,S00293087,OA,COL4A1,24.650681285263644,25.353018805462636
Vascular cells,12285,11653,44.741365943409576,51.80416164568197,S00293087,OA,COL4A1,14.540943931608112,16.836352534846643
B cells,174,174,41.92328902766209,43.93488973746653,S00293087,OA,CHP,13.62506893399018,14.278839164676622
CD4 T cells,658,640,40.18721951270906,46.08638305209451,S00293087,OA,CHP,13.060846341630446,14.978074491930716
CD8 T cells,758,752,40.236530515821066,45.463898726109356,S00293087,OA,CHP,13.076872417641846,14.77576708598554
Dendritic cells,677,621,42.977797940644756,48.130368966666026,S00293087,OA,CHP,13.967784330709547,15.642369914166458
MERTK+ Macrophages,28,25,40.58753170853952,47.65381185508951,S00293087,OA,CHP,13.190947805275345,15.487488852904091
Macrophages,13582,12881,47.83384910567969,55.495286759365996,S00293087,OA,CHP,15.5460009593459,18.03596819679395
Monocytes,14623,14386,38.59905426801515,44.07457933260175,S00293087,OA,CHP,12.544692637104925,14.32423828309557
Neutrophils,807,783,42.38810553818478,48.48339089122187,S00293087,OA,CHP,13.776134299910055,15.75710203964711
Plasma cells,14,14,32.0217184888975,32.59198392564449,S00293087,OA,CHP,10.407058508891687,10.59239477583446
T cells,455,452,41.87400137097892,47.205286061538324,S00293087,OA,CHP,13.609050445568148,15.341717969999955
Vascular cells,12285,12230,44.444068433940714,48.002623946734296,S00293087,OA,CHP,14.444322241030733,15.600852782688646
B cells,174,121,58.70441862010274,67.10247200644847,S00293087,OA,FN,19.078936051533393,21.808303402095753
CD4 T cells,658,367,64.23802633145779,71.60214573863655,S00293087,OA,FN,20.87735855772378,23.27069736505688
CD8 T cells,758,453,57.51700394707594,65.64408721054389,S00293087,OA,FN,18.693026282799682,21.334328343426765
Dendritic cells,677,351,60.170991578419546,69.03257998709066,S00293087,OA,FN,19.555572262986352,22.435588495804463
MERTK+ Macrophages,28,24,37.78216343108538,48.90309379379452,S00293087,OA,FN,12.27920311510275,15.893505482983219
Macrophages,13582,10924,49.224750631842426,57.85351873741036,S00293087,OA,FN,15.99804395534879,18.80239358965837
Monocytes,14623,12632,47.806760235120755,55.594199854454345,S00293087,OA,FN,15.537197076414246,18.068114952697663
Neutrophils,807,657,46.08257128883485,56.47102302457587,S00293087,OA,FN,14.976835668871326,18.35308248298716
Plasma cells,14,14,51.94174156655522,51.69523094373407,S00293087,OA,FN,16.881066009130446,16.80095005671357
T cells,455,355,53.016482591441836,61.17036216791523,S00293087,OA,FN,17.230356842218598,19.88036770457245
Vascular cells,12285,8410,53.53904842103055,62.820195881988745,S00293087,OA,FN,17.40019073683493,20.416563661646343
B cells,174,161,49.409557965966336,55.612871095729595,S00293087,OA,COL1A1bis,16.05810633893906,18.07418310611212
CD4 T cells,658,583,52.00249449519065,60.06130577350877,S00293087,OA,COL1A1bis,16.900810710936963,19.51992437639035
CD8 T cells,758,704,49.18085673897569,57.088431370305265,S00293087,OA,COL1A1bis,15.9837784401671,18.553740195349214
Dendritic cells,677,555,54.27941477634453,61.56637787202309,S00293087,OA,COL1A1bis,17.640809802311974,20.009072808407506
MERTK+ Macrophages,28,15,59.03747998167362,62.39751066182578,S00293087,OA,COL1A1bis,19.187180994043928,20.279190965093377
Macrophages,13582,6799,92.11979243390125,90.35732287303146,S00293087,OA,COL1A1bis,29.93893254101791,29.366129933735227
Monocytes,14623,10500,65.69144260734132,71.53888686700053,S00293087,OA,COL1A1bis,21.34971884738593,23.25013823177517
Neutrophils,807,554,53.04211172405692,60.74340581771313,S00293087,OA,COL1A1bis,17.2386863103185,19.741606890756767
Plasma cells,14,11,63.95042864425599,67.0778452848614,S00293087,OA,COL1A1bis,20.7838893093832,21.800299717579954
T cells,455,266,72.61351459267063,78.18367861333363,S00293087,OA,COL1A1bis,23.599392242617956,25.409695549333428
Vascular cells,12285,11391,42.75425069820096,48.25562624151451,S00293087,OA,COL1A1bis,13.895131476915314,15.683078528492217
B cells,174,172,38.364982220754094,44.014267895288484,S00293087,OA,MFAP5,12.468619221745081,14.304637065968757
CD4 T cells,658,649,44.347232288413345,49.19140002449255,S00293087,OA,MFAP5,14.412850493734338,15.98720500796008
CD8 T cells,758,755,44.413770331522855,48.576709241595644,S00293087,OA,MFAP5,14.434475357744928,15.787430503518586
Dendritic cells,677,619,44.588044484609505,50.525376490840394,S00293087,OA,MFAP5,14.491114457498089,16.42074735952313
MERTK+ Macrophages,28,28,48.23929938129152,49.27391495427526,S00293087,OA,MFAP5,15.677772298919743,16.01402236013946
Macrophages,13582,13091,53.98856522318152,59.16341292466143,S00293087,OA,MFAP5,17.546283697533994,19.228109200514965
Monocytes,14623,14278,45.93066427241708,51.68787366443316,S00293087,OA,MFAP5,14.927465888535552,16.79855894094078
Neutrophils,807,723,48.12883051612739,55.65292819732425,S00293087,OA,MFAP5,15.641869917741401,18.087201664130383
Plasma cells,14,14,49.007218761056365,52.18681383286314,S00293087,OA,MFAP5,15.92734609734332,16.96071449568052
T cells,455,439,48.51799784248093,51.542542682909115,S00293087,OA,MFAP5,15.768349298806303,16.751326371945463
Vascular cells,12285,12160,50.68047245697636,54.985539165950804,S00293087,OA,MFAP5,16.471153548517318,17.870300228934013
