imageid,pathology,phenotype,COL6A1_zone,n_cells,fraction
JRP112,RA,B cells,COL6A1-poor,219,0.5093023255813953
JRP112,RA,B cells,COL6A1-rich,211,0.4906976744186046
JRP112,RA,CD4 T cells,COL6A1-poor,6955,0.5901069064992364
JRP112,RA,CD4 T cells,COL6A1-rich,4831,0.40989309350076364
JRP112,RA,CD8 T cells,COL6A1-poor,1643,0.5687088958116996
JRP112,RA,CD8 T cells,COL6A1-rich,1246,0.43129110418830047
JRP112,RA,Dendritic cells,COL6A1-poor,303,0.5600739371534196
JRP112,RA,Dendritic cells,COL6A1-rich,238,0.4399260628465804
JRP112,RA,MERTK+ Macrophages,COL6A1-poor,1602,0.6056710775047259
JRP112,RA,MERTK+ Macrophages,COL6A1-rich,1043,0.3943289224952741
JRP112,RA,Macrophages,COL6A1-poor,2990,0.6603356890459364
JRP112,RA,Macrophages,COL6A1-rich,1538,0.33966431095406363
JRP112,RA,Monocytes,COL6A1-poor,5134,0.6459486663311524
JRP112,RA,Monocytes,COL6A1-rich,2814,0.3540513336688475
JRP112,RA,Neutrophils,COL6A1-poor,1303,0.5429166666666667
JRP112,RA,Neutrophils,COL6A1-rich,1097,0.45708333333333334
JRP112,RA,Plasma cells,COL6A1-poor,549,0.6686967113276492
JRP112,RA,Plasma cells,COL6A1-rich,272,0.3313032886723508
JRP112,RA,T cells,COL6A1-poor,1594,0.6355661881977671
JRP112,RA,T cells,COL6A1-rich,914,0.36443381180223283
JRP112,RA,Vascular cells,COL6A1-poor,3005,0.6528351075385618
JRP112,RA,Vascular cells,COL6A1-rich,1598,0.34716489246143817
JRP122,RA,B cells,COL6A1-poor,2154,0.6735459662288931
JRP122,RA,B cells,COL6A1-rich,1044,0.32645403377110693
JRP122,RA,CD4 T cells,COL6A1-poor,2131,0.6678157317455343
JRP122,RA,CD4 T cells,COL6A1-rich,1060,0.3321842682544657
JRP122,RA,CD8 T cells,COL6A1-poor,830,0.5853314527503526
JRP122,RA,CD8 T cells,COL6A1-rich,588,0.4146685472496474
JRP122,RA,Dendritic cells,COL6A1-poor,594,0.678082191780822
JRP122,RA,Dendritic cells,COL6A1-rich,282,0.3219178082191781
JRP122,RA,MERTK+ Macrophages,COL6A1-poor,390,0.8843537414965986
JRP122,RA,MERTK+ Macrophages,COL6A1-rich,51,0.11564625850340136
JRP122,RA,Macrophages,COL6A1-poor,3372,0.7211291702309667
JRP122,RA,Macrophages,COL6A1-rich,1304,0.2788708297690334
JRP122,RA,Monocytes,COL6A1-poor,6135,0.6082688875669244
JRP122,RA,Monocytes,COL6A1-rich,3951,0.39173111243307557
JRP122,RA,Neutrophils,COL6A1-poor,236,0.6555555555555556
JRP122,RA,Neutrophils,COL6A1-rich,124,0.34444444444444444
JRP122,RA,Plasma cells,COL6A1-poor,2868,0.5043967639817095
JRP122,RA,Plasma cells,COL6A1-rich,2818,0.49560323601829054
JRP122,RA,T cells,COL6A1-poor,155,0.5719557195571956
JRP122,RA,T cells,COL6A1-rich,116,0.4280442804428044
JRP122,RA,Vascular cells,COL6A1-poor,3400,0.6889564336372846
JRP122,RA,Vascular cells,COL6A1-rich,1535,0.3110435663627153
JRP141,RA,B cells,COL6A1-poor,5637,0.8047109207708779
JRP141,RA,B cells,COL6A1-rich,1368,0.19528907922912206
JRP141,RA,CD4 T cells,COL6A1-poor,13070,0.7002035786992392
JRP141,RA,CD4 T cells,COL6A1-rich,5596,0.29979642130076073
JRP141,RA,CD8 T cells,COL6A1-poor,6163,0.6633301044021096
JRP141,RA,CD8 T cells,COL6A1-rich,3128,0.33666989559789046
JRP141,RA,Dendritic cells,COL6A1-poor,20177,0.7329628015111886
JRP141,RA,Dendritic cells,COL6A1-rich,7351,0.2670371984888114
JRP141,RA,MERTK+ Macrophages,COL6A1-poor,2430,0.7711837511900984
JRP141,RA,MERTK+ Macrophages,COL6A1-rich,721,0.22881624880990162
JRP141,RA,Macrophages,COL6A1-poor,12712,0.7498377868223913
JRP141,RA,Macrophages,COL6A1-rich,4241,0.25016221317760867
JRP141,RA,Monocytes,COL6A1-poor,18605,0.5609660495688356
JRP141,RA,Monocytes,COL6A1-rich,14561,0.43903395043116444
JRP141,RA,Neutrophils,COL6A1-poor,4652,0.7694343367515712
JRP141,RA,Neutrophils,COL6A1-rich,1394,0.23056566324842873
JRP141,RA,Plasma cells,COL6A1-poor,3606,0.5981091391607232
JRP141,RA,Plasma cells,COL6A1-rich,2423,0.40189086083927683
JRP141,RA,T cells,COL6A1-poor,2721,0.8242956679794002
JRP141,RA,T cells,COL6A1-rich,580,0.17570433202059982
JRP141,RA,Vascular cells,COL6A1-poor,3196,0.7078626799557032
JRP141,RA,Vascular cells,COL6A1-rich,1319,0.29213732004429677
JRP144,OA,B cells,COL6A1-poor,845,0.9326710816777042
JRP144,OA,B cells,COL6A1-rich,61,0.0673289183222958
JRP144,OA,CD4 T cells,COL6A1-poor,1061,0.6345693779904307
JRP144,OA,CD4 T cells,COL6A1-rich,611,0.3654306220095694
JRP144,OA,CD8 T cells,COL6A1-poor,386,0.5902140672782875
JRP144,OA,CD8 T cells,COL6A1-rich,268,0.40978593272171254
JRP144,OA,Dendritic cells,COL6A1-poor,419,0.624441132637854
JRP144,OA,Dendritic cells,COL6A1-rich,252,0.37555886736214605
JRP144,OA,MERTK+ Macrophages,COL6A1-poor,1117,0.8733385457388585
JRP144,OA,MERTK+ Macrophages,COL6A1-rich,162,0.1266614542611415
JRP144,OA,Macrophages,COL6A1-poor,5503,0.8416947078617314
JRP144,OA,Macrophages,COL6A1-rich,1035,0.15830529213826858
JRP144,OA,Monocytes,COL6A1-poor,9239,0.7096551194408173
JRP144,OA,Monocytes,COL6A1-rich,3780,0.2903448805591827
JRP144,OA,Neutrophils,COL6A1-poor,848,0.8565656565656565
JRP144,OA,Neutrophils,COL6A1-rich,142,0.14343434343434344
JRP144,OA,Plasma cells,COL6A1-poor,117,0.609375
JRP144,OA,Plasma cells,COL6A1-rich,75,0.390625
JRP144,OA,T cells,COL6A1-poor,368,0.7345309381237525
JRP144,OA,T cells,COL6A1-rich,133,0.2654690618762475
JRP144,OA,Vascular cells,COL6A1-poor,4733,0.730852378011118
JRP144,OA,Vascular cells,COL6A1-rich,1743,0.26914762198888204
S00292623,OA,B cells,COL6A1-poor,2009,0.4895224171539961
S00292623,OA,B cells,COL6A1-rich,2095,0.5104775828460039
S00292623,OA,CD4 T cells,COL6A1-poor,1800,0.5110732538330494
S00292623,OA,CD4 T cells,COL6A1-rich,1722,0.4889267461669506
S00292623,OA,CD8 T cells,COL6A1-poor,1763,0.5278443113772455
S00292623,OA,CD8 T cells,COL6A1-rich,1577,0.4721556886227545
S00292623,OA,Dendritic cells,COL6A1-poor,1200,0.49813200498132004
S00292623,OA,Dendritic cells,COL6A1-rich,1209,0.50186799501868
S00292623,OA,MERTK+ Macrophages,COL6A1-poor,3,1.0
S00292623,OA,Macrophages,COL6A1-poor,4969,0.7173379529377797
S00292623,OA,Macrophages,COL6A1-rich,1958,0.2826620470622203
S00292623,OA,Monocytes,COL6A1-poor,38965,0.6500992709011129
S00292623,OA,Monocytes,COL6A1-rich,20972,0.34990072909888714
S00292623,OA,Neutrophils,COL6A1-poor,2170,0.7954545454545454
S00292623,OA,Neutrophils,COL6A1-rich,558,0.20454545454545456
S00292623,OA,Plasma cells,COL6A1-poor,1390,0.49360795454545453
S00292623,OA,Plasma cells,COL6A1-rich,1426,0.5063920454545454
S00292623,OA,T cells,COL6A1-poor,489,0.7546296296296297
S00292623,OA,T cells,COL6A1-rich,159,0.24537037037037038
S00292623,OA,Vascular cells,COL6A1-poor,9699,0.6928846978139734
S00292623,OA,Vascular cells,COL6A1-rich,4299,0.30711530218602656
S00293087,OA,B cells,COL6A1-poor,122,0.7052023121387283
S00293087,OA,B cells,COL6A1-rich,51,0.2947976878612717
S00293087,OA,CD4 T cells,COL6A1-poor,437,0.6743827160493827
S00293087,OA,CD4 T cells,COL6A1-rich,211,0.3256172839506173
S00293087,OA,CD8 T cells,COL6A1-poor,467,0.6185430463576159
S00293087,OA,CD8 T cells,COL6A1-rich,288,0.38145695364238413
S00293087,OA,Dendritic cells,COL6A1-poor,401,0.6446945337620579
S00293087,OA,Dendritic cells,COL6A1-rich,221,0.3553054662379421
S00293087,OA,MERTK+ Macrophages,COL6A1-poor,26,0.9285714285714286
S00293087,OA,MERTK+ Macrophages,COL6A1-rich,2,0.07142857142857142
S00293087,OA,Macrophages,COL6A1-poor,11137,0.8348575712143929
S00293087,OA,Macrophages,COL6A1-rich,2203,0.1651424287856072
S00293087,OA,Monocytes,COL6A1-poor,10898,0.7562803608605135
S00293087,OA,Monocytes,COL6A1-rich,3512,0.24371963913948647
S00293087,OA,Neutrophils,COL6A1-poor,611,0.8301630434782609
S00293087,OA,Neutrophils,COL6A1-rich,125,0.16983695652173914
S00293087,OA,Plasma cells,COL6A1-poor,8,0.5714285714285714
S00293087,OA,Plasma cells,COL6A1-rich,6,0.42857142857142855
S00293087,OA,T cells,COL6A1-poor,387,0.8580931263858093
S00293087,OA,T cells,COL6A1-rich,64,0.1419068736141907
S00293087,OA,Vascular cells,COL6A1-poor,8870,0.728123460843868
S00293087,OA,Vascular cells,COL6A1-rich,3312,0.271876539156132
