radius,K,L,L_minus_r,radius_um,imageid,pathology,phenotype,fiber_type,cell_fiber_pair
30.769230769230766,9555.286493275793,55.15017820576947,24.380947436538705,10.0,JRP112,RA,Monocytes,COL6A1,Monocytes vs COL6A1
61.53846153846153,37637.73739183056,109.45530551512333,47.916843976661795,20.0,JRP112,RA,Monocytes,COL6A1,Monocytes vs COL6A1
92.3076923076923,82047.7446662716,161.6063373335267,69.2986450258344,30.0,JRP112,RA,Monocytes,COL6A1,Monocytes vs COL6A1
123.07692307692307,142948.2422447021,213.31160005748413,90.23467698056106,40.0,JRP112,RA,Monocytes,COL6A1,Monocytes vs COL6A1
153.84615384615384,221461.37185776798,265.50582681017056,111.65967296401672,50.0,JRP112,RA,Monocytes,COL6A1,Monocytes vs COL6A1
30.769230769230766,10050.480121604718,56.56118088937366,25.791950120142893,10.0,JRP112,RA,Macrophages,COL6A1,Macrophages vs COL6A1
61.53846153846153,39846.24121012346,112.62083512586057,51.08237358739903,20.0,JRP112,RA,Macrophages,COL6A1,Macrophages vs COL6A1
92.3076923076923,87324.34346304282,166.721929657725,74.4142373500327,30.0,JRP112,RA,Macrophages,COL6A1,Macrophages vs COL6A1
123.07692307692307,152063.05288132682,220.00721137138865,96.93028829446558,40.0,JRP112,RA,Macrophages,COL6A1,Macrophages vs COL6A1
153.84615384615384,232375.43346883144,271.96947949976436,118.12332565361052,50.0,JRP112,RA,Macrophages,COL6A1,Macrophages vs COL6A1
30.769230769230766,9726.88467768992,55.643180666442284,24.873949897211517,10.0,JRP112,RA,MERTK+ Macrophages,COL6A1,MERTK+ Macrophages vs COL6A1
61.53846153846153,38580.1916302605,110.8172207140075,49.27875917554597,20.0,JRP112,RA,MERTK+ Macrophages,COL6A1,MERTK+ Macrophages vs COL6A1
92.3076923076923,84556.86848418105,164.05879184992625,71.75109954223394,30.0,JRP112,RA,MERTK+ Macrophages,COL6A1,MERTK+ Macrophages vs COL6A1
123.07692307692307,149013.067430091,217.78965203509966,94.7127289581766,40.0,JRP112,RA,MERTK+ Macrophages,COL6A1,MERTK+ Macrophages vs COL6A1
153.84615384615384,228059.59339253587,269.4320382135348,115.58588436738094,50.0,JRP112,RA,MERTK+ Macrophages,COL6A1,MERTK+ Macrophages vs COL6A1
30.769230769230766,11313.917063568604,60.01109608061971,29.241865311388942,10.0,JRP112,RA,Dendritic cells,COL6A1,Dendritic cells vs COL6A1
61.53846153846153,45080.93594441235,119.79026500314895,58.25180346468741,20.0,JRP112,RA,Dendritic cells,COL6A1,Dendritic cells vs COL6A1
92.3076923076923,99684.78277630715,178.13099634758188,85.82330403988958,30.0,JRP112,RA,Dendritic cells,COL6A1,Dendritic cells vs COL6A1
123.07692307692307,173334.45138316686,234.89161222041463,111.81468914349156,40.0,JRP112,RA,Dendritic cells,COL6A1,Dendritic cells vs COL6A1
153.84615384615384,267515.166398819,291.80939355827104,137.9632397121172,50.0,JRP112,RA,Dendritic cells,COL6A1,Dendritic cells vs COL6A1
30.769230769230766,11888.627373121477,61.51640127656848,30.747170507337714,10.0,JRP112,RA,CD4 T cells,COL6A1,CD4 T cells vs COL6A1
61.53846153846153,46925.49302601712,122.21639965335983,60.677938114898296,20.0,JRP112,RA,CD4 T cells,COL6A1,CD4 T cells vs COL6A1
92.3076923076923,104196.2534352632,182.1172632447458,89.8095709370535,30.0,JRP112,RA,CD4 T cells,COL6A1,CD4 T cells vs COL6A1
123.07692307692307,183145.385467243,241.4476895792639,118.37076650234084,40.0,JRP112,RA,CD4 T cells,COL6A1,CD4 T cells vs COL6A1
153.84615384615384,283016.3401073033,300.14479673602324,146.2986428898694,50.0,JRP112,RA,CD4 T cells,COL6A1,CD4 T cells vs COL6A1
30.769230769230766,10253.726534809914,57.130224279754565,26.360993510523798,10.0,JRP112,RA,CD8 T cells,COL6A1,CD8 T cells vs COL6A1
61.53846153846153,40152.99869138607,113.05351141558141,51.51504987711988,20.0,JRP112,RA,CD8 T cells,COL6A1,CD8 T cells vs COL6A1
92.3076923076923,89720.10717958675,168.9934824327014,76.68579012500909,30.0,JRP112,RA,CD8 T cells,COL6A1,CD8 T cells vs COL6A1
123.07692307692307,156443.63202204547,223.15365715828213,100.07673408135906,40.0,JRP112,RA,CD8 T cells,COL6A1,CD8 T cells vs COL6A1
153.84615384615384,244373.05217635017,278.9020588390117,125.05590499285788,50.0,JRP112,RA,CD8 T cells,COL6A1,CD8 T cells vs COL6A1
30.769230769230766,11104.672379144584,59.453570129251254,28.684339360020488,10.0,JRP112,RA,B cells,COL6A1,B cells vs COL6A1
61.53846153846153,41009.360277367276,114.252723391431,52.71426185296947,20.0,JRP112,RA,B cells,COL6A1,B cells vs COL6A1
92.3076923076923,90590.7483561795,169.81145661750836,77.50376430981605,30.0,JRP112,RA,B cells,COL6A1,B cells vs COL6A1
123.07692307692307,161066.45420101375,226.42668726267985,103.34976418575678,40.0,JRP112,RA,B cells,COL6A1,B cells vs COL6A1
153.84615384615384,249124.55797949363,281.60044335199433,127.75428950584049,50.0,JRP112,RA,B cells,COL6A1,B cells vs COL6A1
30.769230769230766,12494.846358983043,63.06530839068215,32.29607762145138,10.0,JRP112,RA,Monocytes,CHP,Monocytes vs CHP
61.53846153846153,47203.6468693841,122.57808720343739,61.03962566497586,20.0,JRP112,RA,Monocytes,CHP,Monocytes vs CHP
92.3076923076923,100248.41315706936,178.6338741172356,86.32618180954329,30.0,JRP112,RA,Monocytes,CHP,Monocytes vs CHP
123.07692307692307,171870.513793043,233.89759230016273,110.82066922323966,40.0,JRP112,RA,Monocytes,CHP,Monocytes vs CHP
153.84615384615384,260388.4143993092,287.89617321357684,134.050019367423,50.0,JRP112,RA,Monocytes,CHP,Monocytes vs CHP
30.769230769230766,12687.515676558478,63.54967876362861,32.780447994397846,10.0,JRP112,RA,Macrophages,CHP,Macrophages vs CHP
61.53846153846153,47206.84186485356,122.58223550375374,61.0437739652922,20.0,JRP112,RA,Macrophages,CHP,Macrophages vs CHP
92.3076923076923,101113.31091013373,179.40280512709634,87.09511281940404,30.0,JRP112,RA,Macrophages,CHP,Macrophages vs CHP
123.07692307692307,174112.94379062508,235.41850250377223,112.34157942684917,40.0,JRP112,RA,Macrophages,CHP,Macrophages vs CHP
153.84615384615384,262817.2454658809,289.2357645440514,135.38961069789755,50.0,JRP112,RA,Macrophages,CHP,Macrophages vs CHP
30.769230769230766,40217.32184113029,113.14402829078988,82.37479752155912,10.0,JRP112,RA,Vascular cells,COL4A1,Vascular cells vs COL4A1
61.53846153846153,101971.21602975836,180.16227731813095,118.62381577966941,20.0,JRP112,RA,Vascular cells,COL4A1,Vascular cells vs COL4A1
92.3076923076923,172213.97815097682,234.13118498930305,141.82349268161073,30.0,JRP112,RA,Vascular cells,COL4A1,Vascular cells vs COL4A1
123.07692307692307,260534.88494345252,287.9771337680431,164.90021069112,40.0,JRP112,RA,Vascular cells,COL4A1,Vascular cells vs COL4A1
153.84615384615384,368034.345213262,342.2703179309584,188.42416408480457,50.0,JRP112,RA,Vascular cells,COL4A1,Vascular cells vs COL4A1
30.769230769230766,6867.154185210186,46.753428399431805,15.984197630201038,10.0,JRP122,RA,Monocytes,COL6A1,Monocytes vs COL6A1
61.53846153846153,25865.390082815018,90.73703418869384,29.198572650232308,20.0,JRP122,RA,Monocytes,COL6A1,Monocytes vs COL6A1
92.3076923076923,55878.7361955613,133.36699051303205,41.05929820533974,30.0,JRP122,RA,Monocytes,COL6A1,Monocytes vs COL6A1
123.07692307692307,95948.400110316,174.7607630981036,51.68384002118054,40.0,JRP122,RA,Monocytes,COL6A1,Monocytes vs COL6A1
153.84615384615384,145771.0261947272,215.40742502740704,61.561271181253204,50.0,JRP122,RA,Monocytes,COL6A1,Monocytes vs COL6A1
30.769230769230766,5687.631963784953,42.54914197780818,11.779911208577417,10.0,JRP122,RA,Macrophages,COL6A1,Macrophages vs COL6A1
61.53846153846153,20870.346738785116,81.50605925352383,19.967597715062297,20.0,JRP122,RA,Macrophages,COL6A1,Macrophages vs COL6A1
92.3076923076923,44703.91273250491,119.28829520893385,26.98060290124154,30.0,JRP122,RA,Macrophages,COL6A1,Macrophages vs COL6A1
123.07692307692307,77423.77301854869,156.98647195683415,33.909548879911085,40.0,JRP122,RA,Macrophages,COL6A1,Macrophages vs COL6A1
153.84615384615384,118966.02161979525,194.5971757285686,40.75102188241476,50.0,JRP122,RA,Macrophages,COL6A1,Macrophages vs COL6A1
30.769230769230766,6023.147250263937,43.78615438354601,13.016923614315246,10.0,JRP122,RA,MERTK+ Macrophages,COL6A1,MERTK+ Macrophages vs COL6A1
61.53846153846153,17431.696747822687,74.48947179158806,12.951010253126526,20.0,JRP122,RA,MERTK+ Macrophages,COL6A1,MERTK+ Macrophages vs COL6A1
92.3076923076923,35394.84766478631,106.14391142063091,13.836219112938608,30.0,JRP122,RA,MERTK+ Macrophages,COL6A1,MERTK+ Macrophages vs COL6A1
123.07692307692307,58282.807215789275,136.20570374007727,13.128780663154203,40.0,JRP122,RA,MERTK+ Macrophages,COL6A1,MERTK+ Macrophages vs COL6A1
153.84615384615384,85528.69095374791,164.99887236868045,11.152718522526612,50.0,JRP122,RA,MERTK+ Macrophages,COL6A1,MERTK+ Macrophages vs COL6A1
30.769230769230766,5397.49928204558,41.44969700908585,10.680466239855086,10.0,JRP122,RA,Dendritic cells,COL6A1,Dendritic cells vs COL6A1
61.53846153846153,22321.271224459466,84.29164432454272,22.753182786081183,20.0,JRP122,RA,Dendritic cells,COL6A1,Dendritic cells vs COL6A1
92.3076923076923,48211.85649027165,123.88022663899037,31.57253433129806,30.0,JRP122,RA,Dendritic cells,COL6A1,Dendritic cells vs COL6A1
123.07692307692307,83748.2953117395,163.27250334568367,40.19558026876061,40.0,JRP122,RA,Dendritic cells,COL6A1,Dendritic cells vs COL6A1
153.84615384615384,125848.78971169502,200.14723063159644,46.3010767854426,50.0,JRP122,RA,Dendritic cells,COL6A1,Dendritic cells vs COL6A1
30.769230769230766,5557.7868787757025,42.06065273883489,11.291421969604123,10.0,JRP122,RA,CD4 T cells,COL6A1,CD4 T cells vs COL6A1
61.53846153846153,22122.365209646345,83.91524028446072,22.37677874599919,20.0,JRP122,RA,CD4 T cells,COL6A1,CD4 T cells vs COL6A1
92.3076923076923,49570.1187364114,125.61313169053665,33.30543938284434,30.0,JRP122,RA,CD4 T cells,COL6A1,CD4 T cells vs COL6A1
123.07692307692307,86165.47522201548,165.61196397269126,42.53504089576819,40.0,JRP122,RA,CD4 T cells,COL6A1,CD4 T cells vs COL6A1
153.84615384615384,132585.85175043743,205.4346304308567,51.588476584702875,50.0,JRP122,RA,CD4 T cells,COL6A1,CD4 T cells vs COL6A1
30.769230769230766,6421.100588933002,45.20951003536684,14.440279266136073,10.0,JRP122,RA,CD8 T cells,COL6A1,CD8 T cells vs COL6A1
61.53846153846153,25025.541599650187,89.25176355833183,27.713302019870298,20.0,JRP122,RA,CD8 T cells,COL6A1,CD8 T cells vs COL6A1
92.3076923076923,55355.47064233198,132.74107713820487,40.433384830512566,30.0,JRP122,RA,CD8 T cells,COL6A1,CD8 T cells vs COL6A1
123.07692307692307,96517.51720025728,175.27829276540766,52.20136968848459,40.0,JRP122,RA,CD8 T cells,COL6A1,CD8 T cells vs COL6A1
153.84615384615384,146401.09342767243,215.87245166103273,62.02629781487889,50.0,JRP122,RA,CD8 T cells,COL6A1,CD8 T cells vs COL6A1
30.769230769230766,4820.414391912332,39.17123378767027,8.402003018439501,10.0,JRP122,RA,B cells,COL6A1,B cells vs COL6A1
61.53846153846153,20190.06392721943,80.16668229830067,18.628220759839138,20.0,JRP122,RA,B cells,COL6A1,B cells vs COL6A1
92.3076923076923,45268.916918576906,120.03975921341933,27.732066905727024,30.0,JRP122,RA,B cells,COL6A1,B cells vs COL6A1
123.07692307692307,79988.59869375904,159.56554059762198,36.48861752069891,40.0,JRP122,RA,B cells,COL6A1,B cells vs COL6A1
153.84615384615384,124720.28604484824,199.24783576176043,45.40168191560659,50.0,JRP122,RA,B cells,COL6A1,B cells vs COL6A1
30.769230769230766,5709.712681148231,42.631654831573684,11.862424062342917,10.0,JRP122,RA,Monocytes,CHP,Monocytes vs CHP
61.53846153846153,20812.67111062024,81.3933595104797,19.854897972018165,20.0,JRP122,RA,Monocytes,CHP,Monocytes vs CHP
92.3076923076923,44578.31577766041,119.12060536050078,26.81291305280847,30.0,JRP122,RA,Monocytes,CHP,Monocytes vs CHP
123.07692307692307,76219.34468524087,155.76062060662872,32.683697529705654,40.0,JRP122,RA,Monocytes,CHP,Monocytes vs CHP
153.84615384615384,115213.25410560433,191.50331015734184,37.657156311188004,50.0,JRP122,RA,Monocytes,CHP,Monocytes vs CHP
30.769230769230766,3719.644923980825,34.40929747025433,3.6400667010235637,10.0,JRP122,RA,Macrophages,CHP,Macrophages vs CHP
61.53846153846153,14620.481884871568,68.2190876861135,6.680626147651964,20.0,JRP122,RA,Macrophages,CHP,Macrophages vs CHP
92.3076923076923,32444.4130716205,101.6237050698675,9.316012762175191,30.0,JRP122,RA,Macrophages,CHP,Macrophages vs CHP
123.07692307692307,57712.69484772425,135.53789628122072,12.460973204297659,40.0,JRP122,RA,Macrophages,CHP,Macrophages vs CHP
153.84615384615384,91255.2888016629,170.43315578879088,16.587001942637045,50.0,JRP122,RA,Macrophages,CHP,Macrophages vs CHP
30.769230769230766,67782.74798088914,146.88743579701222,116.11820502778144,10.0,JRP122,RA,Vascular cells,COL4A1,Vascular cells vs COL4A1
61.53846153846153,141068.27184197248,211.90428394480915,150.3658224063476,20.0,JRP122,RA,Vascular cells,COL4A1,Vascular cells vs COL4A1
92.3076923076923,203157.3962242792,254.29708545232205,161.98939314462973,30.0,JRP122,RA,Vascular cells,COL4A1,Vascular cells vs COL4A1
123.07692307692307,266137.14329239767,291.05683945010173,167.97991637317867,40.0,JRP122,RA,Vascular cells,COL4A1,Vascular cells vs COL4A1
153.84615384615384,333061.07654053974,325.6019554085479,171.75580156239405,50.0,JRP122,RA,Vascular cells,COL4A1,Vascular cells vs COL4A1
30.769230769230766,22201.79571893731,84.06575443288847,53.2965236636577,10.0,JRP141,RA,Monocytes,COL6A1,Monocytes vs COL6A1
61.53846153846153,86064.18471324451,165.51459404105003,103.9761325025885,20.0,JRP141,RA,Monocytes,COL6A1,Monocytes vs COL6A1
92.3076923076923,190871.31774871834,246.48778352759123,154.18009121989894,30.0,JRP141,RA,Monocytes,COL6A1,Monocytes vs COL6A1
123.07692307692307,334877.41259788675,326.48857727270587,203.4116541957828,40.0,JRP141,RA,Monocytes,COL6A1,Monocytes vs COL6A1
153.84615384615384,517148.0700775302,405.7256996131076,251.87954576695378,50.0,JRP141,RA,Monocytes,COL6A1,Monocytes vs COL6A1
30.769230769230766,16277.9027566669,71.98206286142023,41.212832092189466,10.0,JRP141,RA,Macrophages,COL6A1,Macrophages vs COL6A1
61.53846153846153,64646.88122890703,143.44943850050592,81.91097696204439,20.0,JRP141,RA,Macrophages,COL6A1,Macrophages vs COL6A1
92.3076923076923,141517.63931912277,212.24152200893374,119.93382970124144,30.0,JRP141,RA,Macrophages,COL6A1,Macrophages vs COL6A1
123.07692307692307,246766.57867684585,280.2645920778974,157.18766900097435,40.0,JRP141,RA,Macrophages,COL6A1,Macrophages vs COL6A1
153.84615384615384,378178.8168616855,346.95540945828145,193.1092556121276,50.0,JRP141,RA,Macrophages,COL6A1,Macrophages vs COL6A1
30.769230769230766,15897.963424370912,71.13704329085917,40.3678125216284,10.0,JRP141,RA,MERTK+ Macrophages,COL6A1,MERTK+ Macrophages vs COL6A1
61.53846153846153,62318.95587534887,140.84296131427715,79.30449977581561,20.0,JRP141,RA,MERTK+ Macrophages,COL6A1,MERTK+ Macrophages vs COL6A1
92.3076923076923,136743.7004132921,208.6309462062265,116.32325389853419,30.0,JRP141,RA,MERTK+ Macrophages,COL6A1,MERTK+ Macrophages vs COL6A1
123.07692307692307,238893.75063960862,275.75757936294826,152.6806562860252,40.0,JRP141,RA,MERTK+ Macrophages,COL6A1,MERTK+ Macrophages vs COL6A1
153.84615384615384,367947.0267108364,342.2297126112672,188.38355876511335,50.0,JRP141,RA,MERTK+ Macrophages,COL6A1,MERTK+ Macrophages vs COL6A1
30.769230769230766,15621.001517823408,70.51467375812776,39.74544298889699,10.0,JRP141,RA,Dendritic cells,COL6A1,Dendritic cells vs COL6A1
61.53846153846153,62500.73905568316,141.04822981951,79.50976828104847,20.0,JRP141,RA,Dendritic cells,COL6A1,Dendritic cells vs COL6A1
92.3076923076923,139592.64049903426,210.7930679821858,118.48537567449348,30.0,JRP141,RA,Dendritic cells,COL6A1,Dendritic cells vs COL6A1
123.07692307692307,245833.4007489422,279.7341627555884,156.65723967866532,40.0,JRP141,RA,Dendritic cells,COL6A1,Dendritic cells vs COL6A1
153.84615384615384,380689.08548534114,348.10501213319276,194.25885828703892,50.0,JRP141,RA,Dendritic cells,COL6A1,Dendritic cells vs COL6A1
30.769230769230766,17648.48953094665,74.9512421105311,44.18201134130033,10.0,JRP141,RA,CD4 T cells,COL6A1,CD4 T cells vs COL6A1
61.53846153846153,73287.67494693109,152.73569154271794,91.19723000425641,20.0,JRP141,RA,CD4 T cells,COL6A1,CD4 T cells vs COL6A1
92.3076923076923,164507.3885640872,228.8325329367029,136.5248406290106,30.0,JRP141,RA,CD4 T cells,COL6A1,CD4 T cells vs COL6A1
123.07692307692307,293140.9222311975,305.4662887966918,182.38936571976873,40.0,JRP141,RA,CD4 T cells,COL6A1,CD4 T cells vs COL6A1
153.84615384615384,457332.98459729407,381.54109906438384,227.69494521823,50.0,JRP141,RA,CD4 T cells,COL6A1,CD4 T cells vs COL6A1
30.769230769230766,17585.178923038384,74.81668464663443,44.04745387740366,10.0,JRP141,RA,CD8 T cells,COL6A1,CD8 T cells vs COL6A1
61.53846153846153,70831.19279108169,150.15415051070465,88.61568897224312,20.0,JRP141,RA,CD8 T cells,COL6A1,CD8 T cells vs COL6A1
92.3076923076923,158217.1126184628,224.41495295525849,132.1072606475662,30.0,JRP141,RA,CD8 T cells,COL6A1,CD8 T cells vs COL6A1
123.07692307692307,280138.919916243,298.6151163524535,175.53819327553046,40.0,JRP141,RA,CD8 T cells,COL6A1,CD8 T cells vs COL6A1
153.84615384615384,437375.0783368495,373.1230512914327,219.27689744527888,50.0,JRP141,RA,CD8 T cells,COL6A1,CD8 T cells vs COL6A1
30.769230769230766,12730.13433330905,63.65632420066344,32.887093431432675,10.0,JRP141,RA,B cells,COL6A1,B cells vs COL6A1
61.53846153846153,51838.603980149164,128.45520671754758,66.91674517908605,20.0,JRP141,RA,B cells,COL6A1,B cells vs COL6A1
92.3076923076923,118465.6828013358,194.18753309411562,101.87984078642332,30.0,JRP141,RA,B cells,COL6A1,B cells vs COL6A1
123.07692307692307,212734.1695203414,260.22180786287515,137.1448847859521,40.0,JRP141,RA,B cells,COL6A1,B cells vs COL6A1
153.84615384615384,336889.52650923334,327.4679630737413,173.62180922758748,50.0,JRP141,RA,B cells,COL6A1,B cells vs COL6A1
30.769230769230766,23173.93504405755,85.88651015325118,55.117279384020414,10.0,JRP141,RA,Monocytes,CHP,Monocytes vs CHP
61.53846153846153,89768.07222582436,169.0386489922954,107.50018745383387,20.0,JRP141,RA,Monocytes,CHP,Monocytes vs CHP
92.3076923076923,195100.2045626443,249.2033786062492,156.89568629855688,30.0,JRP141,RA,Monocytes,CHP,Monocytes vs CHP
123.07692307692307,337555.9912058077,327.79171609633045,204.71479301940738,40.0,JRP141,RA,Monocytes,CHP,Monocytes vs CHP
153.84615384615384,515269.55927142914,404.9881415123912,251.14198766623738,50.0,JRP141,RA,Monocytes,CHP,Monocytes vs CHP
30.769230769230766,17631.745255723712,74.91567810259083,44.146447333360065,10.0,JRP141,RA,Macrophages,CHP,Macrophages vs CHP
61.53846153846153,67870.1426966899,146.98209890003952,85.44363736157798,20.0,JRP141,RA,Macrophages,CHP,Macrophages vs CHP
92.3076923076923,149815.29547047432,218.37511224907854,126.06741994138623,30.0,JRP141,RA,Macrophages,CHP,Macrophages vs CHP
123.07692307692307,259890.99011159874,287.621055353421,164.54413227649795,40.0,JRP141,RA,Macrophages,CHP,Macrophages vs CHP
153.84615384615384,400321.64697822015,356.9682589342432,203.12210508808934,50.0,JRP141,RA,Macrophages,CHP,Macrophages vs CHP
30.769230769230766,233092.88187731948,272.38900253244685,241.61977176321608,10.0,JRP141,RA,Vascular cells,COL4A1,Vascular cells vs COL4A1
61.53846153846153,543327.6863005139,415.86845755216746,354.3299960137059,20.0,JRP141,RA,Vascular cells,COL4A1,Vascular cells vs COL4A1
92.3076923076923,882964.3236783247,530.1474072127443,437.83971490505195,30.0,JRP141,RA,Vascular cells,COL4A1,Vascular cells vs COL4A1
123.07692307692307,1250790.3472909739,630.9825140889199,507.90559101199676,40.0,JRP141,RA,Vascular cells,COL4A1,Vascular cells vs COL4A1
153.84615384615384,1635742.1808204872,721.576681582072,567.7305277359181,50.0,JRP141,RA,Vascular cells,COL4A1,Vascular cells vs COL4A1
30.769230769230766,13112.876815838721,64.6061787044528,33.836947935222035,10.0,JRP144,OA,Monocytes,COL6A1,Monocytes vs COL6A1
61.53846153846153,47577.42164469663,123.06243808994525,61.52397655148371,20.0,JRP144,OA,Monocytes,COL6A1,Monocytes vs COL6A1
92.3076923076923,101683.73826592328,179.9081408779725,87.6004485702802,30.0,JRP144,OA,Monocytes,COL6A1,Monocytes vs COL6A1
123.07692307692307,174413.82145536854,235.62182338726257,112.5449003103395,40.0,JRP144,OA,Monocytes,COL6A1,Monocytes vs COL6A1
153.84615384615384,263220.4546781459,289.45754951261205,135.6113956664582,50.0,JRP144,OA,Monocytes,COL6A1,Monocytes vs COL6A1
30.769230769230766,10251.913418056718,57.12517302615118,26.355942256920414,10.0,JRP144,OA,Macrophages,COL6A1,Macrophages vs COL6A1
61.53846153846153,35266.24835548042,105.95091080383531,44.41244926537378,20.0,JRP144,OA,Macrophages,COL6A1,Macrophages vs COL6A1
92.3076923076923,73958.14624951377,153.43275111607323,61.12505880838093,30.0,JRP144,OA,Macrophages,COL6A1,Macrophages vs COL6A1
123.07692307692307,125647.48423196662,199.98709059626057,76.9101675193375,40.0,JRP144,OA,Macrophages,COL6A1,Macrophages vs COL6A1
153.84615384615384,189992.11460227703,245.9194347237902,92.07328087763636,50.0,JRP144,OA,Macrophages,COL6A1,Macrophages vs COL6A1
30.769230769230766,10588.974653986563,58.056656094831254,27.287425325600488,10.0,JRP144,OA,MERTK+ Macrophages,COL6A1,MERTK+ Macrophages vs COL6A1
61.53846153846153,33261.83803075779,102.895927411313,41.35746587285146,20.0,JRP144,OA,MERTK+ Macrophages,COL6A1,MERTK+ Macrophages vs COL6A1
92.3076923076923,68288.50517051334,147.43441358274296,55.126721275050656,30.0,JRP144,OA,MERTK+ Macrophages,COL6A1,MERTK+ Macrophages vs COL6A1
123.07692307692307,118783.38038324926,194.44774179793907,71.37081872101601,40.0,JRP144,OA,MERTK+ Macrophages,COL6A1,MERTK+ Macrophages vs COL6A1
153.84615384615384,177251.13062957505,237.53060269499645,83.6844488488426,50.0,JRP144,OA,MERTK+ Macrophages,COL6A1,MERTK+ Macrophages vs COL6A1
30.769230769230766,11675.810639700574,60.96331647660404,30.194085707373276,10.0,JRP144,OA,Dendritic cells,COL6A1,Dendritic cells vs COL6A1
61.53846153846153,44428.176515037114,118.91983774734486,57.381376208883324,20.0,JRP144,OA,Dendritic cells,COL6A1,Dendritic cells vs COL6A1
92.3076923076923,100360.46057213214,178.73367556805906,86.42598326036675,30.0,JRP144,OA,Dendritic cells,COL6A1,Dendritic cells vs COL6A1
123.07692307692307,178914.62774364703,238.64260892325066,115.5656858463276,40.0,JRP144,OA,Dendritic cells,COL6A1,Dendritic cells vs COL6A1
153.84615384615384,276957.09649760334,296.91443525693603,143.0682814107822,50.0,JRP144,OA,Dendritic cells,COL6A1,Dendritic cells vs COL6A1
30.769230769230766,10484.765582730048,57.77027383787035,27.001043068639582,10.0,JRP144,OA,CD4 T cells,COL6A1,CD4 T cells vs COL6A1
61.53846153846153,38903.56681792323,111.28068082985762,49.74221929139608,20.0,JRP144,OA,CD4 T cells,COL6A1,CD4 T cells vs COL6A1
92.3076923076923,89686.58634616972,168.96191018114703,76.65421787345473,30.0,JRP144,OA,CD4 T cells,COL6A1,CD4 T cells vs COL6A1
123.07692307692307,164359.77596589498,228.72984409756714,105.65292102064407,40.0,JRP144,OA,CD4 T cells,COL6A1,CD4 T cells vs COL6A1
153.84615384615384,257213.12249589397,286.13542204111224,132.2892681949584,50.0,JRP144,OA,CD4 T cells,COL6A1,CD4 T cells vs COL6A1
30.769230769230766,10003.156151453528,56.42786099125022,25.658630222019454,10.0,JRP144,OA,CD8 T cells,COL6A1,CD8 T cells vs COL6A1
61.53846153846153,44686.58839710462,119.26517876825689,57.726717229795355,20.0,JRP144,OA,CD8 T cells,COL6A1,CD8 T cells vs COL6A1
92.3076923076923,100468.38056045028,178.82974803221833,86.52205572452603,30.0,JRP144,OA,CD8 T cells,COL6A1,CD8 T cells vs COL6A1
123.07692307692307,178396.89835168648,238.29707595744142,115.22015288051836,40.0,JRP144,OA,CD8 T cells,COL6A1,CD8 T cells vs COL6A1
153.84615384615384,283408.19698965276,300.3525111054171,146.50635725926324,50.0,JRP144,OA,CD8 T cells,COL6A1,CD8 T cells vs COL6A1
30.769230769230766,1605.9884410970626,22.609776599915563,-8.159454169315204,10.0,JRP144,OA,B cells,COL6A1,B cells vs COL6A1
61.53846153846153,7244.4043810356625,48.020469947688106,-13.517991590773427,20.0,JRP144,OA,B cells,COL6A1,B cells vs COL6A1
92.3076923076923,19027.471747780415,77.82436871829593,-14.483323589396377,30.0,JRP144,OA,B cells,COL6A1,B cells vs COL6A1
123.07692307692307,39556.1935600646,112.2101932534124,-10.866729823510667,40.0,JRP144,OA,B cells,COL6A1,B cells vs COL6A1
153.84615384615384,71344.29085612712,150.6970241984794,-3.1491296476744424,50.0,JRP144,OA,B cells,COL6A1,B cells vs COL6A1
30.769230769230766,10527.90310593946,57.88899411291896,27.11976334368819,10.0,JRP144,OA,Monocytes,CHP,Monocytes vs CHP
61.53846153846153,42468.67388572701,116.26778896556986,54.72932742710833,20.0,JRP144,OA,Monocytes,CHP,Monocytes vs CHP
92.3076923076923,91544.78815860068,170.7032837981842,78.3955914904919,30.0,JRP144,OA,Monocytes,CHP,Monocytes vs CHP
123.07692307692307,157640.83211867145,224.00588235493362,100.92895927801055,40.0,JRP144,OA,Monocytes,CHP,Monocytes vs CHP
153.84615384615384,240861.39952752623,276.89088946672734,123.0447356205735,50.0,JRP144,OA,Monocytes,CHP,Monocytes vs CHP
30.769230769230766,4654.274704387824,38.49027996029367,7.721049191062903,10.0,JRP144,OA,Macrophages,CHP,Macrophages vs CHP
61.53846153846153,20446.051340683167,80.67329344436608,19.134831905904548,20.0,JRP144,OA,Macrophages,CHP,Macrophages vs CHP
92.3076923076923,48938.12889320394,124.80981627277329,32.50212396508098,30.0,JRP144,OA,Macrophages,CHP,Macrophages vs CHP
123.07692307692307,89673.26923116717,168.94936555874142,45.872442481818354,40.0,JRP144,OA,Macrophages,CHP,Macrophages vs CHP
153.84615384615384,141423.0714062007,212.17059589648574,58.324442050331896,50.0,JRP144,OA,Macrophages,CHP,Macrophages vs CHP
30.769230769230766,116050.17552326717,192.19760186438359,161.4283710951528,10.0,JRP144,OA,Vascular cells,COL4A1,Vascular cells vs COL4A1
61.53846153846153,252956.60852183268,283.7579765716239,222.21951503316234,20.0,JRP144,OA,Vascular cells,COL4A1,Vascular cells vs COL4A1
92.3076923076923,385989.73656069994,350.52011227994853,258.2124199722562,30.0,JRP144,OA,Vascular cells,COL4A1,Vascular cells vs COL4A1
123.07692307692307,528656.4692429192,410.21528561846435,287.13836254154126,40.0,JRP144,OA,Vascular cells,COL4A1,Vascular cells vs COL4A1
153.84615384615384,672266.6992871164,462.5895983863393,308.74344454018546,50.0,JRP144,OA,Vascular cells,COL4A1,Vascular cells vs COL4A1
30.769230769230766,5099.628637781969,40.28972835937192,9.520497590141154,10.0,S00292623,OA,Monocytes,COL6A1,Monocytes vs COL6A1
61.53846153846153,19324.44760736552,78.4293485786102,16.89088704014867,20.0,S00292623,OA,Monocytes,COL6A1,Monocytes vs COL6A1
92.3076923076923,42710.259140209404,116.59801767526007,24.29032536756776,30.0,S00292623,OA,Monocytes,COL6A1,Monocytes vs COL6A1
123.07692307692307,74693.242483341,154.1933770094246,31.116453932501543,40.0,S00292623,OA,Monocytes,COL6A1,Monocytes vs COL6A1
153.84615384615384,115449.06038391763,191.69918432489587,37.85303047874203,50.0,S00292623,OA,Monocytes,COL6A1,Monocytes vs COL6A1
30.769230769230766,4383.480127149727,37.353782410378976,6.5845516411482095,10.0,S00292623,OA,Macrophages,COL6A1,Macrophages vs COL6A1
61.53846153846153,16763.464061613657,73.04776750523118,11.509305966769645,20.0,S00292623,OA,Macrophages,COL6A1,Macrophages vs COL6A1
92.3076923076923,37693.10002174017,109.53577670256577,17.228084394873463,30.0,S00292623,OA,Macrophages,COL6A1,Macrophages vs COL6A1
123.07692307692307,67141.65755095436,146.1911535395878,23.11423046266472,40.0,S00292623,OA,Macrophages,COL6A1,Macrophages vs COL6A1
153.84615384615384,104481.35732208306,182.3662495022591,28.52009565610527,50.0,S00292623,OA,Macrophages,COL6A1,Macrophages vs COL6A1
30.769230769230766,3848.43458006201,34.999925330853245,4.230694561622478,10.0,S00292623,OA,MERTK+ Macrophages,COL6A1,MERTK+ Macrophages vs COL6A1
61.53846153846153,19242.172900310048,78.26221224720467,16.72375070874314,20.0,S00292623,OA,MERTK+ Macrophages,COL6A1,MERTK+ Macrophages vs COL6A1
92.3076923076923,30787.47664049608,98.99473816987658,6.687045862184277,30.0,S00292623,OA,MERTK+ Macrophages,COL6A1,MERTK+ Macrophages vs COL6A1
123.07692307692307,50029.64954080613,126.19402541780231,3.117102340879242,40.0,S00292623,OA,MERTK+ Macrophages,COL6A1,MERTK+ Macrophages vs COL6A1
153.84615384615384,76968.69160124019,156.52442449440935,2.6782706482555056,50.0,S00292623,OA,MERTK+ Macrophages,COL6A1,MERTK+ Macrophages vs COL6A1
30.769230769230766,6744.142464011173,46.332787743958015,15.563556974727248,10.0,S00292623,OA,Dendritic cells,COL6A1,Dendritic cells vs COL6A1
61.53846153846153,25557.812069497973,90.1959214762431,28.657459937781567,20.0,S00292623,OA,Dendritic cells,COL6A1,Dendritic cells vs COL6A1
92.3076923076923,55802.23161398676,133.2756616710255,40.96796936333318,30.0,S00292623,OA,Dendritic cells,COL6A1,Dendritic cells vs COL6A1
123.07692307692307,97228.61418704044,175.92279305332931,52.84586997640625,40.0,S00292623,OA,Dendritic cells,COL6A1,Dendritic cells vs COL6A1
153.84615384615384,149689.0324365072,218.2830705250097,64.43691667885585,50.0,S00292623,OA,Dendritic cells,COL6A1,Dendritic cells vs COL6A1
30.769230769230766,5849.42949004221,43.15010121906373,12.380870449832962,10.0,S00292623,OA,CD4 T cells,COL6A1,CD4 T cells vs COL6A1
61.53846153846153,22519.41185533781,84.66493621682169,23.126474678360154,20.0,S00292623,OA,CD4 T cells,COL6A1,CD4 T cells vs COL6A1
92.3076923076923,50148.15770121554,126.34339860159179,34.03570629389948,30.0,S00292623,OA,CD4 T cells,COL6A1,CD4 T cells vs COL6A1
123.07692307692307,88280.9095520776,167.6325931068399,44.555670029916826,40.0,S00292623,OA,CD4 T cells,COL6A1,CD4 T cells vs COL6A1
153.84615384615384,137002.37713377064,208.8281855314538,54.98203168529997,50.0,S00292623,OA,CD4 T cells,COL6A1,CD4 T cells vs COL6A1
30.769230769230766,5967.695857186286,43.58413230844967,12.814901539218901,10.0,S00292623,OA,CD8 T cells,COL6A1,CD8 T cells vs COL6A1
61.53846153846153,23402.361461933036,86.30876556514892,24.770304026687384,20.0,S00292623,OA,CD8 T cells,COL6A1,CD8 T cells vs COL6A1
92.3076923076923,51292.205365926086,127.77642995538555,35.468737647693246,30.0,S00292623,OA,CD8 T cells,COL6A1,CD8 T cells vs COL6A1
123.07692307692307,89730.91196252787,169.00365787153837,45.9267347946153,40.0,S00292623,OA,CD8 T cells,COL6A1,CD8 T cells vs COL6A1
153.84615384615384,138367.1647766293,209.86575821610987,56.01960436995603,50.0,S00292623,OA,CD8 T cells,COL6A1,CD8 T cells vs COL6A1
30.769230769230766,5942.559648317596,43.49224626639053,12.723015497159764,10.0,S00292623,OA,B cells,COL6A1,B cells vs COL6A1
61.53846153846153,23347.107376975557,86.20681580876207,24.66835427030054,20.0,S00292623,OA,B cells,COL6A1,B cells vs COL6A1
92.3076923076923,51887.86959466725,128.51623191254055,36.20853960484824,30.0,S00292623,OA,B cells,COL6A1,B cells vs COL6A1
123.07692307692307,90681.13862842295,169.89615332852551,46.81923025160245,40.0,S00292623,OA,B cells,COL6A1,B cells vs COL6A1
153.84615384615384,140082.64426185336,211.1627110815614,57.31655723540757,50.0,S00292623,OA,B cells,COL6A1,B cells vs COL6A1
30.769230769230766,4255.885972154132,36.80612149368054,6.036890724449776,10.0,S00292623,OA,Monocytes,CHP,Monocytes vs CHP
61.53846153846153,16717.050568860817,72.94657266728,11.408111128818462,20.0,S00292623,OA,Monocytes,CHP,Monocytes vs CHP
92.3076923076923,36677.97121920617,108.05073273346122,15.74304042576891,30.0,S00292623,OA,Monocytes,CHP,Monocytes vs CHP
123.07692307692307,64177.247165294524,142.92743697685864,19.850513899935578,40.0,S00292623,OA,Monocytes,CHP,Monocytes vs CHP
153.84615384615384,98898.92699493402,177.42746742107457,23.581313574920728,50.0,S00292623,OA,Monocytes,CHP,Monocytes vs CHP
30.769230769230766,2317.4037692950487,27.15975938859169,-3.609471380639075,10.0,S00292623,OA,Macrophages,CHP,Macrophages vs CHP
61.53846153846153,10414.173182954088,57.575465960462715,-3.962995577998818,20.0,S00292623,OA,Macrophages,CHP,Macrophages vs CHP
92.3076923076923,25043.192470250437,89.28323327973837,-3.024459027953938,30.0,S00292623,OA,Macrophages,CHP,Macrophages vs CHP
123.07692307692307,46243.62901883416,121.32520055499822,-1.7517225219248473,40.0,S00292623,OA,Macrophages,CHP,Macrophages vs CHP
153.84615384615384,73595.5213944574,153.05614015356088,-0.7900136925929644,50.0,S00292623,OA,Macrophages,CHP,Macrophages vs CHP
30.769230769230766,33992.15704274513,104.01941953028646,73.25018876105568,10.0,S00292623,OA,Vascular cells,COL4A1,Vascular cells vs COL4A1
61.53846153846153,74610.91993532008,154.10838209740461,92.56992055894308,20.0,S00292623,OA,Vascular cells,COL4A1,Vascular cells vs COL4A1
92.3076923076923,117434.11150758716,193.34021482370048,101.03252251600817,30.0,S00292623,OA,Vascular cells,COL4A1,Vascular cells vs COL4A1
123.07692307692307,165725.08539413594,229.67788981442337,106.6009667375003,40.0,S00292623,OA,Vascular cells,COL4A1,Vascular cells vs COL4A1
153.84615384615384,220709.26418428167,265.054599586966,111.20844574081215,50.0,S00292623,OA,Vascular cells,COL4A1,Vascular cells vs COL4A1
30.769230769230766,5400.472497990903,41.46111173345664,10.691880964225874,10.0,S00293087,OA,Monocytes,COL6A1,Monocytes vs COL6A1
61.53846153846153,20744.773162583013,81.26048476529262,19.722023226831084,20.0,S00293087,OA,Monocytes,COL6A1,Monocytes vs COL6A1
92.3076923076923,44623.11453555006,119.18044516185194,26.87275285415963,30.0,S00293087,OA,Monocytes,COL6A1,Monocytes vs COL6A1
123.07692307692307,76819.09583323656,156.37224066764293,33.29531759071986,40.0,S00293087,OA,Monocytes,COL6A1,Monocytes vs COL6A1
153.84615384615384,117011.29824462476,192.99184704661513,39.145693200461295,50.0,S00293087,OA,Monocytes,COL6A1,Monocytes vs COL6A1
30.769230769230766,4817.961842458473,39.161267672418404,8.392036903187638,10.0,S00293087,OA,Macrophages,COL6A1,Macrophages vs COL6A1
61.53846153846153,18799.92307142217,77.35762000687723,15.819158468415694,20.0,S00293087,OA,Macrophages,COL6A1,Macrophages vs COL6A1
92.3076923076923,40359.1586223333,113.34336852038794,21.035676212695634,30.0,S00293087,OA,Macrophages,COL6A1,Macrophages vs COL6A1
123.07692307692307,69926.66058404747,149.19231673152848,26.115393654605413,40.0,S00293087,OA,Macrophages,COL6A1,Macrophages vs COL6A1
153.84615384615384,106381.60874783683,184.01716705941456,30.17101321326072,50.0,S00293087,OA,Macrophages,COL6A1,Macrophages vs COL6A1
30.769230769230766,3321.1966973223316,32.51414680902227,1.7449160397915051,10.0,S00293087,OA,MERTK+ Macrophages,COL6A1,MERTK+ Macrophages vs COL6A1
61.53846153846153,19373.647401046936,78.52912516507581,16.99066362661428,20.0,S00293087,OA,MERTK+ Macrophages,COL6A1,MERTK+ Macrophages vs COL6A1
92.3076923076923,36533.16367054565,107.83722534405817,15.529533036365862,30.0,S00293087,OA,MERTK+ Macrophages,COL6A1,MERTK+ Macrophages vs COL6A1
123.07692307692307,64209.802814898416,142.96368429043076,19.886761213507697,40.0,S00293087,OA,MERTK+ Macrophages,COL6A1,MERTK+ Macrophages vs COL6A1
153.84615384615384,95207.63865657352,174.0848431788402,20.238689332686363,50.0,S00293087,OA,MERTK+ Macrophages,COL6A1,MERTK+ Macrophages vs COL6A1
30.769230769230766,5485.308248580122,41.785498014126226,11.01626724489546,10.0,S00293087,OA,Dendritic cells,COL6A1,Dendritic cells vs COL6A1
61.53846153846153,23653.8405470446,86.7712584462119,25.23279690775037,20.0,S00293087,OA,Dendritic cells,COL6A1,Dendritic cells vs COL6A1
92.3076923076923,52246.9405577428,128.96013997505736,36.65244766736505,30.0,S00293087,OA,Dendritic cells,COL6A1,Dendritic cells vs COL6A1
123.07692307692307,92182.96305532387,171.29725181165261,48.22032873472955,40.0,S00293087,OA,Dendritic cells,COL6A1,Dendritic cells vs COL6A1
153.84615384615384,144578.82600895572,214.52475300416214,60.678599158008296,50.0,S00293087,OA,Dendritic cells,COL6A1,Dendritic cells vs COL6A1
30.769230769230766,6687.282422335623,46.13705784651332,15.367827077282556,10.0,S00293087,OA,CD4 T cells,COL6A1,CD4 T cells vs COL6A1
61.53846153846153,24015.64198386224,87.43235251618164,25.893890977720105,20.0,S00293087,OA,CD4 T cells,COL6A1,CD4 T cells vs COL6A1
92.3076923076923,51814.235702987324,128.42501107384805,36.11731876615575,30.0,S00293087,OA,CD4 T cells,COL6A1,CD4 T cells vs COL6A1
123.07692307692307,90449.15568312342,169.67869769336096,46.60177461643789,40.0,S00293087,OA,CD4 T cells,COL6A1,CD4 T cells vs COL6A1
153.84615384615384,140994.27209428063,211.84869766627523,58.00254382012139,50.0,S00293087,OA,CD4 T cells,COL6A1,CD4 T cells vs COL6A1
30.769230769230766,5602.511227321224,42.22954784403959,11.46031707480882,10.0,S00293087,OA,CD8 T cells,COL6A1,CD8 T cells vs COL6A1
61.53846153846153,24741.016733790806,88.74294462437119,27.204483085909658,20.0,S00293087,OA,CD8 T cells,COL6A1,CD8 T cells vs COL6A1
92.3076923076923,53714.587569973926,130.75887830586365,38.45118599817134,30.0,S00293087,OA,CD8 T cells,COL6A1,CD8 T cells vs COL6A1
123.07692307692307,94220.33480108103,173.17986039586344,50.10293731894038,40.0,S00293087,OA,CD8 T cells,COL6A1,CD8 T cells vs COL6A1
153.84615384615384,144499.80599809886,214.46612040328114,60.6199665571273,50.0,S00293087,OA,CD8 T cells,COL6A1,CD8 T cells vs COL6A1
30.769230769230766,4899.083250839455,39.48957624461957,8.720345475388804,10.0,S00293087,OA,B cells,COL6A1,B cells vs COL6A1
61.53846153846153,21823.189026466665,83.34588661224952,21.807425073787982,20.0,S00293087,OA,B cells,COL6A1,B cells vs COL6A1
92.3076923076923,45516.937112344756,120.36814807774196,28.060455770049657,30.0,S00293087,OA,B cells,COL6A1,B cells vs COL6A1
123.07692307692307,81502.93044578367,161.0688936878962,37.99197061097314,40.0,S00293087,OA,B cells,COL6A1,B cells vs COL6A1
153.84615384615384,123100.60095745686,197.94983778706242,44.10368394090858,50.0,S00293087,OA,B cells,COL6A1,B cells vs COL6A1
30.769230769230766,5480.8175800760655,41.768390202498004,10.999159433267238,10.0,S00293087,OA,Monocytes,CHP,Monocytes vs CHP
61.53846153846153,21699.603520902554,83.10955617118813,21.5710946327266,20.0,S00293087,OA,Monocytes,CHP,Monocytes vs CHP
92.3076923076923,46700.25432244874,121.92273224519182,29.615039937499517,30.0,S00293087,OA,Monocytes,CHP,Monocytes vs CHP
123.07692307692307,80061.92324373509,159.63865971427066,36.56173663734759,40.0,S00293087,OA,Monocytes,CHP,Monocytes vs CHP
153.84615384615384,121440.28113305107,196.61038137796547,42.76422753181163,50.0,S00293087,OA,Monocytes,CHP,Monocytes vs CHP
30.769230769230766,3958.9240344477444,35.498797991133934,4.729567221903167,10.0,S00293087,OA,Macrophages,CHP,Macrophages vs CHP
61.53846153846153,15584.964282275954,70.43328905332834,8.894827514866805,20.0,S00293087,OA,Macrophages,CHP,Macrophages vs CHP
92.3076923076923,34602.09576219397,104.94850720131558,12.640814893623272,30.0,S00293087,OA,Macrophages,CHP,Macrophages vs CHP
123.07692307692307,60848.66240946183,139.1715876391144,16.094664562191326,40.0,S00293087,OA,Macrophages,CHP,Macrophages vs CHP
153.84615384615384,93850.6930410665,172.83982012306004,18.993666276906197,50.0,S00293087,OA,Macrophages,CHP,Macrophages vs CHP
30.769230769230766,45321.84203939053,120.109909587836,89.34067881860523,10.0,S00293087,OA,Vascular cells,COL4A1,Vascular cells vs COL4A1
61.53846153846153,104759.38196687306,182.6087263811881,121.07026484272656,20.0,S00293087,OA,Vascular cells,COL4A1,Vascular cells vs COL4A1
92.3076923076923,168343.19279557705,231.48499419741242,139.17730188972013,30.0,S00293087,OA,Vascular cells,COL4A1,Vascular cells vs COL4A1
123.07692307692307,232306.02561802152,271.9288593994414,148.85193632251836,40.0,S00293087,OA,Vascular cells,COL4A1,Vascular cells vs COL4A1
153.84615384615384,300426.6148566493,309.2390039784787,155.39285013232487,50.0,S00293087,OA,Vascular cells,COL4A1,Vascular cells vs COL4A1
