imageid,pathology,COL6A1_region,fiber_type,feature,morans_i
JRP112,RA,COL6A1-rich,COL6A1,alignment_score,0.2826729172796056
JRP112,RA,COL6A1-rich,COL6A1,area,-0.04715537906483339
JRP112,RA,COL6A1-rich,COL6A1,major_axis_length,-0.05190226453077169
JRP112,RA,COL6A1-rich,COL6A1,minor_axis_length,-0.05428694174407307
JRP112,RA,COL6A1-rich,COL6A1,eccentricity,0.06270329765945103
JRP112,RA,COL6A1-rich,COL4A1,alignment_score,
JRP112,RA,COL6A1-rich,COL4A1,area,
JRP112,RA,COL6A1-rich,COL4A1,major_axis_length,
JRP112,RA,COL6A1-rich,COL4A1,minor_axis_length,
JRP112,RA,COL6A1-rich,COL4A1,eccentricity,
JRP112,RA,COL6A1-rich,CHP,alignment_score,-0.1428571428571429
JRP112,RA,COL6A1-rich,CHP,area,-0.0990667489368774
JRP112,RA,COL6A1-rich,CHP,major_axis_length,-0.06722305200916552
JRP112,RA,COL6A1-rich,CHP,minor_axis_length,-0.1121068997685344
JRP112,RA,COL6A1-rich,CHP,eccentricity,-0.11595524486423414
JRP112,RA,COL6A1-rich,FN,alignment_score,-0.1189158781524779
JRP112,RA,COL6A1-rich,FN,area,-0.10279774448287474
JRP112,RA,COL6A1-rich,FN,major_axis_length,-0.08748970279204323
JRP112,RA,COL6A1-rich,FN,minor_axis_length,-0.10183246189509133
JRP112,RA,COL6A1-rich,FN,eccentricity,0.04855809234110652
JRP112,RA,COL6A1-rich,COL1A1bis,alignment_score,-0.11786566900622854
JRP112,RA,COL6A1-rich,COL1A1bis,area,-0.09529480669417993
JRP112,RA,COL6A1-rich,COL1A1bis,major_axis_length,-0.12489604075327396
JRP112,RA,COL6A1-rich,COL1A1bis,minor_axis_length,-0.09170463365097262
JRP112,RA,COL6A1-rich,COL1A1bis,eccentricity,-0.007939162967595878
JRP112,RA,COL6A1-rich,MFAP5,alignment_score,
JRP112,RA,COL6A1-rich,MFAP5,area,
JRP112,RA,COL6A1-rich,MFAP5,major_axis_length,
JRP112,RA,COL6A1-rich,MFAP5,minor_axis_length,
JRP112,RA,COL6A1-rich,MFAP5,eccentricity,
JRP112,RA,COL6A1-poor,COL6A1,alignment_score,0.4450400043476489
JRP112,RA,COL6A1-poor,COL6A1,area,-0.015671268784607444
JRP112,RA,COL6A1-poor,COL6A1,major_axis_length,-0.0165513962449329
JRP112,RA,COL6A1-poor,COL6A1,minor_axis_length,-0.024526469092853255
JRP112,RA,COL6A1-poor,COL6A1,eccentricity,0.025934352607053422
JRP112,RA,COL6A1-poor,COL4A1,alignment_score,0.22867919656046856
JRP112,RA,COL6A1-poor,COL4A1,area,0.07785642168763098
JRP112,RA,COL6A1-poor,COL4A1,major_axis_length,0.04088963108586957
JRP112,RA,COL6A1-poor,COL4A1,minor_axis_length,0.07496442190874403
JRP112,RA,COL6A1-poor,COL4A1,eccentricity,0.09633168818273986
JRP112,RA,COL6A1-poor,CHP,alignment_score,0.3675238598780032
JRP112,RA,COL6A1-poor,CHP,area,-0.008606860913449204
JRP112,RA,COL6A1-poor,CHP,major_axis_length,-0.00479181531267174
JRP112,RA,COL6A1-poor,CHP,minor_axis_length,0.01385619446639445
JRP112,RA,COL6A1-poor,CHP,eccentricity,0.07176615388002462
JRP112,RA,COL6A1-poor,FN,alignment_score,0.4798796615157487
JRP112,RA,COL6A1-poor,FN,area,-0.018980888966665072
JRP112,RA,COL6A1-poor,FN,major_axis_length,-0.021756829251557374
JRP112,RA,COL6A1-poor,FN,minor_axis_length,-0.016453935256477058
JRP112,RA,COL6A1-poor,FN,eccentricity,0.015225414929767138
JRP112,RA,COL6A1-poor,COL1A1bis,alignment_score,0.3720376871379346
JRP112,RA,COL6A1-poor,COL1A1bis,area,0.0022063718287101556
JRP112,RA,COL6A1-poor,COL1A1bis,major_axis_length,0.020968628097147765
JRP112,RA,COL6A1-poor,COL1A1bis,minor_axis_length,0.016087367143285652
JRP112,RA,COL6A1-poor,COL1A1bis,eccentricity,0.027795995407836355
JRP112,RA,COL6A1-poor,MFAP5,alignment_score,0.4259635620695776
JRP112,RA,COL6A1-poor,MFAP5,area,0.003760108464543667
JRP112,RA,COL6A1-poor,MFAP5,major_axis_length,0.01642922592418612
JRP112,RA,COL6A1-poor,MFAP5,minor_axis_length,0.021610979836846733
JRP112,RA,COL6A1-poor,MFAP5,eccentricity,-0.002896001637742462
JRP122,RA,COL6A1-rich,COL6A1,alignment_score,0.2790219752616738
JRP122,RA,COL6A1-rich,COL6A1,area,-0.020568763539302284
JRP122,RA,COL6A1-rich,COL6A1,major_axis_length,-0.010909620752186561
JRP122,RA,COL6A1-rich,COL6A1,minor_axis_length,-0.0371695372967306
JRP122,RA,COL6A1-rich,COL6A1,eccentricity,0.0025613536773734812
JRP122,RA,COL6A1-rich,COL4A1,alignment_score,0.02952118943391983
JRP122,RA,COL6A1-rich,COL4A1,area,-0.06183517680127492
JRP122,RA,COL6A1-rich,COL4A1,major_axis_length,-0.004852074346822354
JRP122,RA,COL6A1-rich,COL4A1,minor_axis_length,-0.10867781481388737
JRP122,RA,COL6A1-rich,COL4A1,eccentricity,0.11482609464151894
JRP122,RA,COL6A1-rich,CHP,alignment_score,0.13037704819504045
JRP122,RA,COL6A1-rich,CHP,area,-0.05806448110485223
JRP122,RA,COL6A1-rich,CHP,major_axis_length,-0.06806331031914806
JRP122,RA,COL6A1-rich,CHP,minor_axis_length,-0.06395120351237946
JRP122,RA,COL6A1-rich,CHP,eccentricity,0.01610821250557412
JRP122,RA,COL6A1-rich,FN,alignment_score,0.4146633980730721
JRP122,RA,COL6A1-rich,FN,area,0.11886299614962248
JRP122,RA,COL6A1-rich,FN,major_axis_length,0.08990718120899578
JRP122,RA,COL6A1-rich,FN,minor_axis_length,0.0924503254717223
JRP122,RA,COL6A1-rich,FN,eccentricity,-0.03457189998211559
JRP122,RA,COL6A1-rich,COL1A1bis,alignment_score,0.1647695492836155
JRP122,RA,COL6A1-rich,COL1A1bis,area,-0.017087994244245154
JRP122,RA,COL6A1-rich,COL1A1bis,major_axis_length,-0.022041417521719862
JRP122,RA,COL6A1-rich,COL1A1bis,minor_axis_length,-0.020506760505055767
JRP122,RA,COL6A1-rich,COL1A1bis,eccentricity,0.02452234183244249
JRP122,RA,COL6A1-rich,MFAP5,alignment_score,0.3091792686534697
JRP122,RA,COL6A1-rich,MFAP5,area,-0.05611685802603616
JRP122,RA,COL6A1-rich,MFAP5,major_axis_length,-0.06276078959473741
JRP122,RA,COL6A1-rich,MFAP5,minor_axis_length,-0.04288019707655109
JRP122,RA,COL6A1-rich,MFAP5,eccentricity,-3.692033898873712e-05
JRP122,RA,COL6A1-poor,COL6A1,alignment_score,0.341564189311343
JRP122,RA,COL6A1-poor,COL6A1,area,-0.00097447506103709
JRP122,RA,COL6A1-poor,COL6A1,major_axis_length,0.006198964178215734
JRP122,RA,COL6A1-poor,COL6A1,minor_axis_length,0.007494350438109019
JRP122,RA,COL6A1-poor,COL6A1,eccentricity,0.04598064106258441
JRP122,RA,COL6A1-poor,COL4A1,alignment_score,0.35009295906522897
JRP122,RA,COL6A1-poor,COL4A1,area,0.009742284030494507
JRP122,RA,COL6A1-poor,COL4A1,major_axis_length,0.022156579134090665
JRP122,RA,COL6A1-poor,COL4A1,minor_axis_length,0.009172513059961663
JRP122,RA,COL6A1-poor,COL4A1,eccentricity,0.0363620735954781
JRP122,RA,COL6A1-poor,CHP,alignment_score,0.3591009573070514
JRP122,RA,COL6A1-poor,CHP,area,-0.014098701602943568
JRP122,RA,COL6A1-poor,CHP,major_axis_length,-0.0031776157684991905
JRP122,RA,COL6A1-poor,CHP,minor_axis_length,-0.012067237318548122
JRP122,RA,COL6A1-poor,CHP,eccentricity,0.028854699030464215
JRP122,RA,COL6A1-poor,FN,alignment_score,0.2834230168426277
JRP122,RA,COL6A1-poor,FN,area,0.014079978117677196
JRP122,RA,COL6A1-poor,FN,major_axis_length,0.008239149444957539
JRP122,RA,COL6A1-poor,FN,minor_axis_length,0.01616898962905974
JRP122,RA,COL6A1-poor,FN,eccentricity,0.02816157388469378
JRP122,RA,COL6A1-poor,COL1A1bis,alignment_score,0.27773705063385584
JRP122,RA,COL6A1-poor,COL1A1bis,area,0.030086108208892074
JRP122,RA,COL6A1-poor,COL1A1bis,major_axis_length,0.030188639395323034
JRP122,RA,COL6A1-poor,COL1A1bis,minor_axis_length,0.02473964686769749
JRP122,RA,COL6A1-poor,COL1A1bis,eccentricity,0.02178916629348067
JRP122,RA,COL6A1-poor,MFAP5,alignment_score,0.37820055253883467
JRP122,RA,COL6A1-poor,MFAP5,area,-0.004056596026889849
JRP122,RA,COL6A1-poor,MFAP5,major_axis_length,-0.008741383472151257
JRP122,RA,COL6A1-poor,MFAP5,minor_axis_length,-0.0037692868101388537
JRP122,RA,COL6A1-poor,MFAP5,eccentricity,0.018081222887223965
JRP141,RA,COL6A1-rich,COL6A1,alignment_score,0.31710055617191985
JRP141,RA,COL6A1-rich,COL6A1,area,0.004567178629769136
JRP141,RA,COL6A1-rich,COL6A1,major_axis_length,0.007104302614701556
JRP141,RA,COL6A1-rich,COL6A1,minor_axis_length,-0.0021274469625669383
JRP141,RA,COL6A1-rich,COL6A1,eccentricity,0.019357441691086125
JRP141,RA,COL6A1-rich,COL4A1,alignment_score,-0.5
JRP141,RA,COL6A1-rich,COL4A1,area,-0.33333333333333337
JRP141,RA,COL6A1-rich,COL4A1,major_axis_length,-0.33333333333333326
JRP141,RA,COL6A1-rich,COL4A1,minor_axis_length,-0.3333333333333334
JRP141,RA,COL6A1-rich,COL4A1,eccentricity,-0.3333333333333333
JRP141,RA,COL6A1-rich,CHP,alignment_score,0.06467646207010484
JRP141,RA,COL6A1-rich,CHP,area,-0.009647110883966062
JRP141,RA,COL6A1-rich,CHP,major_axis_length,0.008698041905495977
JRP141,RA,COL6A1-rich,CHP,minor_axis_length,-0.0150473912178908
JRP141,RA,COL6A1-rich,CHP,eccentricity,-0.04516887489127717
JRP141,RA,COL6A1-rich,FN,alignment_score,0.3415177374586762
JRP141,RA,COL6A1-rich,FN,area,-0.017191466420585402
JRP141,RA,COL6A1-rich,FN,major_axis_length,-0.03043883793252903
JRP141,RA,COL6A1-rich,FN,minor_axis_length,-0.011550223414961727
JRP141,RA,COL6A1-rich,FN,eccentricity,0.1155541632296602
JRP141,RA,COL6A1-rich,COL1A1bis,alignment_score,0.2963711803246319
JRP141,RA,COL6A1-rich,COL1A1bis,area,0.0828224126455156
JRP141,RA,COL6A1-rich,COL1A1bis,major_axis_length,0.042738946808839724
JRP141,RA,COL6A1-rich,COL1A1bis,minor_axis_length,0.05680078477195454
JRP141,RA,COL6A1-rich,COL1A1bis,eccentricity,-0.05448256033099713
JRP141,RA,COL6A1-rich,MFAP5,alignment_score,0.22388646675196713
JRP141,RA,COL6A1-rich,MFAP5,area,0.07627550008945053
JRP141,RA,COL6A1-rich,MFAP5,major_axis_length,0.050497011366153
JRP141,RA,COL6A1-rich,MFAP5,minor_axis_length,0.05642019305963703
JRP141,RA,COL6A1-rich,MFAP5,eccentricity,-0.04629700939366862
JRP141,RA,COL6A1-poor,COL6A1,alignment_score,0.3355724024676995
JRP141,RA,COL6A1-poor,COL6A1,area,0.01755451549628056
JRP141,RA,COL6A1-poor,COL6A1,major_axis_length,0.012939397750026026
JRP141,RA,COL6A1-poor,COL6A1,minor_axis_length,0.04378061133569337
JRP141,RA,COL6A1-poor,COL6A1,eccentricity,0.0671041750048915
JRP141,RA,COL6A1-poor,COL4A1,alignment_score,0.3065254852247512
JRP141,RA,COL6A1-poor,COL4A1,area,0.11169075315086074
JRP141,RA,COL6A1-poor,COL4A1,major_axis_length,0.08115614987227923
JRP141,RA,COL6A1-poor,COL4A1,minor_axis_length,0.13390587070201532
JRP141,RA,COL6A1-poor,COL4A1,eccentricity,0.005688478175383095
JRP141,RA,COL6A1-poor,CHP,alignment_score,0.35826531269966416
JRP141,RA,COL6A1-poor,CHP,area,-0.010310232019317592
JRP141,RA,COL6A1-poor,CHP,major_axis_length,-0.024657842570057036
JRP141,RA,COL6A1-poor,CHP,minor_axis_length,-0.023457426099159004
JRP141,RA,COL6A1-poor,CHP,eccentricity,0.028045300139808674
JRP141,RA,COL6A1-poor,FN,alignment_score,0.33903244635036556
JRP141,RA,COL6A1-poor,FN,area,0.010173724997973106
JRP141,RA,COL6A1-poor,FN,major_axis_length,0.0020128387288918977
JRP141,RA,COL6A1-poor,FN,minor_axis_length,0.0225289592215886
JRP141,RA,COL6A1-poor,FN,eccentricity,0.04070670237012917
JRP141,RA,COL6A1-poor,COL1A1bis,alignment_score,0.37470586551721163
JRP141,RA,COL6A1-poor,COL1A1bis,area,0.015796114318920935
JRP141,RA,COL6A1-poor,COL1A1bis,major_axis_length,0.022084691501605788
JRP141,RA,COL6A1-poor,COL1A1bis,minor_axis_length,0.0389204602605517
JRP141,RA,COL6A1-poor,COL1A1bis,eccentricity,0.04987006291014805
JRP141,RA,COL6A1-poor,MFAP5,alignment_score,0.3984687992728177
JRP141,RA,COL6A1-poor,MFAP5,area,0.02088113598216657
JRP141,RA,COL6A1-poor,MFAP5,major_axis_length,0.01881629633929676
JRP141,RA,COL6A1-poor,MFAP5,minor_axis_length,0.038609684487029165
JRP141,RA,COL6A1-poor,MFAP5,eccentricity,0.04103691335451218
JRP144,OA,COL6A1-rich,COL6A1,alignment_score,0.20378684915735668
JRP144,OA,COL6A1-rich,COL6A1,area,-0.002720871092899544
JRP144,OA,COL6A1-rich,COL6A1,major_axis_length,-0.01955574276578787
JRP144,OA,COL6A1-rich,COL6A1,minor_axis_length,0.007520513668690595
JRP144,OA,COL6A1-rich,COL6A1,eccentricity,-0.004539673597120601
JRP144,OA,COL6A1-rich,COL4A1,alignment_score,-0.19999999999999998
JRP144,OA,COL6A1-rich,COL4A1,area,-0.14285714285714288
JRP144,OA,COL6A1-rich,COL4A1,major_axis_length,-0.1428571428571429
JRP144,OA,COL6A1-rich,COL4A1,minor_axis_length,-0.14285714285714288
JRP144,OA,COL6A1-rich,COL4A1,eccentricity,-0.1428571428571428
JRP144,OA,COL6A1-rich,CHP,alignment_score,0.4032585504406432
JRP144,OA,COL6A1-rich,CHP,area,-0.05393005588650101
JRP144,OA,COL6A1-rich,CHP,major_axis_length,-0.07106708902570678
JRP144,OA,COL6A1-rich,CHP,minor_axis_length,-0.05251760531745618
JRP144,OA,COL6A1-rich,CHP,eccentricity,-0.0015626036644426024
JRP144,OA,COL6A1-rich,FN,alignment_score,0.23220941625455294
JRP144,OA,COL6A1-rich,FN,area,0.011877482388210847
JRP144,OA,COL6A1-rich,FN,major_axis_length,-0.001609701494163882
JRP144,OA,COL6A1-rich,FN,minor_axis_length,0.007837043568834296
JRP144,OA,COL6A1-rich,FN,eccentricity,0.060611531573979374
JRP144,OA,COL6A1-rich,COL1A1bis,alignment_score,0.043642414938780696
JRP144,OA,COL6A1-rich,COL1A1bis,area,-0.019366312818099408
JRP144,OA,COL6A1-rich,COL1A1bis,major_axis_length,-0.06982432074543835
JRP144,OA,COL6A1-rich,COL1A1bis,minor_axis_length,-0.00501302296090435
JRP144,OA,COL6A1-rich,COL1A1bis,eccentricity,0.046748153942630224
JRP144,OA,COL6A1-rich,MFAP5,alignment_score,0.10245876137433155
JRP144,OA,COL6A1-rich,MFAP5,area,-0.029512133396849414
JRP144,OA,COL6A1-rich,MFAP5,major_axis_length,-0.031331618959887536
JRP144,OA,COL6A1-rich,MFAP5,minor_axis_length,0.0007239857988758051
JRP144,OA,COL6A1-rich,MFAP5,eccentricity,-0.009049032955698052
JRP144,OA,COL6A1-poor,COL6A1,alignment_score,0.3311304956033018
JRP144,OA,COL6A1-poor,COL6A1,area,-0.007385399900282854
JRP144,OA,COL6A1-poor,COL6A1,major_axis_length,-0.003407442833361074
JRP144,OA,COL6A1-poor,COL6A1,minor_axis_length,0.0032664949584849134
JRP144,OA,COL6A1-poor,COL6A1,eccentricity,0.032262351446987914
JRP144,OA,COL6A1-poor,COL4A1,alignment_score,0.23429224689960293
JRP144,OA,COL6A1-poor,COL4A1,area,0.028796808113111645
JRP144,OA,COL6A1-poor,COL4A1,major_axis_length,0.010244925983156287
JRP144,OA,COL6A1-poor,COL4A1,minor_axis_length,0.03863721774565998
JRP144,OA,COL6A1-poor,COL4A1,eccentricity,0.027952563253449574
JRP144,OA,COL6A1-poor,CHP,alignment_score,0.30350670176451744
JRP144,OA,COL6A1-poor,CHP,area,-0.0174835272365996
JRP144,OA,COL6A1-poor,CHP,major_axis_length,-0.018277680449841637
JRP144,OA,COL6A1-poor,CHP,minor_axis_length,-0.029187332667433716
JRP144,OA,COL6A1-poor,CHP,eccentricity,0.007497793625894742
JRP144,OA,COL6A1-poor,FN,alignment_score,0.29749526148793
JRP144,OA,COL6A1-poor,FN,area,0.011741114546788374
JRP144,OA,COL6A1-poor,FN,major_axis_length,0.010433783722693546
JRP144,OA,COL6A1-poor,FN,minor_axis_length,0.022042993929863423
JRP144,OA,COL6A1-poor,FN,eccentricity,0.031170189027988907
JRP144,OA,COL6A1-poor,COL1A1bis,alignment_score,0.26507218681894
JRP144,OA,COL6A1-poor,COL1A1bis,area,-0.008662173287074392
JRP144,OA,COL6A1-poor,COL1A1bis,major_axis_length,-0.002713877440285977
JRP144,OA,COL6A1-poor,COL1A1bis,minor_axis_length,-0.0142609118904276
JRP144,OA,COL6A1-poor,COL1A1bis,eccentricity,0.0361718162246773
JRP144,OA,COL6A1-poor,MFAP5,alignment_score,0.2914678014472602
JRP144,OA,COL6A1-poor,MFAP5,area,-0.014307443007263238
JRP144,OA,COL6A1-poor,MFAP5,major_axis_length,-0.012285670013940764
JRP144,OA,COL6A1-poor,MFAP5,minor_axis_length,-0.007815430188346703
JRP144,OA,COL6A1-poor,MFAP5,eccentricity,0.026417866473471056
S00292623,OA,COL6A1-rich,COL6A1,alignment_score,0.13362447470345748
S00292623,OA,COL6A1-rich,COL6A1,area,0.003236507236676896
S00292623,OA,COL6A1-rich,COL6A1,major_axis_length,-0.00979407079205255
S00292623,OA,COL6A1-rich,COL6A1,minor_axis_length,0.007575773843511405
S00292623,OA,COL6A1-rich,COL6A1,eccentricity,0.022786653774410942
S00292623,OA,COL6A1-rich,COL4A1,alignment_score,-0.10501368318958147
S00292623,OA,COL6A1-rich,COL4A1,area,-0.08548043692507433
S00292623,OA,COL6A1-rich,COL4A1,major_axis_length,-0.06922474191314537
S00292623,OA,COL6A1-rich,COL4A1,minor_axis_length,-0.12497940469850592
S00292623,OA,COL6A1-rich,COL4A1,eccentricity,-0.1073281525151471
S00292623,OA,COL6A1-rich,CHP,alignment_score,0.18764398451188918
S00292623,OA,COL6A1-rich,CHP,area,0.04920375414585398
S00292623,OA,COL6A1-rich,CHP,major_axis_length,-0.019876656417277757
S00292623,OA,COL6A1-rich,CHP,minor_axis_length,0.012839333917100395
S00292623,OA,COL6A1-rich,CHP,eccentricity,-0.04997983100080571
S00292623,OA,COL6A1-rich,FN,alignment_score,0.2165444054132151
S00292623,OA,COL6A1-rich,FN,area,0.012925963332696626
S00292623,OA,COL6A1-rich,FN,major_axis_length,0.0023389069576809332
S00292623,OA,COL6A1-rich,FN,minor_axis_length,0.03417060242157634
S00292623,OA,COL6A1-rich,FN,eccentricity,-0.029118700440154043
S00292623,OA,COL6A1-rich,COL1A1bis,alignment_score,0.04588587542900544
S00292623,OA,COL6A1-rich,COL1A1bis,area,-0.005453783422975293
S00292623,OA,COL6A1-rich,COL1A1bis,major_axis_length,-0.035692157448688575
S00292623,OA,COL6A1-rich,COL1A1bis,minor_axis_length,0.13451600746436287
S00292623,OA,COL6A1-rich,COL1A1bis,eccentricity,0.09356897666791623
S00292623,OA,COL6A1-rich,MFAP5,alignment_score,0.2396335048576227
S00292623,OA,COL6A1-rich,MFAP5,area,-0.004246319258924012
S00292623,OA,COL6A1-rich,MFAP5,major_axis_length,-0.021080177815950434
S00292623,OA,COL6A1-rich,MFAP5,minor_axis_length,-0.013318135001106046
S00292623,OA,COL6A1-rich,MFAP5,eccentricity,-0.032503177517615264
S00292623,OA,COL6A1-poor,COL6A1,alignment_score,0.3240262384907481
S00292623,OA,COL6A1-poor,COL6A1,area,-0.003028287014338003
S00292623,OA,COL6A1-poor,COL6A1,major_axis_length,-0.022336253348530524
S00292623,OA,COL6A1-poor,COL6A1,minor_axis_length,-0.020442343358901462
S00292623,OA,COL6A1-poor,COL6A1,eccentricity,0.01991520943496714
S00292623,OA,COL6A1-poor,COL4A1,alignment_score,0.3573316168634504
S00292623,OA,COL6A1-poor,COL4A1,area,-0.00026325279773265056
S00292623,OA,COL6A1-poor,COL4A1,major_axis_length,0.02896710132802902
S00292623,OA,COL6A1-poor,COL4A1,minor_axis_length,0.010101591188439863
S00292623,OA,COL6A1-poor,COL4A1,eccentricity,0.06261796543184357
S00292623,OA,COL6A1-poor,CHP,alignment_score,0.3623670164335936
S00292623,OA,COL6A1-poor,CHP,area,-0.01491296123333461
S00292623,OA,COL6A1-poor,CHP,major_axis_length,-0.007007088200583727
S00292623,OA,COL6A1-poor,CHP,minor_axis_length,-0.01737806174685553
S00292623,OA,COL6A1-poor,CHP,eccentricity,0.02048399600662911
S00292623,OA,COL6A1-poor,FN,alignment_score,0.3053803875745655
S00292623,OA,COL6A1-poor,FN,area,0.0016319215292672972
S00292623,OA,COL6A1-poor,FN,major_axis_length,-0.009813400232897463
S00292623,OA,COL6A1-poor,FN,minor_axis_length,0.005641666059063059
S00292623,OA,COL6A1-poor,FN,eccentricity,0.03678111774902784
S00292623,OA,COL6A1-poor,COL1A1bis,alignment_score,0.36284669365327665
S00292623,OA,COL6A1-poor,COL1A1bis,area,0.0018927003227764202
S00292623,OA,COL6A1-poor,COL1A1bis,major_axis_length,0.018807620885174778
S00292623,OA,COL6A1-poor,COL1A1bis,minor_axis_length,0.009767894472649918
S00292623,OA,COL6A1-poor,COL1A1bis,eccentricity,0.03177736903506452
S00292623,OA,COL6A1-poor,MFAP5,alignment_score,0.37314871501285546
S00292623,OA,COL6A1-poor,MFAP5,area,-0.003974489334557827
S00292623,OA,COL6A1-poor,MFAP5,major_axis_length,-0.01755824709432199
S00292623,OA,COL6A1-poor,MFAP5,minor_axis_length,-0.014986348214931696
S00292623,OA,COL6A1-poor,MFAP5,eccentricity,0.025996708547800156
S00293087,OA,COL6A1-rich,COL6A1,alignment_score,0.24963570138898958
S00293087,OA,COL6A1-rich,COL6A1,area,-0.005629184252678767
S00293087,OA,COL6A1-rich,COL6A1,major_axis_length,-0.0002777712853635934
S00293087,OA,COL6A1-rich,COL6A1,minor_axis_length,-0.0002321166036440094
S00293087,OA,COL6A1-rich,COL6A1,eccentricity,0.008584171663564752
S00293087,OA,COL6A1-rich,COL4A1,alignment_score,
S00293087,OA,COL6A1-rich,COL4A1,area,-0.12500000000000003
S00293087,OA,COL6A1-rich,COL4A1,major_axis_length,-0.12499999999999996
S00293087,OA,COL6A1-rich,COL4A1,minor_axis_length,-0.12499999999999994
S00293087,OA,COL6A1-rich,COL4A1,eccentricity,-0.12500000000000003
S00293087,OA,COL6A1-rich,CHP,alignment_score,0.19649049783384626
S00293087,OA,COL6A1-rich,CHP,area,-0.0507264300892352
S00293087,OA,COL6A1-rich,CHP,major_axis_length,-0.014785945979831459
S00293087,OA,COL6A1-rich,CHP,minor_axis_length,-0.05776001633092594
S00293087,OA,COL6A1-rich,CHP,eccentricity,0.00431453310399063
S00293087,OA,COL6A1-rich,FN,alignment_score,0.5159659645440604
S00293087,OA,COL6A1-rich,FN,area,-0.0019587061453057424
S00293087,OA,COL6A1-rich,FN,major_axis_length,-0.0048348314913955175
S00293087,OA,COL6A1-rich,FN,minor_axis_length,-0.03483269691880516
S00293087,OA,COL6A1-rich,FN,eccentricity,-0.05148354943460306
S00293087,OA,COL6A1-rich,COL1A1bis,alignment_score,0.2327778568079465
S00293087,OA,COL6A1-rich,COL1A1bis,area,-0.006706467646025589
S00293087,OA,COL6A1-rich,COL1A1bis,major_axis_length,-0.011059635719417175
S00293087,OA,COL6A1-rich,COL1A1bis,minor_axis_length,-0.015408189916087838
S00293087,OA,COL6A1-rich,COL1A1bis,eccentricity,0.02220795416228856
S00293087,OA,COL6A1-rich,MFAP5,alignment_score,0.05715345306862302
S00293087,OA,COL6A1-rich,MFAP5,area,-0.0505042068015795
S00293087,OA,COL6A1-rich,MFAP5,major_axis_length,-0.039875364611302665
S00293087,OA,COL6A1-rich,MFAP5,minor_axis_length,-0.06570399227761767
S00293087,OA,COL6A1-rich,MFAP5,eccentricity,0.0178816898887137
S00293087,OA,COL6A1-poor,COL6A1,alignment_score,0.30712068065545306
S00293087,OA,COL6A1-poor,COL6A1,area,-0.015863300398139015
S00293087,OA,COL6A1-poor,COL6A1,major_axis_length,-0.02368428193183863
S00293087,OA,COL6A1-poor,COL6A1,minor_axis_length,-0.02678585672866727
S00293087,OA,COL6A1-poor,COL6A1,eccentricity,0.03705865792501536
S00293087,OA,COL6A1-poor,COL4A1,alignment_score,0.32602313429775936
S00293087,OA,COL6A1-poor,COL4A1,area,0.02335286160974694
S00293087,OA,COL6A1-poor,COL4A1,major_axis_length,0.020765439621135064
S00293087,OA,COL6A1-poor,COL4A1,minor_axis_length,0.0221716160588811
S00293087,OA,COL6A1-poor,COL4A1,eccentricity,0.0481857129495364
S00293087,OA,COL6A1-poor,CHP,alignment_score,0.328001880054352
S00293087,OA,COL6A1-poor,CHP,area,0.00937448007750436
S00293087,OA,COL6A1-poor,CHP,major_axis_length,0.012388771498315075
S00293087,OA,COL6A1-poor,CHP,minor_axis_length,0.006534409686167266
S00293087,OA,COL6A1-poor,CHP,eccentricity,0.031026225765372905
S00293087,OA,COL6A1-poor,FN,alignment_score,0.310645192426333
S00293087,OA,COL6A1-poor,FN,area,0.06734091875379397
S00293087,OA,COL6A1-poor,FN,major_axis_length,0.04170982270343204
S00293087,OA,COL6A1-poor,FN,minor_axis_length,0.05964508351228652
S00293087,OA,COL6A1-poor,FN,eccentricity,0.03885749595610947
S00293087,OA,COL6A1-poor,COL1A1bis,alignment_score,0.30145062367500247
S00293087,OA,COL6A1-poor,COL1A1bis,area,-0.0031627698830162484
S00293087,OA,COL6A1-poor,COL1A1bis,major_axis_length,0.002084234279185189
S00293087,OA,COL6A1-poor,COL1A1bis,minor_axis_length,-0.0008110371656883163
S00293087,OA,COL6A1-poor,COL1A1bis,eccentricity,0.0388905536472038
S00293087,OA,COL6A1-poor,MFAP5,alignment_score,0.3108796674342476
S00293087,OA,COL6A1-poor,MFAP5,area,-0.009657926583315681
S00293087,OA,COL6A1-poor,MFAP5,major_axis_length,-0.017290393646953457
S00293087,OA,COL6A1-poor,MFAP5,minor_axis_length,-0.014039286004549819
S00293087,OA,COL6A1-poor,MFAP5,eccentricity,0.03648378350309601
