imageid,pathology,phenotype,fiber_type,feature_fiber,cross_morans_i
JRP112,RA,MERTK+ Macrophages,COL6A1,COL4A1_rich_density_near_COL6A1,-0.03804688266503649
JRP112,RA,MERTK+ Macrophages,COL6A1,alignment_score,-0.05848604867163052
JRP112,RA,MERTK+ Macrophages,COL6A1,area,0.005852014175519037
JRP112,RA,T cells,COL6A1,COL4A1_rich_density_near_COL6A1,-0.1459535503952334
JRP112,RA,T cells,COL6A1,alignment_score,0.19611664030679526
JRP112,RA,T cells,COL6A1,area,0.02993746264806834
JRP112,RA,CD4 T cells,COL6A1,COL4A1_rich_density_near_COL6A1,0.014770921046119748
JRP112,RA,CD4 T cells,COL6A1,alignment_score,0.024422103317862126
JRP112,RA,CD4 T cells,COL6A1,area,-0.012166093309505455
JRP112,RA,CD8 T cells,COL6A1,COL4A1_rich_density_near_COL6A1,-0.0037462029466668744
JRP112,RA,CD8 T cells,COL6A1,alignment_score,0.05991042675581001
JRP112,RA,CD8 T cells,COL6A1,area,0.01678677645987246
JRP112,RA,Vascular cells,COL6A1,COL4A1_rich_density_near_COL6A1,0.16996409429925433
JRP112,RA,Vascular cells,COL6A1,alignment_score,-0.15484612886661622
JRP112,RA,Vascular cells,COL6A1,area,0.005750627499904087
JRP122,RA,MERTK+ Macrophages,COL6A1,COL4A1_rich_density_near_COL6A1,-0.051677219217550904
JRP122,RA,MERTK+ Macrophages,COL6A1,alignment_score,0.007880760353856252
JRP122,RA,MERTK+ Macrophages,COL6A1,area,-0.014975368172895643
JRP122,RA,T cells,COL6A1,COL4A1_rich_density_near_COL6A1,-0.02516936696706681
JRP122,RA,T cells,COL6A1,alignment_score,0.005739729249336188
JRP122,RA,T cells,COL6A1,area,-0.004953164832180576
JRP122,RA,CD4 T cells,COL6A1,COL4A1_rich_density_near_COL6A1,0.07703407945980412
JRP122,RA,CD4 T cells,COL6A1,alignment_score,-0.03543681613658741
JRP122,RA,CD4 T cells,COL6A1,area,-0.004625728412150636
JRP122,RA,CD8 T cells,COL6A1,COL4A1_rich_density_near_COL6A1,0.08051998037614766
JRP122,RA,CD8 T cells,COL6A1,alignment_score,-0.01942898841254913
JRP122,RA,CD8 T cells,COL6A1,area,-0.009559501957000317
JRP122,RA,Vascular cells,COL6A1,COL4A1_rich_density_near_COL6A1,0.3276764958652538
JRP122,RA,Vascular cells,COL6A1,alignment_score,0.025110994304282108
JRP122,RA,Vascular cells,COL6A1,area,0.04227709887604166
JRP141,RA,MERTK+ Macrophages,COL6A1,COL4A1_rich_density_near_COL6A1,-0.07493129961246364
JRP141,RA,MERTK+ Macrophages,COL6A1,alignment_score,-0.026638802999508087
JRP141,RA,MERTK+ Macrophages,COL6A1,area,0.011997488766952655
JRP141,RA,T cells,COL6A1,COL4A1_rich_density_near_COL6A1,-0.01710293246978849
JRP141,RA,T cells,COL6A1,alignment_score,-0.023803382814657846
JRP141,RA,T cells,COL6A1,area,0.012807141021805912
JRP141,RA,CD4 T cells,COL6A1,COL4A1_rich_density_near_COL6A1,0.20985769789786377
JRP141,RA,CD4 T cells,COL6A1,alignment_score,-0.05359525569503792
JRP141,RA,CD4 T cells,COL6A1,area,-0.013867385108853566
JRP141,RA,CD8 T cells,COL6A1,COL4A1_rich_density_near_COL6A1,0.1518620852581284
JRP141,RA,CD8 T cells,COL6A1,alignment_score,-0.031055513588945545
JRP141,RA,CD8 T cells,COL6A1,area,0.013656884726013875
JRP141,RA,Vascular cells,COL6A1,COL4A1_rich_density_near_COL6A1,0.29973985991365604
JRP141,RA,Vascular cells,COL6A1,alignment_score,-0.012023141141451848
JRP141,RA,Vascular cells,COL6A1,area,0.021747420000981284
JRP144,OA,MERTK+ Macrophages,COL6A1,COL4A1_rich_density_near_COL6A1,-0.03784344312904711
JRP144,OA,MERTK+ Macrophages,COL6A1,alignment_score,-0.009135010742501963
JRP144,OA,MERTK+ Macrophages,COL6A1,area,-0.028521441621378388
JRP144,OA,T cells,COL6A1,COL4A1_rich_density_near_COL6A1,0.13893060081273234
JRP144,OA,T cells,COL6A1,alignment_score,-0.010621200669212473
JRP144,OA,T cells,COL6A1,area,-0.007570233640890005
JRP144,OA,CD4 T cells,COL6A1,COL4A1_rich_density_near_COL6A1,0.21636910352673186
JRP144,OA,CD4 T cells,COL6A1,alignment_score,-0.0017458461837391674
JRP144,OA,CD4 T cells,COL6A1,area,0.006670570663011026
JRP144,OA,CD8 T cells,COL6A1,COL4A1_rich_density_near_COL6A1,0.07510663433506853
JRP144,OA,CD8 T cells,COL6A1,alignment_score,-0.0049361752707397216
JRP144,OA,CD8 T cells,COL6A1,area,-0.002285708362672611
JRP144,OA,Vascular cells,COL6A1,COL4A1_rich_density_near_COL6A1,0.24094332307196104
JRP144,OA,Vascular cells,COL6A1,alignment_score,-0.03421600336716652
JRP144,OA,Vascular cells,COL6A1,area,0.04990274733285225
S00292623,OA,MERTK+ Macrophages,COL6A1,COL4A1_rich_density_near_COL6A1,0.03205100991580513
S00292623,OA,MERTK+ Macrophages,COL6A1,alignment_score,-0.0010315882881358162
S00292623,OA,MERTK+ Macrophages,COL6A1,area,0.00015651933833035105
S00292623,OA,T cells,COL6A1,COL4A1_rich_density_near_COL6A1,0.09007089840777502
S00292623,OA,T cells,COL6A1,alignment_score,0.014932580607062708
S00292623,OA,T cells,COL6A1,area,-0.002052674688649904
S00292623,OA,CD4 T cells,COL6A1,COL4A1_rich_density_near_COL6A1,0.0964716572291203
S00292623,OA,CD4 T cells,COL6A1,alignment_score,0.00019470223130280852
S00292623,OA,CD4 T cells,COL6A1,area,-0.0034701070180493147
S00292623,OA,CD8 T cells,COL6A1,COL4A1_rich_density_near_COL6A1,0.10504446275924377
S00292623,OA,CD8 T cells,COL6A1,alignment_score,-0.021263514525565016
S00292623,OA,CD8 T cells,COL6A1,area,-0.007573958087484303
S00292623,OA,Vascular cells,COL6A1,COL4A1_rich_density_near_COL6A1,0.267017611618973
S00292623,OA,Vascular cells,COL6A1,alignment_score,-0.03507397150505702
S00292623,OA,Vascular cells,COL6A1,area,0.0018411607449924608
S00293087,OA,MERTK+ Macrophages,COL6A1,COL4A1_rich_density_near_COL6A1,0.0007222893317023058
S00293087,OA,MERTK+ Macrophages,COL6A1,alignment_score,-0.007901452915805018
S00293087,OA,MERTK+ Macrophages,COL6A1,area,0.0007952544983519161
S00293087,OA,T cells,COL6A1,COL4A1_rich_density_near_COL6A1,-0.009085065932394705
S00293087,OA,T cells,COL6A1,alignment_score,0.015893964607188206
S00293087,OA,T cells,COL6A1,area,0.005780155541889723
S00293087,OA,CD4 T cells,COL6A1,COL4A1_rich_density_near_COL6A1,0.051357571571254534
S00293087,OA,CD4 T cells,COL6A1,alignment_score,0.00969353036696882
S00293087,OA,CD4 T cells,COL6A1,area,0.0006659605043525609
S00293087,OA,CD8 T cells,COL6A1,COL4A1_rich_density_near_COL6A1,0.03601874856178818
S00293087,OA,CD8 T cells,COL6A1,alignment_score,0.013287579363976497
S00293087,OA,CD8 T cells,COL6A1,area,0.0006004392841866037
S00293087,OA,Vascular cells,COL6A1,COL4A1_rich_density_near_COL6A1,0.37230601653824996
S00293087,OA,Vascular cells,COL6A1,alignment_score,0.0016250367574557768
S00293087,OA,Vascular cells,COL6A1,area,0.011880725937437971
