sample_id,display_name,disease_group,cluster_key,leiden,n_cells,fraction,top_marker_genes,ductal_epithelial_score_z,duodenum_epithelial_score_z,acinar_epithelial_score_z,islet_endocrine_score_z,fibroblast_stellate_score_z,endothelial_score_z,t_cell_score_z,cytotoxic_t_nk_score_z,treg_checkpoint_score_z,b_cell_score_z,plasma_cell_score_z,myeloid_score_z,mast_cell_score_z,proliferation_score_z,panin_mucin_remodeling_score_z,intestinal_like_ductal_remodeling_score_z,EPCAM_mean,EPCAM_frac_pos,KRT7_mean,KRT7_frac_pos,TFF2_mean,TFF2_frac_pos,AGR3_mean,AGR3_frac_pos,MKI67_mean,MKI67_frac_pos,TOP2A_mean,TOP2A_frac_pos,CFTR_mean,CFTR_frac_pos,FXYD2_mean,FXYD2_frac_pos,TM4SF4_mean,TM4SF4_frac_pos,PROX1_mean,PROX1_frac_pos,EHF_mean,EHF_frac_pos,DMBT1_mean,DMBT1_frac_pos,GPX2_mean,GPX2_frac_pos,KRT20_mean,KRT20_frac_pos,AMY2A_mean,AMY2A_frac_pos,AQP8_mean,AQP8_frac_pos,GATM_mean,GATM_frac_pos,ANPEP_mean,ANPEP_frac_pos,KLK11_mean,KLK11_frac_pos,INS_mean,INS_frac_pos,GCG_mean,GCG_frac_pos,SST_mean,SST_frac_pos,PPY_mean,PPY_frac_pos,ACTA2_mean,ACTA2_frac_pos,PDGFRA_mean,PDGFRA_frac_pos,THY1_mean,THY1_frac_pos,PDPN_mean,PDPN_frac_pos,PECAM1_mean,PECAM1_frac_pos,VWF_mean,VWF_frac_pos,SOX17_mean,SOX17_frac_pos,CD34_mean,CD34_frac_pos,PTPRC_mean,PTPRC_frac_pos,CD3D_mean,CD3D_frac_pos,CD3E_mean,CD3E_frac_pos,CD4_mean,CD4_frac_pos,CD8A_mean,CD8A_frac_pos,FOXP3_mean,FOXP3_frac_pos,GZMB_mean,GZMB_frac_pos,NKG7_mean,NKG7_frac_pos,CD19_mean,CD19_frac_pos,MS4A1_mean,MS4A1_frac_pos,CD79A_mean,CD79A_frac_pos,BANK1_mean,BANK1_frac_pos,MZB1_mean,MZB1_frac_pos,TNFRSF17_mean,TNFRSF17_frac_pos,CD68_mean,CD68_frac_pos,AIF1_mean,AIF1_frac_pos,CD14_mean,CD14_frac_pos,FCGR3A_mean,FCGR3A_frac_pos,CD163_mean,CD163_frac_pos,MPEG1_mean,MPEG1_frac_pos,KIT_mean,KIT_frac_pos,CPA3_mean,CPA3_frac_pos,suggested_Tier_A,annotation_score,annotation_note,suggested_Tier_B
pdac_addon_v1,hPancreas Cancer Add-on FFPE,PDAC,xenium_graphclust,1,19578,0.1025697445972495,"AMY2A, GATM, ANPEP, RNASE1, AQP8, SERPINB1, SSR4, EEF1D",-0.08480070947688692,-0.00325950848890907,1.794676691719269,-0.1139003017166237,-0.45087111339107044,-0.26795269137610195,-0.45887861833221466,-0.19237549161163164,-0.27846774682971925,-0.14095778483691784,-0.19539475718388155,-0.5199180846956324,0.003940873720193678,-0.14275729896078695,-0.21372842949785667,-0.21567718720383575,1.9805706381883035,0.4432526305036265,0.47841814816430395,0.11242210644601083,0.005330380507857019,0.0012769435080192053,0.03237869166197773,0.007610583307794463,0.04738886974503064,0.011288180610889775,0.02915463554492607,0.006997650423945245,2.184076476235935,0.4596485851465931,0.3170335285996548,0.07493104505056697,0.13903719349357566,0.032587598324650115,0.8413370118368657,0.19532127898661764,0.2788970385426848,0.06614567371539483,0.02899494013073666,0.006946572683624476,0.09714637025285028,0.023036060884666462,0.005009306610903173,0.0011747880273776689,6.587263104815516,0.9649095923996323,3.1888611424333386,0.6771886811727449,5.618014941299299,0.9673102461947084,5.2688895775940825,0.943814485647155,0.17732954260301684,0.042394524466237614,0.0798589503001553,0.01889876391868424,0.2823531941600834,0.06405148636224334,0.06514888318058223,0.015221166615588927,0.9742057984958375,0.19996935335580754,0.14889225311670937,0.03509040760036776,0.2706561646552577,0.06277454285422412,0.27444486079048924,0.06435795280416795,0.13609094478000427,0.031821432219838595,0.6685338730904138,0.1514965777913985,0.17922940008461763,0.04162835836142609,0.03372708262261264,0.008121360711002145,0.3325057671498517,0.07697415466339769,0.347722862017436,0.07993666360200224,0.038973220230817236,0.009193993257738278,0.06493086558657728,0.01511901113494739,0.1884834022806448,0.04438655633874757,0.05248319231973068,0.012156502196342834,0.018994099237249314,0.004545918888548371,0.018220440836505147,0.0043416079272652975,0.01883276812644691,0.004443763407906834,0.018012558540755754,0.004290530186944529,0.017785248479727206,0.004290530186944529,0.026270676065920956,0.006231484319133722,0.019608724822378437,0.0046991521095106755,0.026511585277682465,0.0061804065788129536,0.03212399448141865,0.007661661048115232,0.18570930162091362,0.043722545714577586,0.48469632966901516,0.11257533966697314,0.16185150740521473,0.03795076105833078,0.24159978747380037,0.056236592093165796,0.1390937485652506,0.03253652058432935,0.1806101302762528,0.042394524466237614,0.08465415942606808,0.019767085504137298,0.18544004633010427,0.04392685667586066,pancreatic acinar epithelium,2.2,best marker program: top_marker_rule_3_hits,acinar epithelial
pdac_addon_v1,hPancreas Cancer Add-on FFPE,PDAC,xenium_graphclust,2,17836,0.09344335297969876,"FSTL3, CFB, BIRC3, CXCL2, CXCL6, CFTR, NTN4, DSP",0.7629025088396433,0.0070323953177666015,-0.11945297472397619,-0.2745923638816209,-0.38505200955244845,-0.2876024136222676,-0.416579695217169,-0.16218196486612826,-0.24674975794364204,-0.12337748572585569,-0.18726556323519963,-0.44321156271760265,-0.03618314383062845,-0.07996446783104948,0.14420753546149015,0.23718625471238566,3.3052079783851562,0.7074456156088809,2.59868332319234,0.5729423637586903,0.005410701230278623,0.0013455931823278763,0.07937640875384101,0.019623233908948195,0.08232201084103598,0.020015698587127158,0.05011951924707088,0.01227853778874187,4.299231876637749,0.8061224489795918,0.28527323271720817,0.06952231442027361,0.22270836098147603,0.05382372729311505,0.7586618944865542,0.18238394258802423,0.9870707594805647,0.23547880690737832,0.09317893800406105,0.02248261942139493,0.7455089213094734,0.1782350302758466,0.006594264205193461,0.0016819914779098452,0.9226781406940486,0.20705315093070195,0.2478004203138931,0.06094415788293339,2.1684422025794965,0.48598340435075127,2.603382222653505,0.5560663825969948,0.1653998221054984,0.041040592061000226,0.032473630596634835,0.008073559093967257,0.11982563309777503,0.027977124915900427,0.03306809833002187,0.008073559093967257,0.4734758888426638,0.10142408611796366,0.3773013208847619,0.09037900874635568,0.1736817348562139,0.04249831800852209,0.3604783261268763,0.08684682664274501,0.18233421191583168,0.04485310607759587,0.6089785659920076,0.14420273603947073,0.19258711759914168,0.04664723032069971,0.028264051583562363,0.006952231442027361,0.27918426562489135,0.0674478582641848,0.4102335387106085,0.09867683337071093,0.04312865815373327,0.010596546310832025,0.07025350234946426,0.01726844583987441,0.25845173689035267,0.06346714509979816,0.06338591439543778,0.015418255214173582,0.021596678799378762,0.005270239964117515,0.02616629225706728,0.006335501233460417,0.023559195240347556,0.005718771024893474,0.022475216575309445,0.005662704642296479,0.019740235072985227,0.004989908051132541,0.023053915798998275,0.005718771024893474,0.04457617922197091,0.010932944606413994,0.034715366954358604,0.00857815653734021,0.03500281342157577,0.008746355685131196,0.23492008042618898,0.05752410854451671,0.5367425791509859,0.12973760932944606,0.2824251714322727,0.06896165059430366,0.24696058315609462,0.060383494056963444,0.15236375680229647,0.03750840995738955,0.16038511146422219,0.03935860058309038,0.14205967702253913,0.033864095088584886,0.04501873039562998,0.011157210136801973,pancreatic ductal epithelium,0.7629025088396433,best marker program: ductal_epithelial_score_z,ductal/tumor epithelial
pdac_addon_v1,hPancreas Cancer Add-on FFPE,PDAC,xenium_graphclust,3,17737,0.09292468893254748,"MS4A6A, LAPTM5, CXCR4, C1orf162, PTPRC, ASAH1, AIF1, CD163",-0.7311241795943592,-0.006152800891008234,-0.6756808507085852,-0.27657238497301634,-0.08014763026323778,0.027016477278560387,0.5880633277902719,-0.01834132652625482,0.7188933360743905,0.019063590597655476,0.1719853262348322,1.5124922045753224,-0.06881778559429168,0.19157104228271465,-0.23791743707306073,-0.23954231457620273,0.24160512394154227,0.053616733382195414,0.19277543484469026,0.04245362800924621,0.007324302721407997,0.0016913796019620004,0.016599969072971538,0.0037210351243164006,0.2723586968869658,0.05829621694762361,0.12979570070651592,0.028584315273157804,0.5666656483924798,0.11929864125838642,0.0661406406267739,0.014827761177200202,0.07355399430722255,0.016350002818966,0.10123170115078438,0.022326210745898405,0.08997964692329509,0.020127417263347804,0.023539380007789698,0.005186897446016801,0.06505194825734134,0.014376726616677002,0.004563738341771569,0.0010148277611772003,0.5820586177026728,0.11800191689688222,0.06727773769400384,0.014996899137396403,0.4555209640882098,0.09815639623386142,0.7038199164159418,0.15273157805716864,0.01785596993620503,0.004002931724643401,0.046343111807728606,0.010204656931837402,0.18661933428621374,0.036759316682640805,0.03741840308888854,0.008175001409483,0.3691529712299554,0.07143259852286181,0.6508923044278373,0.13976433444212663,0.3919385673967929,0.08586570445960422,0.7676578101427893,0.16564244235214523,0.5049393419792776,0.11055984664824942,2.1868324330192195,0.4482719738399955,0.24899325634518207,0.054124147262784014,0.024068742968650723,0.005412414726278401,0.35603803559207736,0.07735242712972881,3.113547249967299,0.6103625190280205,0.13150375323680838,0.028866211873484805,0.2621388589273266,0.05643569938546541,1.8053188895254397,0.3771212719174607,0.25834509485864904,0.05570276822461521,0.0380646145827016,0.008456898009810001,0.029959368895279982,0.006483621807521002,0.10144267461544135,0.022664486666290805,0.033389804932783075,0.007272932288436601,0.09958352746612399,0.021029486384394204,0.09352652706798548,0.019732762022890003,0.08734175384249636,0.018774313581778203,0.06777571151885238,0.014320347296611602,0.060939568559756616,0.013136381575238203,1.629571467461591,0.33872695495292326,2.743655735270082,0.551502508879743,1.6811039311618206,0.34791678412358346,1.8322116240927082,0.37813609967863787,2.227407752509826,0.4466933528781643,1.4936564420036689,0.31189039860179285,0.11031006438666148,0.023792073067598805,0.06948278072204693,0.014940519817331003,Myeloid cells,2.4,best marker program: top_marker_rule_2_hits,myeloid/macrophage
pdac_addon_v1,hPancreas Cancer Add-on FFPE,PDAC,xenium_graphclust,4,16557,0.08674263261296661,"ANPEP, GATM, CFB, SERPINB1, NTN4, CXCL2, NOP53, GSTA1",0.19672328556912114,0.002296089422884311,1.0198794805994333,-0.1959657296787541,-0.424211479877981,-0.2742140902845908,-0.40244807596407184,-0.16699508791933487,-0.2347061067236832,-0.10344376341046627,-0.15724969851256346,-0.44571597332492385,-0.029735995857309575,-0.06032686469047081,-0.0698103925640761,-0.042542583074848477,2.521318928777952,0.5628435102977593,1.2278618235270413,0.2872501056954762,0.005779438407019212,0.0013891405447846832,0.06494339963783134,0.015703327897565983,0.10164702781741297,0.02458174790118983,0.05310130947316018,0.012683457148034065,2.4081790938270533,0.5107205411608383,0.23083438055090638,0.056471583016246905,0.16106757203572297,0.03919792232892432,0.9458793254767508,0.22485957601014678,0.5071537766384893,0.12212357311107085,0.04875739824442844,0.01207948299812768,0.3497981837372234,0.08407320166696865,0.005864871068803442,0.0013891405447846832,3.310866276667934,0.6394274325058887,1.8755638093240468,0.42713051881379477,4.576407631274301,0.88458053995289,4.90051596635723,0.9194298484024884,0.21355263848606282,0.05170018723198647,0.05358107678806853,0.012985444222987256,0.2094569218477679,0.04777435525759498,0.044410092607316036,0.010629945038352358,0.712456697829285,0.15044996074168027,0.22459569195945922,0.05393489158664009,0.2180678548390662,0.05248535362686477,0.3184232349059371,0.07622153771818566,0.17581215136335,0.042580177568400074,0.6597252324517816,0.15485897203599686,0.17762367636237145,0.042459382738418795,0.029393935740667242,0.007247689798876608,0.31292323211674067,0.0747116023434197,0.4146830829263936,0.09911215799963762,0.05313458646878086,0.012864649393005979,0.09431810680561512,0.022467838376517484,0.26505986017154715,0.06408165730506735,0.08447093130446807,0.019870749531920032,0.024704530603853827,0.00603974149906384,0.023902097704215145,0.005858549254091925,0.02350132682944522,0.005798151839101286,0.02729408466103875,0.006704113063960863,0.027102254860756975,0.006522920818988948,0.04013924526118524,0.009784381228483421,0.031007939205226126,0.007428882043848523,0.03380008545043986,0.008214048438726822,0.04864098365204471,0.011777495923174489,0.2509062278815756,0.06075979948058223,0.5481604031191116,0.13033762154979767,0.2659130294145705,0.06414205472005798,0.269345742633624,0.06462523403998309,0.16768439668398616,0.04076825511868092,0.19767663645457767,0.047713957842604335,0.09564831931212174,0.022890620281451952,0.09763731590437344,0.023917376336292807,pancreatic acinar epithelium,1.0198794805994333,best marker program: acinar_epithelial_score_z,acinar epithelial
pdac_addon_v1,hPancreas Cancer Add-on FFPE,PDAC,xenium_graphclust,5,13613,0.07131892599869025,"ALOX5AP, CLEC4E, CXCR4, LAPTM5, IL1R2, MNDA, MCEMP1, AQP9",-0.6315609191896052,-0.03578738302844552,-0.6280093446646252,-0.23668044953900605,-0.2538666507073707,-0.2763530479424533,-0.1780919288039873,-0.16469796879588405,-0.2185695434492272,-0.1706326731731359,-0.17597896609977443,-0.11387838297922133,-0.15935440369710116,-0.17934741481368535,-0.22986456074172074,-0.2265142082358754,0.4021319263452367,0.07426724454565489,0.3431950120408188,0.06376257988687284,0.004278973111641851,0.000808051127598619,0.016236657724315342,0.0030118269301403072,0.04095883128802939,0.007492837728641739,0.021245003131890833,0.0037464188643208697,1.0020637455811834,0.17777124807169617,0.08265408560275717,0.01535297142437376,0.097419035528423,0.018144420774259897,0.1322535011688302,0.02424153382795857,0.10033217933958549,0.018805553515022406,0.028514186649242646,0.005289061926100051,0.08057588659796648,0.015059134650701536,0.0,0.0,0.8453425910973246,0.14111511055608608,0.07516611982370941,0.01381032836259458,0.6194598213104168,0.1112172188349372,0.6377549187210386,0.11577168882685668,0.015727353500582544,0.002938367736722251,0.034099435452490875,0.006317490633952839,0.15151676031421057,0.026371850437082203,0.029905448082147876,0.005435980312936164,0.627124410805954,0.10166752369058987,0.6212876518564484,0.1107030044810108,0.2768010670876228,0.04980533313744215,0.5310117584527796,0.09579078821714537,0.19030346904049314,0.034599280099904504,0.9380201861674996,0.16734004260633217,0.13669584920629996,0.02482920737530302,0.011491072324129168,0.0020568574157055755,0.2397168986217443,0.043414383310071254,1.3405658398719797,0.23646514361272314,0.05710001894845012,0.010578123852200102,0.10192555182564927,0.01836479835451407,0.3607475419753113,0.06523176375523397,0.12440249922168183,0.02211121721883494,0.014343405999382825,0.0025710717696319696,0.010245312602674288,0.001909939028869463,0.029403451204842862,0.0053625211195181075,0.0041152066069854954,0.0007345919341805627,0.014283992397717757,0.002497612576213913,0.013303177034286559,0.0023506941893778007,0.017626931996066346,0.003232204510394476,0.016877791326891742,0.002938367736722251,0.014396942380785916,0.0025710717696319696,0.30122793478276755,0.05399250716227136,1.2251821663976372,0.21780650848453684,0.45038323953046094,0.08212737824138691,0.553074231918734,0.09953720708146624,0.3647723468704016,0.06530522294865203,0.3675529662756954,0.06581943730257842,0.07373773273167336,0.013736869169176522,0.038091878576439114,0.007199000954969515,Unknown,-0.23668044953900605,weak best score: islet_endocrine_score_z,Unknown
pdac_addon_v1,hPancreas Cancer Add-on FFPE,PDAC,xenium_graphclust,6,13533,0.07089980353634577,"VCAN, CTHRC1, FBN1, COL5A2, SFRP2, THBS2, FSTL1, ACTA2",-0.6855545108849309,0.0031666060205249257,-0.7399695943345594,-0.29273664066362615,1.6818293856922855,-0.05007249885455214,0.05496813461413017,0.03304267554881053,0.09226372579999706,-0.06685730426511823,0.06997194526828726,0.16822580252289637,-0.12098937944880625,0.05060092932288676,-0.24417217881683043,-0.2465248983760442,0.26299846823301987,0.0608143057710781,0.26641539920242274,0.06229217468410552,0.005414490300553923,0.0014039754673760437,0.016222313714821957,0.0038424591738712775,0.16852873303466878,0.03872016552131826,0.09900395290414502,0.023276435380181777,0.541124660865013,0.12029852952043153,0.042033958530193476,0.009975615162935048,0.06694711650861637,0.015591517032439222,0.10071255464313529,0.023276435380181777,0.07369709552228473,0.017512746619374863,0.02182900769072961,0.005172541195595951,0.055775750373108,0.013005246434641248,0.005998930997685724,0.0014778689130274145,0.5117165272087707,0.11157910293356979,0.05568006778075198,0.013079139880292618,0.3436561325282962,0.07803147860784748,0.4051397232067503,0.0931057415207271,0.015523741658049447,0.0038424591738712775,0.03456380819522083,0.008054385575999409,0.12864346478842126,0.02763614867361265,0.038336272832692475,0.008645533141210375,0.373849167242764,0.07751422448828789,2.9618646680828666,0.5886351880588192,2.0844238531313795,0.44993719057119635,3.0216580630493897,0.6275770339170915,1.3070332501897048,0.29187911032291436,1.1406689627792639,0.2564102564102564,0.24257880313199312,0.05615901869504175,0.03233189617355145,0.007758811793393926,0.8901249620168002,0.20076849183477424,1.2080991585098049,0.2688982487253381,0.15173568900352236,0.03576442769526343,0.2705800169668026,0.062587748466711,0.6976414384118189,0.16278726076996972,0.2601076927839023,0.05977979753195892,0.05719125705116614,0.013153033325943989,0.026671624188940056,0.006280942880366512,0.07652192881090945,0.01825168107588857,0.0172519098406029,0.004064139510825389,0.04613385096204472,0.010862336510751497,0.06768166744937162,0.016034877706347445,0.05617083132879209,0.013596393999852213,0.07397051913893461,0.01706938594546664,0.04402006573593556,0.010566762728146013,0.6452428729590701,0.15081652257444764,1.3883641715907014,0.3120520209857386,0.6861915946191759,0.15938816227000666,0.8437502823567995,0.19374861449789404,0.7803311826102284,0.1784526712480603,0.5685350076591837,0.1324909480529077,0.08353882162567254,0.019803443434567355,0.06436649674649761,0.015148156358530998,Fibroblasts,2.0,best marker program: top_marker_rule_3_hits,activated fibroblast/stellate
pdac_addon_v1,hPancreas Cancer Add-on FFPE,PDAC,xenium_graphclust,7,12602,0.06602226588081204,"LAPTM5, MS4A6A, CTHRC1, VCAN, SFRP2, CXCR4, FBN1, C1orf162",-0.7069027040979292,-0.0030134869593185596,-0.6702468241767884,-0.2376693910945417,0.72905587289817,-0.01712172207149935,0.33270154769029653,-0.03263713873954875,0.4495196088380394,-0.0007339661485388369,0.17097230425422696,0.965984179216271,-0.08559652155582581,0.08636588772536077,-0.23511183509291492,-0.23619915147961268,0.249731687057058,0.05554673861291858,0.18474658461454047,0.04142199650849072,0.00774729914030297,0.0017457546421202983,0.016870906647756503,0.0038089192191715603,0.19123920632286537,0.04134264402475798,0.10820182698659529,0.02380574511982225,0.6088066543781309,0.13005872083796222,0.059592697000223536,0.013331217267100461,0.08006800000506002,0.01793366132359943,0.11441805612055239,0.025472147278209806,0.09432451457489939,0.021345818124107286,0.02576595012242218,0.00571337882875734,0.06808559369745755,0.0151563243929535,0.005047194031832086,0.0011902872559911126,0.6923426628831719,0.14077130614188224,0.0845921856319123,0.01833042374226313,0.4719331856096307,0.10196794159657198,0.605413267033911,0.13228059038247897,0.014076471688198373,0.0031740993493096334,0.06393515076112831,0.014045389620695127,0.20121004340800383,0.04134264402475798,0.051090947050383084,0.011109347722583717,0.5093294692179491,0.09966671956832249,1.5968557523746487,0.32931280749087444,1.1715479933104993,0.2518647833677194,1.940647524967021,0.4088239961910808,0.8485382624494331,0.18417711474369147,1.791610621153561,0.3789081098238375,0.21784233560715,0.048246310109506425,0.026152600562491128,0.005872083796222821,0.5454404155255651,0.1195048405015077,2.3445977031229184,0.48278051102999525,0.11998647482617282,0.026821139501666404,0.2263271146644734,0.05007141723535947,1.3177143359369672,0.28503412156800506,0.24736285924797985,0.05419774638946199,0.041606789410180506,0.009204888112997937,0.023102576118521304,0.005157911442628154,0.09359058620929339,0.02110776067290906,0.02953660107854623,0.0066656086335502305,0.08815364420669379,0.01896524361212506,0.10236490380099947,0.022218695445167434,0.06411842786401174,0.014362799555626091,0.10582633308712745,0.02269481034756388,0.07159985693423185,0.015632439295349944,1.2033829184831693,0.259958736708459,2.268742945909008,0.4719885732423425,1.2585760645782393,0.2701158546262498,1.531149495217445,0.3255038882717029,1.6846772948062112,0.35335661006189495,1.1224487136420966,0.24107284558006667,0.09723952255103725,0.021821933026503728,0.08290020597679164,0.018489128709728613,Fibroblasts,2.0,best marker program: top_marker_rule_2_hits,activated fibroblast/stellate
pdac_addon_v1,hPancreas Cancer Add-on FFPE,PDAC,xenium_graphclust,8,12110,0.06344466273739358,"PECAM1, EPAS1, CD93, CD34, VWF, ADGRL4, CLEC14A, APOLD1",-0.5078134605577935,-0.0038115394154423416,-0.3228381157140916,-0.14789188646047322,0.17060521982421328,2.7964679326502546,-0.2126630465430881,-0.05173057571499092,-0.13381143013484992,-0.041357795958080576,0.14699078691801873,-0.2441198128890196,0.16214943657754854,0.03097002650478411,-0.17281958630905878,-0.17200273393509152,0.6327311697919736,0.14021469859620148,0.32118778384292945,0.07258464079273327,0.02452705997164637,0.005615194054500413,0.03128176582046622,0.007101568951279934,0.1554985274567671,0.03509496284062758,0.08766468910025133,0.019735755573905864,1.163870158183683,0.2421139554087531,0.1825625260933483,0.041040462427745665,0.18419567058147426,0.041123038810900084,0.3367563546146862,0.07415359207266722,0.1695015596418121,0.03864574731626755,0.07197650524331557,0.016184971098265895,0.12288327108819459,0.027745664739884393,0.004924293611780067,0.0011560693641618498,1.6343223283155017,0.29702725020644094,0.353812961082238,0.07828241123038811,1.2354308406347878,0.2523534269199009,1.283541454508913,0.2652353426919901,0.03518232637747175,0.008175061932287366,0.10462501986178359,0.022295623451692816,0.30923154710443623,0.05986787778695293,0.08723471645084321,0.018001651527663087,0.7099267003557881,0.1338563170933113,1.1221408498277357,0.23633360858794386,0.517747420579515,0.1152766308835673,1.2478850382404028,0.2709331131296449,0.43232317652021135,0.09438480594549958,4.7783069601342465,0.8531791907514451,2.689250765862689,0.5298100743187448,0.4801064114054799,0.10660611065235343,3.3385931752123783,0.6508670520231213,0.7562048190295647,0.16383154417836499,0.09105598154784628,0.02031379025598679,0.15408902406495628,0.03418662262592898,0.4843723764703059,0.10900082576383155,0.15455647310277434,0.03451692815854666,0.02377605680391672,0.0054500412881915775,0.03749692831819063,0.008505367464905038,0.06045513367672581,0.013542526837324525,0.01939987827193924,0.004541701073492981,0.059880250884323055,0.013129644921552436,0.07671945532130171,0.017010734929810076,0.061173259375215464,0.013955408753096614,0.052029236183985514,0.011560693641618497,0.0515049335289159,0.011725846407927332,0.3456690401995507,0.07836498761354253,0.8487791920574512,0.18678777869529314,0.4247836139751406,0.09554087530966143,0.45055975847063134,0.10024772914946325,0.3815955220914694,0.08546655656482247,0.37859971568566725,0.08513625103220479,0.26242148561186285,0.057803468208092484,0.09084521078256218,0.020396366639141204,Endothelial cells,2.7964679326502546,ambiguous: top_marker_rule_4_hits close to second-best,endothelial
pdac_addon_v1,hPancreas Cancer Add-on FFPE,PDAC,xenium_graphclust,9,12020,0.06297314996725606,"IL7R, CCL5, PTPRC, TRAC, CXCR4, CD8A, CD3E, CD2",-0.7375770253137781,-0.01997497793663991,-0.6600179251348972,-0.3199733082292336,0.0975296379787588,-0.11990808361241691,2.4173536836956218,1.7557487531128966,0.5738778239520312,0.22332683486652527,0.49570163614324736,0.2037738193164706,-0.13281654078318345,0.06835473313599959,-0.2406271213638723,-0.24278377643644564,0.2562408716627048,0.05374376039933444,0.13355434151140108,0.028452579034941763,0.008721142838679613,0.001913477537437604,0.01455273592531582,0.003161397670549085,0.18106148548411846,0.03718801996672213,0.09629787571616656,0.02038269550748752,0.5077976503903775,0.10183028286189684,0.0682137991545006,0.014642262895174708,0.05941621229771568,0.01264559068219634,0.1255040573002693,0.02637271214642263,0.08254095474614478,0.017554076539101498,0.0261947138337248,0.005407653910149751,0.057296418092413474,0.012479201331114808,0.002435117156652365,0.0004991680532445924,0.6927600340716256,0.12970049916805323,0.11394079110388351,0.0240432612312812,0.5422499962337005,0.10840266222961731,0.5741518174749047,0.11555740432612313,0.02398482188210511,0.004991680532445923,0.034526793472778775,0.007071547420965058,0.09856720052027267,0.01988352745424293,0.025095189450782866,0.005074875207986689,0.2927227600045291,0.05565723793677205,0.8485536743916212,0.1699667221297837,0.6355324342524549,0.13103161397670549,1.1075656553076427,0.2266222961730449,0.43565948537106125,0.09118136439267886,1.3232233566968097,0.26722129783693843,0.24384968570385518,0.049750415973377704,0.021655224762026363,0.004658901830282862,0.40464281436805916,0.08419301164725458,3.5528093114668837,0.6617304492512479,1.3312970357607685,0.2707154742096506,2.136428572711056,0.4242928452579035,0.8798877000808716,0.1807820299500832,2.2265663622818055,0.42803660565723795,0.18266703251395963,0.03569051580698835,0.23446538394778818,0.04941763727121464,0.464634637249488,0.09575707154742097,0.037900886817303754,0.007820299500831946,0.2595983593912172,0.051580698835274545,0.18223184380872476,0.036605657237936774,0.1130750127322662,0.022961730449251247,0.14519483761462118,0.029866888519134775,0.06889063084185024,0.01405990016638935,0.6988642281581479,0.14500831946755408,1.4418927019527072,0.2911813643926789,0.676637095480711,0.14051580698835275,0.8236507855120198,0.16988352745424293,0.9213929719020444,0.18693843594009985,0.6993544732671411,0.1427620632279534,0.08773888674829645,0.01821963394342762,0.05884095450209302,0.012146422628951747,T cells,2.4173536836956218,ambiguous: top_marker_rule_6_hits close to second-best,Tregs
pdac_addon_v1,hPancreas Cancer Add-on FFPE,PDAC,xenium_graphclust,10,11541,0.060463654223968565,"CFTR, AMY2A, SERPING1, CXCL6, PROX1, EPCAM, FXYD2, GATM",1.438840210930353,0.024440826430371765,0.6793597475366697,-0.06753592649283242,-0.46334417044111254,-0.31643181938548476,-0.4545158130629846,-0.1721380720852645,-0.26039117370451154,-0.13087824121336758,-0.21037133248352147,-0.4940914814564872,-0.03561334789673756,-0.06937287428209639,0.06339364588041795,0.10220718617438619,3.509891286609842,0.7192617624122692,1.0935235048701781,0.24755220518152674,0.004996883260781302,0.0012130664587124166,0.12066348912283945,0.028593709383935535,0.0883596376864132,0.020708777402304826,0.04772237406767754,0.011264188545186725,6.2888210480655875,0.9805042890564076,2.3644505318503746,0.5107009791179273,0.666210279030069,0.15137336452647085,2.622897042258031,0.5622563036132051,1.5642742345263068,0.3515293302140196,0.07822675616538108,0.01819599688068625,0.5480816957184372,0.12719868295641626,0.009275170052633078,0.002166190104843601,4.2778217015135445,0.7375444068971493,0.9687450246106049,0.22086474308985357,3.682438281429216,0.7280998180400312,3.2443635143716003,0.6567021921843861,0.08262866601695243,0.019669006151979897,0.09118567353032013,0.02140195823585478,0.3264779158310361,0.0720041590850013,0.08092642772467315,0.018369292089073737,1.1144516862416927,0.22441729486179707,0.1566828799076277,0.03682523178234122,0.24194151294798488,0.056060999913352394,0.23146341208743942,0.053461571787540074,0.15002176396180125,0.03500563209427259,0.5413526006881559,0.12251971232995408,0.15455416651369536,0.03613205094879127,0.04057679557684606,0.009617884065505589,0.27573576788277987,0.06385928429078935,0.3406509883316393,0.07832943419114462,0.035231605702819906,0.008144874794211941,0.06261578092499877,0.014643445108742744,0.21418319495481816,0.050342258036565286,0.05400521397208457,0.01282384542067412,0.022913592969634775,0.00537215146001213,0.027245998713102737,0.0063252751061433155,0.015693437928147792,0.00363919937613725,0.025899929083485443,0.006151979897755827,0.01784591728103356,0.004245732605493458,0.0269892383474957,0.006238627501949571,0.027660699291872138,0.006498570314530803,0.04228815544045123,0.009964474482280565,0.04038181130161588,0.009617884065505589,0.1949027568997941,0.0458365826184906,0.5165240739414674,0.11836062732865436,0.26853545639008997,0.06195303699852699,0.19461878894798967,0.04531669699332813,0.14047631311743028,0.0326661467810415,0.17520980561856908,0.04124425959622217,0.200363519131626,0.04652976345204055,0.06917768259745063,0.016376397192617624,pancreatic acinar epithelium,2.2,best marker program: top_marker_rule_2_hits,acinar epithelial
pdac_addon_v1,hPancreas Cancer Add-on FFPE,PDAC,xenium_graphclust,11,10070,0.05275703994760969,"PDGFRB, C1R, FBLN1, FBN1, PDGFRA, C7, SPON2, LTBP2",-0.26223629012827043,-0.007279876049021056,-0.10279508856764281,0.10110624410984112,0.8535407831137812,-0.12097230669306872,-0.31993689072159276,-0.16144842465455345,-0.20291459548381727,-0.034146968909371536,0.03527747806826142,-0.33056699756940144,0.06123856348026271,-0.0693332516483514,0.02533129091997509,0.021038874217582815,0.9174717035170463,0.1987090367428004,0.4804697781830819,0.10556107249255213,0.06805501152292383,0.014796425024826216,0.10454029234305631,0.022840119165839126,0.09754378845343642,0.02144985104270109,0.05366479798840672,0.01221449851042701,1.7698436669110067,0.3577954319761668,0.3570545272060042,0.07855014895729891,0.4840889335270553,0.10337636544190665,0.3646555147436193,0.08093346573982126,0.2795295822584878,0.062264150943396226,0.15654077510966327,0.03336643495531281,0.3420554458680669,0.07428003972194637,0.004390168284706942,0.0009930486593843098,2.321478184214178,0.4174776564051639,0.4694587052401151,0.10278053624627606,1.7466311212329428,0.35044687189672297,1.6493044327837234,0.3363455809334657,0.04904261118368927,0.01102284011916584,0.18111161837629908,0.03882820258192651,0.5449887140031604,0.10814299900695135,0.11783306747822918,0.025223435948361468,1.5053308533343681,0.27676266137040717,0.8880477149768288,0.18927507447864944,2.1792572685599683,0.44270109235352534,1.7632735406275184,0.3692154915590864,1.225773289636917,0.2573982125124131,0.9292982265989499,0.19692154915590865,0.20464610194023458,0.04458788480635551,0.03323117907731512,0.007447864945382324,0.7291853385033177,0.15660377358490565,0.5979046667462664,0.12770605759682224,0.04293095113741014,0.009632571996027805,0.08867230848617326,0.019364448857994043,0.45136246591244106,0.09930486593843098,0.09103576263344394,0.020059582919563057,0.04022261793350629,0.008838133068520358,0.01260085392377109,0.0028798411122144987,0.025464988157315904,0.005561072492552135,0.037138183374982606,0.00804369414101291,0.048277375667310635,0.01012909632571996,0.09521934335021064,0.020556107249255214,0.056540628246659674,0.012413108242303872,0.10178004229790878,0.02154915590863952,0.06221683195828208,0.013406156901688183,0.303182313553508,0.0673286991062562,0.7791662758606548,0.1686196623634558,0.33839435042312155,0.0746772591857001,0.37205943852929396,0.08162859980139027,0.31557020314755485,0.06921549155908639,0.31548603864270147,0.06881827209533267,0.16989440323698013,0.03684210526315789,0.20366538373574009,0.04349553128103277,Fibroblasts,2.0,best marker program: top_marker_rule_2_hits,activated fibroblast/stellate
pdac_addon_v1,hPancreas Cancer Add-on FFPE,PDAC,xenium_graphclust,12,8193,0.04292337917485265,"CFTR, CXCL6, FSTL3, CFB, EPCAM, BIRC3, SERPING1, CXCL2",1.6066095119252766,0.01862084041834179,-0.2563472279730803,-0.07595458340674294,-0.44146176607959553,-0.3285600886569911,-0.40631602031615216,-0.15762773007230327,-0.2140253473557541,-0.1087214697939832,-0.19172140803351406,-0.4120923826889922,0.01646168411303288,0.009819583871981175,0.3011312804623884,0.39015001132193605,3.8137183230714484,0.7832295862321494,2.5526948844966006,0.5588917368485292,0.006422979089929466,0.001586720371048456,0.17071638906975448,0.04174295129989015,0.12652322039213662,0.029903576223605517,0.07947618632792088,0.019284755278896618,6.328928944538703,0.9913340656658123,1.6766914822280328,0.3815452215305749,0.8910179107919305,0.20505309410472355,1.8112796773902375,0.4120590748199683,1.9169683208486528,0.43573782497253755,0.24407873746750192,0.058098376663005005,0.8352860828233437,0.19687538142316613,0.00837888971405793,0.0019528866105211766,1.3591670063437378,0.29622848773343097,0.15636344015940226,0.03832539973147809,1.6486968648720324,0.37373367508849015,1.8370773587109885,0.41035029903576226,0.052751712043629044,0.012571707555230075,0.10202078247163433,0.024533138044672283,0.32979460459815907,0.07274502624191383,0.10225179238181462,0.023922860978884415,1.0211251058756585,0.20737214695471745,0.23254444350926237,0.05541315757353839,0.1736220687238576,0.04174295129989015,0.26020729511223273,0.06237031612352008,0.20140998534895513,0.049066276089344565,0.5551744194151819,0.1304772366654461,0.15188890430031862,0.03600634688148419,0.03278859406909736,0.008055657268399853,0.24753414902162685,0.05870865372879287,0.45437836655763775,0.10667643109971928,0.0409027109445269,0.009886488465763456,0.08068825545858642,0.019406810692054192,0.2873661901929593,0.0687171976077139,0.06801729590468218,0.016355425363114854,0.0275343222509268,0.006590992310508971,0.025618328885777187,0.006346881484193824,0.019218312156050542,0.004638105699987794,0.027933990854956823,0.006835103136824118,0.015396321429505564,0.0037837178078847797,0.03254656723010355,0.00793360185524228,0.05445969696957507,0.01305992920786037,0.04900412028138198,0.011717319663127059,0.041019170461491936,0.010130599292078603,0.21940058220237454,0.05309410472354449,0.6450437487634011,0.1522031002074942,0.38125663989195235,0.09056511656291956,0.22448190044573954,0.05370438178933236,0.14361726421438614,0.034663737336750884,0.18777082860651695,0.045160502868302206,0.25889745611826115,0.06078359575247162,0.04133335583436683,0.009886488465763456,pancreatic ductal epithelium,1.6066095119252766,best marker program: ductal_epithelial_score_z,ductal/tumor epithelial
pdac_addon_v1,hPancreas Cancer Add-on FFPE,PDAC,xenium_graphclust,13,7247,0.03796725605762934,"LAPTM5, MS4A6A, ALOX5AP, ASAH1, C1orf162, PTPRC, NPC2, CFB",-0.09451316210710858,-0.02373602323364935,0.26940876775405803,-0.1791262674940689,-0.30930226799605,-0.1691344651097795,0.0953244743526645,-0.1631815300615594,0.21755233454458858,-0.11070123630777434,-0.020180964289136186,0.5667500579200015,-0.09458380784403617,0.3129632113834164,-0.11729047630208264,-0.0922435033697175,1.4146268869805076,0.3039878570442942,0.769586718853908,0.17027735614737133,0.0032252845590453783,0.0006899406651028012,0.04493426918012941,0.010211121843521458,0.3526811992873714,0.07589347316130812,0.17035495111395182,0.038222712846695185,2.5780889112175918,0.5015868635297365,0.3461201909132229,0.07727335449151373,0.17110476774134373,0.038222712846695185,0.5784930989415593,0.1287429281081827,0.41394033918253087,0.0936939423209604,0.03853108804933578,0.008831240513315854,0.2818238357190216,0.06264661239133434,0.001855914570042655,0.0004139643990616807,2.725701447929434,0.48737408582861874,0.783577401144218,0.16986339174830964,2.70520262338547,0.5384296950462261,2.815196403358926,0.5603698081964951,0.07101239285601309,0.016006623430384986,0.0588713858527974,0.013108872636953222,0.24073680996384902,0.05091762108458672,0.04866902374540245,0.010763074375603698,0.7536992879675161,0.1464054091348144,0.2720712737344916,0.06030081412998482,0.3090031024619137,0.06789016144611563,0.4235227349808878,0.09355595418793984,0.3926980285228689,0.08720850006899407,1.4331126835850563,0.30619566717262314,0.14757015084305747,0.03311715192493445,0.01847009071896483,0.004277632123637367,0.26560000911389975,0.058506968400717535,2.1349746232133446,0.44211397819787496,0.05681175821745693,0.012694908237891541,0.1030050133349436,0.023044018214433557,1.061703771398004,0.23237201600662344,0.08934734682551874,0.020008279287981233,0.015471612336274688,0.0034497033255140057,0.0176481944339858,0.004001655857596246,0.04313695133020257,0.009797157444459777,0.03384668639203968,0.007589347316130813,0.032549169617257186,0.007313371050089692,0.028930117742791906,0.006623430384986891,0.035922457074007035,0.008003311715192493,0.0427837943280666,0.009383193045398096,0.04824557050402549,0.010625086242583138,0.8621650254362877,0.1894577066372292,1.817262940231119,0.3854008555264247,1.0468037858804835,0.22643852628673933,1.0791230777781535,0.23195805160756175,0.9882241692627909,0.21319166551676555,0.8739396312145656,0.1880778253070236,0.06884169344969811,0.015592659031323307,0.05236223666145174,0.01186697943976818,Myeloid cells,0.5667500579200015,best marker program: myeloid_score_z,myeloid/macrophage
pdac_addon_v1,hPancreas Cancer Add-on FFPE,PDAC,xenium_graphclust,14,6637,0.03477144728225278,"PPY, GCG, SCGN, PCSK2, TM4SF4, SCGB2A1, CHGA, INS",0.3829755721107192,0.019261064375128364,-0.19953098738634015,2.649575956844907,-0.2503360654709143,-0.2204340464520855,-0.34925883114134165,-0.18059703140631797,-0.1726467619748848,-0.0041433064197344514,-0.0769158495226217,-0.22166803869159302,-0.0669452915940708,-0.012799798767315244,-0.10330970914667993,-0.09785726789258312,2.172605788975357,0.47024257947868014,0.642578414285041,0.14901310833207776,0.013240372827474443,0.003164080156697303,0.07342250400662188,0.017628446587313544,0.12406720604292326,0.028476721410275727,0.06029353957947108,0.01431369594696399,2.2377970632846518,0.44749133644718997,1.3430666951542611,0.299532921500678,2.4533903762233424,0.5140876902214856,0.8213797747882281,0.18863944553262016,0.7176693486973376,0.1660388729847823,0.040996597853880865,0.009944251921048667,0.27052548988874514,0.06343227361759832,0.00847748447761346,0.0019587162874792827,2.0021507237462983,0.38993521169202955,0.40657067949088993,0.09296368841343981,1.4706431305945522,0.3112852192255537,1.5666489696689483,0.32770830194364925,0.045345587455240276,0.010998945306614435,1.8169381778714742,0.341268645472352,3.3436626734208392,0.5297574205213199,1.1955037520774898,0.2300738285369896,6.237398981203852,0.8830797046858521,0.3260385942724934,0.07292451408769023,0.4173403084772043,0.09341569986439656,0.5564778064126007,0.12430314901310834,0.3336929104244456,0.07593792376073527,0.8384006003290303,0.18487268344131386,0.18267314078776578,0.04128371252071719,0.03898413306674954,0.009492240470091909,0.37731313967679625,0.08527949374717493,0.741135233943319,0.16227211089347596,0.04323399726105541,0.009944251921048667,0.05248539782224226,0.012053638692180202,0.3760585105255711,0.0866355281000452,0.05236354214753195,0.01190296820852795,0.027316686527653955,0.006328160313394606,0.01641828338119555,0.003766762091306313,0.020255238495804163,0.004670784993219828,0.01629031988732765,0.003766762091306313,0.020261519857248268,0.0048214554768720806,0.022540442462568814,0.005424137411481091,0.23043130064506354,0.0539400331475064,0.03488871518506224,0.007985535633569383,0.037908543515891506,0.008738888051830646,0.4157677744640829,0.09507307518457134,0.8907190019760718,0.19918637938827782,0.37424155454131264,0.08648485761639295,0.3559285594304498,0.08015669730299835,0.272224251290339,0.06177489829742353,0.40883207906706065,0.0926623474461353,0.09589891708883262,0.021847220129576617,0.08989792098585195,0.020491185776706344,Islets,2.649575956844907,ambiguous: top_marker_rule_5_hits close to second-best,endocrine/islet
pdac_addon_v1,hPancreas Cancer Add-on FFPE,PDAC,xenium_graphclust,15,3174,0.0166286836935167,"GCG, PPY, INS, SCGN, CHGA, PCSK2, SCGB2A1, TM4SF4",0.4220494184071909,0.057591215356457164,-0.5614685824905948,4.467094265480897,-0.4948231107094782,-0.30143643094952666,-0.46499407439934914,-0.17428321366562502,-0.26121939288949625,0.06030913122291345,-0.13131162493013684,-0.5105187163477669,-0.1279832967679022,-0.09847737906292343,-0.20636896413818542,-0.22104829673112772,2.683285937868129,0.5803402646502835,0.23613426538105647,0.05639571518588532,0.012397726977780396,0.00315059861373661,0.04938090410935631,0.011972274732199117,0.06319023778623353,0.01543793320730939,0.04807295630995252,0.011972274732199117,1.236155702771822,0.27599243856332706,1.682644492436597,0.37838689350976684,3.525988402799307,0.7117202268431002,1.016721019372297,0.2366099558916194,0.7001163701103705,0.16540642722117202,0.026846584390377053,0.006616257088846881,0.0908436893139835,0.02236925015752993,0.01438034414569011,0.003465658475110271,1.4938928589703682,0.3207309388783869,0.10858612880814954,0.0258349086326402,0.5941892082614574,0.13862633900441085,0.49067619482375724,0.1131064902331443,0.018256750509433952,0.004410838059231254,4.701480738457149,0.7681159420289855,5.428643600100906,0.780718336483932,2.772647837459778,0.4855072463768116,5.974885125992504,0.8771266540642723,0.14490516206793014,0.034341524889729046,0.15481583555314102,0.036862003780718335,0.2306840480613348,0.05450535601764335,0.12358073821665734,0.02930056710775047,0.5635942833635442,0.13043478260869565,0.15830086279606473,0.037177063642092,0.04456283554913642,0.010396975425330813,0.2821519739911777,0.06647763074984248,0.39086635622049776,0.09136735979836169,0.020421479660231286,0.004725897920604915,0.036745035130044686,0.008821676118462508,0.18341835685398267,0.043793320730938876,0.10509573241488018,0.02488972904851922,0.04668959755527951,0.011342155009451797,0.018728999349405424,0.004410838059231254,0.018741745579220172,0.004410838059231254,0.02450712837358654,0.0059861373660995585,0.019158735392449708,0.004725897920604915,0.031560122102930924,0.007561436672967864,0.2882533444498948,0.06836798991808443,0.01964462201551739,0.004725897920604915,0.06157844391121531,0.014807813484562067,0.2209958001811623,0.05229993698802773,0.4525013537848604,0.10680529300567108,0.25179840937003295,0.06049149338374291,0.13874245606358124,0.03276622558286074,0.08245361812774235,0.01984877126654064,0.20614438028401674,0.048519218651543794,0.05146145362409316,0.01260239445494644,0.061759116218461134,0.014807813484562067,Islets,4.467094265480897,ambiguous: top_marker_rule_5_hits close to second-best,endocrine/islet
pdac_addon_v1,hPancreas Cancer Add-on FFPE,PDAC,xenium_graphclust,16,2632,0.01378912901113294,"TM4SF4, APCDD1, CFTR, GPX2, EPCAM, CFB, SERPING1, FXYD2",1.9285264835762044,0.05832068963878799,-0.19425114957743492,0.5105649631828156,-0.34081875508122916,-0.3564476506089051,-0.4447242125246898,-0.17440872495353515,-0.22901082968018943,0.023774367425347196,-0.14104450767585766,-0.47844233344521436,-0.02116305666809941,0.13589956478100582,2.242853317267983,2.074865717421577,3.6018863780520243,0.7541793313069909,2.5058269652914493,0.5516717325227963,0.26178792898053455,0.06231003039513678,1.3853704342363815,0.3240881458966565,0.18825369656629476,0.043693009118541036,0.10044301471086983,0.0243161094224924,5.2390263769945475,0.9129939209726444,2.4279624004494456,0.5417933130699089,4.05458300336516,0.7967325227963525,0.6663197792590932,0.1561550151975684,1.898066259716782,0.43655015197568386,0.9703217936866552,0.21466565349544073,2.7598164215638645,0.598404255319149,0.014492683497605715,0.003419452887537994,1.0071940904873844,0.23214285714285715,0.08072286146752378,0.019756838905775075,1.449572676583264,0.33814589665653494,2.8547095114699252,0.6155015197568389,0.13979776561441393,0.03419452887537994,0.3937249597626254,0.0885258358662614,1.2518419063562318,0.2454407294832827,0.2732847740584956,0.06193009118541033,2.106684393433452,0.41185410334346506,0.26503105266840626,0.064209726443769,0.32909342728124924,0.07826747720364742,0.35665224524254496,0.0858662613981763,0.3202441964287164,0.07636778115501519,0.4315637449725421,0.10258358662613981,0.1179219919135143,0.028495440729483283,0.040865297375479004,0.009878419452887538,0.23163347693562145,0.05547112462006079,0.403457137860788,0.09270516717325228,0.029039356483876885,0.007218844984802432,0.06970295608949516,0.01709726443768997,0.24067303257510292,0.05851063829787234,0.04871229478653441,0.011778115501519757,0.03483595601693475,0.008738601823708206,0.01695663126406336,0.004179331306990881,0.021759854352220574,0.005319148936170213,0.024794198368820377,0.0060790273556231,0.018842060424636563,0.004559270516717325,0.019643191961531945,0.004939209726443769,0.2580899001979538,0.06193009118541033,0.04490889395986285,0.010638297872340425,0.04529960657325559,0.011018237082066869,0.31340404257948273,0.07598784194528875,0.5595764052179447,0.13221884498480244,0.272607274330858,0.064209726443769,0.16945607013615432,0.04141337386018237,0.09673777113931882,0.023556231003039513,0.16330574566107753,0.03951367781155015,0.16924403539906882,0.0398936170212766,0.06175525210186341,0.014817629179331307,pancreatic ductal epithelium,1.9285264835762044,best marker program: ductal_epithelial_score_z,intestinal-like/PanIN-like ductal epithelial
pdac_addon_v1,hPancreas Cancer Add-on FFPE,PDAC,xenium_graphclust,17,1775,0.009299279633267845,"MS4A1, CD79A, CXCR4, TENT5C, PTPRC, BANK1, LAPTM5, MZB1",-0.789790424285953,0.03772228124852691,-0.7548967058092435,-0.31716517864429905,0.053454248030998026,-0.050421410464997776,0.5751472767046545,0.1893007837435657,0.14081642604557637,5.964836558254526,2.1205826332866455,0.15111415093779826,0.06259140957472181,0.06721010211136716,-0.25306131829873846,-0.26641307156396116,0.1390391510976872,0.029295774647887324,0.06733971837540748,0.014647887323943662,0.007533775114677322,0.0016901408450704226,0.02653072115401147,0.005633802816901409,0.19468485254636952,0.04056338028169014,0.10588583892499896,0.021971830985915493,0.298379172204246,0.06366197183098592,0.04235265113938023,0.009014084507042254,0.04804992407140597,0.010140845070422535,0.115348532770721,0.024225352112676058,0.084836653454203,0.018028169014084508,0.018195008022684447,0.003943661971830986,0.028117206063069087,0.006197183098591549,0.011320519783127475,0.0022535211267605635,0.5670323426958541,0.11211267605633803,0.05815938533191949,0.012394366197183098,0.29378624566843814,0.061971830985915494,0.2801611435581261,0.06028169014084507,0.01768622250624106,0.003943661971830986,0.035299899410194076,0.007323943661971831,0.10024351106563084,0.020845070422535212,0.02202639834981569,0.004507042253521127,0.314898979294468,0.061971830985915494,0.40025643590470433,0.0856338028169014,0.7656349864476164,0.16,1.1350285411888446,0.23211267605633804,0.5497984610812765,0.11492957746478873,1.6525295890217095,0.3273239436619718,0.2778843351820825,0.05746478873239436,0.017500264476722396,0.003943661971830986,0.3898002374675912,0.08338028169014085,2.8120760678573395,0.535774647887324,0.2412495657423852,0.049577464788732394,0.541439955402428,0.10873239436619718,0.7453642283694845,0.1532394366197183,0.3597550741383727,0.07380281690140846,0.059536888901616486,0.012957746478873239,0.13678697612923635,0.028169014084507043,0.10504631566329742,0.021971830985915493,0.9169368295266594,0.18253521126760563,2.961765797171794,0.5194366197183099,2.93962884459697,0.5650704225352112,1.513574517612726,0.29352112676056336,1.3832294610520484,0.27323943661971833,0.8387238188192878,0.1712676056338028,0.5997948994435055,0.12507042253521128,1.077851450073887,0.22140845070422535,0.5944512989151646,0.12394366197183099,0.5021325944175183,0.10591549295774648,0.9797367547263561,0.19830985915492957,1.546051038956978,0.30422535211267604,0.17956685066223144,0.03774647887323944,0.1869298057824793,0.03943661971830986,B lineage,5.964836558254526,ambiguous: top_marker_rule_4_hits close to second-best,B cells
pdac_addon_v1,hPancreas Cancer Add-on FFPE,PDAC,xenium_graphclust,18,1413,0.0074027504911591355,"CPA3, KIT, IL1RL1, MS4A2, SLC18A2, LAPTM5, GATA2, CTSG",-0.6084744370732996,-0.03578738302844552,-0.4815571795304712,-0.11960138694736332,0.05665902596264023,-0.14639481661191386,-0.026550792682635167,-0.09805839838500266,0.04783619135072257,-0.011288660795904334,-0.015596190006872596,-0.038513408658374014,5.711572778728793,-0.05362599130220158,-0.17496759706290235,-0.18878795152295785,0.4476486340702972,0.09129511677282377,0.22355255722915207,0.044585987261146494,0.033811394913518845,0.007077140835102618,0.0438491218240229,0.009200283085633405,0.1263588488903437,0.025477707006369428,0.05740190682812776,0.012031139419674451,0.9205792682523518,0.17834394904458598,0.1364753737318035,0.028308563340410473,0.21524724383263072,0.043878273177636234,0.14936531965224692,0.03043170559094126,0.12551228998404232,0.026185421089879687,0.0781001902942698,0.01627742392073602,0.09034930908840258,0.01840056617126681,0.0,0.0,1.3610999810299127,0.23496107572540695,0.1744248062182384,0.036093418259023353,0.9080948704789061,0.1740976645435244,0.8558726317479268,0.1670205237084218,0.021170200056331172,0.004246284501061571,0.12707518822574818,0.025477707006369428,0.30865158245062374,0.05803255484784147,0.08853145803193715,0.017692852087756547,0.8405834076173408,0.15003538570417552,0.6282378236874568,0.12526539278131635,0.8320637491689198,0.16560509554140126,0.8594508992807289,0.17197452229299362,0.5438062452881874,0.11040339702760085,1.1578057679569813,0.22505307855626328,0.20840667800876322,0.04246284501061571,0.03427173191996559,0.007077140835102618,0.48991663693875515,0.0983722576079264,1.4514299296185385,0.2795470629865534,0.12003904559978423,0.024062278839348902,0.17700420519348922,0.036093418259023353,0.6736109366420305,0.13588110403397027,0.1771791696717194,0.036093418259023353,0.027451109903042652,0.005661712668082095,0.02298998950815167,0.004953998584571833,0.05014469027941056,0.009907997169143666,0.02002858406925404,0.004246284501061571,0.07541361330927304,0.014154281670205236,0.12227687849191934,0.024062278839348902,0.03800489374364595,0.00778485491861288,0.10059082432157675,0.019815994338287332,0.08303205948388923,0.01627742392073602,0.47670831093109844,0.09624911535739561,1.05839048187866,0.20877565463552725,0.5898340840079813,0.11677282377919321,0.5492562311217031,0.11040339702760085,0.6858314831714131,0.1372965322009908,0.5303491535375747,0.10544939844302902,3.0094477966670357,0.5435244161358811,3.424260743695291,0.6157112526539278,Mast cells,5.711572778728793,ambiguous: top_marker_rule_5_hits close to second-best,mast cell
pdac_addon_v1,hPancreas Cancer Add-on FFPE,PDAC,xenium_graphclust,19,1337,0.007004584151931893,"TM4SF4, GPX2, APCDD1, CAPN8, MALL, TCIM, CFTR, DUSP1",2.2255293992928493,0.03967471855821406,-0.067051528411869,0.3435167851975149,-0.36461027603182716,-0.33274280117372007,-0.47219417842462097,-0.1516324436186783,-0.2769943987502245,0.0567261916623529,-0.1524978174900567,-0.5092012058243444,-0.03844239977473384,0.18638794947477483,4.470228358021396,3.840045348511916,3.778051926292585,0.7890800299177263,2.376781639450062,0.537023186237846,1.4318529350506162,0.3305908750934929,2.164943587182615,0.4973821989528796,0.2397963795629828,0.056843679880329095,0.13145277066826375,0.03216155572176515,4.5567648271704755,0.8586387434554974,2.737213282774167,0.6080777860882572,5.065865337447435,0.9364248317127898,0.46961671056012744,0.11667913238593867,1.877213528197295,0.43754674644727,2.135671702444152,0.4465220643231114,4.371843834643767,0.8728496634255797,0.011621195965055753,0.0029917726252804786,0.885388628974635,0.2094240837696335,0.059022820700258126,0.015706806282722512,1.5726180395798266,0.36948391922213913,3.732101977718527,0.7711293941660434,0.2618943098862847,0.0643231114435303,0.38992960415585504,0.08975317875841436,1.1450514040870639,0.2356020942408377,0.21902589541187728,0.05160807778608826,1.5832289506360142,0.3305908750934929,0.2208397552515913,0.055347793567688854,0.38881595132951874,0.09050112191473449,0.23986411397815552,0.059087509349289455,0.32617779266682684,0.07853403141361257,0.38877527020097047,0.09349289454001496,0.17199494433920154,0.041884816753926704,0.056525074374613335,0.014210919970082274,0.29433960511600604,0.07180254300673149,0.31788349419096645,0.07703814510097233,0.026369713453008956,0.006731488406881077,0.05746610876153277,0.014210919970082274,0.18810700567783306,0.04712041884816754,0.029601894034854314,0.006731488406881077,0.02136926412047427,0.005235602094240838,0.0340904436988802,0.0074794315632011965,0.021953516605636835,0.005235602094240838,0.03475007550789513,0.008227374719521317,0.02667647256901127,0.006731488406881077,0.026860045780418697,0.0074794315632011965,0.29350616723276735,0.07255048616305161,0.05881726215736315,0.014210919970082274,0.025142194802135164,0.006731488406881077,0.387322183143941,0.09798055347793568,0.36642241584960433,0.08825729244577413,0.2897460282339297,0.07030665669409125,0.15771750451560865,0.037397157816005985,0.0849463019517258,0.020942408376963352,0.14837147713420815,0.03590127150336574,0.14603502766445847,0.03590127150336574,0.05743236263563317,0.014958863126402393,pancreatic ductal epithelium,2.2255293992928493,best marker program: ductal_epithelial_score_z,intestinal-like/PanIN-like ductal epithelial
pdac_addon_v1,hPancreas Cancer Add-on FFPE,PDAC,xenium_graphclust,20,814,0.004264571054354944,"TM4SF4, GPX2, APCDD1, DMBT1, ACE2, TCIM, TFF2, CAPN8",2.6228722471285804,0.08783665803353528,0.00893231169987702,-0.0011501076837654586,-0.39447673260530436,-0.34677056881722745,-0.49565923952122315,-0.1861332226442861,-0.266747541407264,0.06670080187065232,-0.13726630879660356,-0.5095169190840697,-0.04696749677691244,0.19163282249553576,6.459544299799459,5.130654412732842,4.026308616197666,0.8452088452088452,2.1247675987074945,0.4963144963144963,3.1429392916564565,0.6928746928746928,2.6449788542285892,0.6117936117936118,0.28558353065565706,0.07125307125307126,0.12725035388580996,0.033169533169533166,4.549029819795482,0.8906633906633906,2.965053769821617,0.6707616707616708,5.3363893096511426,0.9742014742014742,0.4801703524530959,0.12039312039312039,2.159058148796494,0.5085995085995086,3.7492817397199625,0.7223587223587223,4.788910056214953,0.9201474201474201,0.0190381552722003,0.004914004914004914,0.7075966555597741,0.17444717444717445,0.047260933191828995,0.012285012285012284,1.6950197503959226,0.40663390663390664,4.311746522308274,0.8697788697788698,0.3342336395741681,0.08476658476658476,0.186687446343518,0.045454545454545456,0.5748805384671073,0.13144963144963145,0.10168352613285074,0.025798525798525797,1.005697040944486,0.22235872235872237,0.14796278986356767,0.038083538083538086,0.3665267852951912,0.09213759213759214,0.23653551313742374,0.05896805896805897,0.3050093322772652,0.0773955773955774,0.43700184605338355,0.10810810810810811,0.13726062505192488,0.0343980343980344,0.04389625158005323,0.011056511056511056,0.26726658631308364,0.06756756756756757,0.23571067184429498,0.05773955773955774,0.004726549331327621,0.0012285012285012285,0.06722987371814924,0.0171990171990172,0.16281230297369806,0.04054054054054054,0.056944814302411655,0.014742014742014743,0.02954210813273962,0.007371007371007371,0.014874489360125118,0.0036855036855036856,0.02044989787389957,0.004914004914004914,0.004123987671198364,0.0012285012285012285,0.03278415853326971,0.0085995085995086,0.029264455052499982,0.007371007371007371,0.3299868411455459,0.08230958230958231,0.05770942444297547,0.014742014742014743,0.023108756805813577,0.006142506142506142,0.4002759228174458,0.10196560196560196,0.35460147869381914,0.08845208845208845,0.37367920354191736,0.0945945945945946,0.12999933474772685,0.033169533169533166,0.10915688536969684,0.029484029484029485,0.09937245078403183,0.02457002457002457,0.12032922011335594,0.029484029484029485,0.08453025630416683,0.020884520884520884,pancreatic ductal epithelium,2.6228722471285804,best marker program: ductal_epithelial_score_z,intestinal-like/PanIN-like ductal epithelial
pdac_addon_v1,hPancreas Cancer Add-on FFPE,PDAC,xenium_graphclust,21,456,0.0023889980353634576,"TM4SF4, DMBT1, GPX2, TFF2, ACE2, APCDD1, TCIM, CAPN8",2.880504060930443,-0.03578738302844553,0.018080104488490546,-0.1290140697590992,-0.47494952007127933,-0.3568399552433984,-0.49397367282719595,-0.14941759392352824,-0.3391286376052217,0.01577006241676977,-0.14017643016615797,-0.4896948211540604,-0.0908904935181064,0.07707162750814028,8.03714134281163,6.014277153653959,4.106681894837764,0.8530701754385965,1.9575159434686626,0.4605263157894737,4.634477685418045,0.9364035087719298,3.111159854813626,0.7149122807017544,0.17750467438446849,0.046052631578947366,0.10343569464850844,0.02631578947368421,4.47125657504065,0.8947368421052632,3.103163855117664,0.7017543859649122,5.457438737154007,0.9824561403508771,0.596111446096186,0.15350877192982457,2.1956085369252323,0.5241228070175439,4.87497372010298,0.868421052631579,5.053531949457369,0.9583333333333334,0.0,0.0,0.6122263293517264,0.15570175438596492,0.02399352611156932,0.006578947368421052,1.6229203092424493,0.40131578947368424,4.49086353339647,0.9035087719298246,0.41626243371712535,0.10964912280701754,0.09165751829481962,0.02412280701754386,0.4446005517976326,0.1118421052631579,0.10394511463349326,0.02631578947368421,0.669753558803023,0.15350877192982457,0.08834549209527802,0.02412280701754386,0.2934881077523817,0.07236842105263158,0.12260083357493083,0.03289473684210526,0.22917704414903073,0.05921052631578947,0.35110576163258467,0.08991228070175439,0.15501738483445687,0.039473684210526314,0.07923186923328199,0.019736842105263157,0.24052202701568604,0.06140350877192982,0.2278101496529161,0.05701754385964912,0.03227565058490686,0.008771929824561403,0.06093641488175643,0.015350877192982455,0.1965001811060989,0.05043859649122807,0.01624644011781927,0.0043859649122807015,0.007671185229953967,0.0021929824561403508,0.023916754806250856,0.006578947368421052,0.042519422476751764,0.010964912280701754,0.008813571511653432,0.0021929824561403508,0.008861175754614044,0.0021929824561403508,0.007403138959616946,0.0021929824561403508,0.29704549333505464,0.07894736842105263,0.032872510060929415,0.008771929824561403,0.034313633253699856,0.008771929824561403,0.5025616607122254,0.12719298245614036,0.34892568044495165,0.08991228070175439,0.4369146933681087,0.1118421052631579,0.11099022992870264,0.02850877192982456,0.09838466999823586,0.02412280701754386,0.11030071241813794,0.03070175438596491,0.08020837683426707,0.019736842105263157,0.06899559027270268,0.017543859649122806,pancreatic ductal epithelium,2.880504060930443,best marker program: ductal_epithelial_score_z,intestinal-like/PanIN-like ductal epithelial
