resolution,subcluster,n_cells,fraction,parent_leiden_mix,EPCAM_mean,EPCAM_frac_pos,SOX9_mean,SOX9_frac_pos,MUC5AC_mean,MUC5AC_frac_pos,TFF3_mean,TFF3_frac_pos,CEACAM6_mean,CEACAM6_frac_pos,CDX2_mean,CDX2_frac_pos,REG4_mean,REG4_frac_pos,DMBT1_mean,DMBT1_frac_pos,TMPRSS2_mean,TMPRSS2_frac_pos,XBP1_mean,XBP1_frac_pos,IGKC_mean,IGKC_frac_pos,SDC1_mean,SDC1_frac_pos,MKI67_mean,MKI67_frac_pos,UBE2C_mean,UBE2C_frac_pos,MET_mean,MET_frac_pos,CXCL5_mean,CXCL5_frac_pos,CEACAM1_mean,CEACAM1_frac_pos,CEACAM8_mean,CEACAM8_frac_pos,duodenum_like_panel_score
epi_leiden_0_3,0,27151,0.43635691556041273,0:1.00; 12:0.00; 1:0.00,6.675300121307373,0.9993738720489116,2.8491127490997314,0.6168833560458178,1.9879069328308105,0.40517844646606016,1.0827919244766235,0.24201686862362343,6.865184307098389,0.9987477440978233,0.5286462306976318,0.1286877094766307,0.9709256291389465,0.1954992449633531,0.1025233194231987,0.025744908106515415,1.9180763959884644,0.4309970166844683,3.1842782497406006,0.684063202092004,0.6705067157745361,0.16098854554160066,4.912641525268555,0.9222864719531509,1.7606602907180786,0.36959964642186294,1.009193778038025,0.23137269345512135,4.333287239074707,0.8566903613126589,6.277711868286133,0.968877757725314,4.8288750648498535,0.9037604508121247,5.206615447998047,0.9467422931015432,-0.22659351117908955
epi_leiden_0_3,1,20021,0.3217672205972164,1:1.00; 0:0.00; 12:0.00,6.107110977172852,0.9258778282803056,1.1836129426956177,0.22945906797862245,1.2376326322555542,0.2069826681983917,2.3483119010925293,0.4017781329603916,1.5170252323150635,0.27496129064482294,2.277400493621826,0.42405474252035363,5.332905292510986,0.8194895359872134,6.070571422576904,0.8816242944907847,2.6277801990509033,0.4752509864642126,2.8097784519195557,0.5077168972578793,3.3233819007873535,0.5668048549023526,2.150423765182495,0.4044753009340193,1.9048130512237549,0.34478797262873984,0.5509359836578369,0.10908546026671995,1.1380589008331299,0.22191698716347835,0.4866269826889038,0.0912042355526697,0.6866578459739685,0.13440887068577992,0.568378210067749,0.11198241846061635,3.732832118868828
epi_leiden_0_3,2,10420,0.16746488380315644,12:0.75; 0:0.24; 1:0.00,6.085099220275879,0.927831094049904,1.3295649290084839,0.24404990403071017,0.998613715171814,0.17562380038387715,0.5143433213233948,0.09462571976967371,6.677168846130371,0.9674664107485604,0.19322653114795685,0.03694817658349328,0.5656542181968689,0.09942418426103647,0.05985702574253082,0.011132437619961612,0.8806639909744263,0.16276391554702496,1.5671457052230835,0.28627639155470247,0.48671936988830566,0.0899232245681382,3.1069626808166504,0.5431861804222649,0.6858722567558289,0.12428023032629558,0.3182564675807953,0.05873320537428023,2.578143358230591,0.4614203454894434,5.835402011871338,0.8791746641074856,3.4069652557373047,0.5867562380038388,3.917985200881958,0.6694817658349328,-0.5346223786473274
epi_leiden_0_3,3,4630,0.07441098003921442,1:1.00; 12:0.00; 0:0.00,6.040923118591309,0.9498920086393089,2.967982769012451,0.5520518358531318,2.3316473960876465,0.3721382289416847,4.718558311462402,0.767170626349892,0.3255663812160492,0.06501079913606911,1.0761066675186157,0.2084233261339093,1.130271077156067,0.20496760259179267,1.6634613275527954,0.29244060475161987,2.9714083671569824,0.5488120950323974,5.816835880279541,0.931317494600432,4.349977016448975,0.7384449244060475,2.1837575435638428,0.42051835853131747,0.7395491600036621,0.1390928725701944,0.21692435443401337,0.044060475161987044,1.4343069791793823,0.28488120950323975,1.338754653930664,0.25161987041036715,0.8835071921348572,0.17688984881209502,0.17602497339248657,0.03606911447084233,1.3781601376831532
epi_leiden_0_5,0,13674,0.21976149914821125,0:1.00; 12:0.00; 1:0.00,6.614921569824219,0.9997074740383209,3.0040221214294434,0.675003656574521,2.139252185821533,0.4524645312271464,1.0530740022659302,0.2500365657452099,6.794562816619873,0.999049290624543,0.6003090739250183,0.15423431329530496,0.8595959544181824,0.18407196138657306,0.12854237854480743,0.03393301155477549,2.0581657886505127,0.4835454146555507,3.4620349407196045,0.7670762030130174,0.8226785659790039,0.2065233289454439,4.964621067047119,0.9488810881965775,2.0662124156951904,0.4422992540587977,1.2932287454605103,0.3056896299546585,4.564656734466553,0.9131197893813076,6.418087959289551,0.9852274389352055,4.830817699432373,0.9271610355419043,5.22481632232666,0.9663595144069036,-0.20507357642054558
epi_leiden_0_5,1,13357,0.21466683809585035,0:1.00; 12:0.00; 1:0.00,6.748466968536377,0.9993261960020963,2.702850103378296,0.5597065209253574,1.8496553897857666,0.35966160065883057,1.1342283487319946,0.23792767837089165,6.9438157081604,0.9987272591150708,0.46048596501350403,0.10369094856629482,1.1051210165023804,0.21082578423298645,0.07695779949426651,0.017593771056374934,1.7741951942443848,0.3771056374934491,2.918405055999756,0.6027551096803174,0.5163472890853882,0.11477128097626713,4.875715255737305,0.8971325896533653,1.4649701118469238,0.29834543684959197,0.7193210124969482,0.15549898929400313,4.077435493469238,0.7951635846372689,6.126662254333496,0.9513363779291757,4.8326897621154785,0.8802874897057723,5.191169738769531,0.9264804971176163,-0.24499389342963696
epi_leiden_0_5,2,10677,0.17159525569734177,1:1.00; 0:0.00; 12:0.00,6.227967262268066,0.9579469888545472,1.5124258995056152,0.2976491523836284,1.5142902135849,0.25540882270300647,2.7241408824920654,0.47653835347007584,1.2488340139389038,0.23836283600262245,2.767888069152832,0.5215884611782335,5.606624603271484,0.872529736817458,6.284687042236328,0.9174861852580313,2.3559932708740234,0.44844057319471764,3.3727426528930664,0.6172145733820361,4.115478038787842,0.7031001217570478,2.5218617916107178,0.48197059098997846,3.0896735191345215,0.5612063313664887,0.929145872592926,0.18544534981736444,1.3570412397384644,0.27001966844619274,0.6318085789680481,0.12072679591645594,0.5192508101463318,0.1073335206518685,0.45564398169517517,0.09431488245761918,3.9084077179431915
epi_leiden_0_5,3,10523,0.1691202468580245,12:0.74; 0:0.25; 1:0.00,6.076914310455322,0.9282523995058444,1.3341902494430542,0.24584244036871614,0.9858601093292236,0.17409483987456048,0.4941430389881134,0.09103867718331274,6.673561096191406,0.9676898222940227,0.1907591074705124,0.03658652475529792,0.53892982006073,0.0949349044949159,0.05720991641283035,0.010643352656086668,0.8886634111404419,0.16506699610377268,1.5633057355880737,0.2863251924356172,0.48623180389404297,0.0900883778390193,3.1063270568847656,0.5447115841490069,0.6760130524635315,0.12296873515157275,0.3241747319698334,0.06024897842820488,2.6194427013397217,0.47020811555640024,5.8558855056762695,0.8820678513731826,3.416722536087036,0.5898508030029459,3.929952621459961,0.6730019956286231,-0.5385370869189501
epi_leiden_0_5,4,8519,0.13691298897496063,1:1.00; 12:0.00; 0:0.00,5.982211112976074,0.8873107172203311,0.7142743468284607,0.1344054466486677,0.8720903396606445,0.14391360488320226,1.7319456338882446,0.2865359784012208,1.9514085054397583,0.33783307899988263,1.6886647939682007,0.3069609109050358,5.083468437194824,0.7668740462495598,5.89033317565918,0.8464608522127011,3.0290441513061523,0.519661932151661,1.9986135959625244,0.35532339476464375,2.2042174339294434,0.3784481746683883,1.7120165824890137,0.3127127597135814,0.44542041420936584,0.0780608052588332,0.08606348186731339,0.01537739171264233,0.8944493532180786,0.1680948468130062,0.3029049038887024,0.05411433266815354,0.9315558075904846,0.17525531165629768,0.750860869884491,0.14227021950933208,3.569940283894539
epi_leiden_0_5,5,5472,0.08794317122561152,1:1.00; 12:0.00; 0:0.00,6.01063871383667,0.9437134502923976,2.777315855026245,0.5164473684210527,2.1973283290863037,0.3512426900584795,4.574421405792236,0.7436038011695907,0.36756789684295654,0.07255116959064327,1.213401436805725,0.2322733918128655,1.6273032426834106,0.2775950292397661,2.1891579627990723,0.3658625730994152,2.827223300933838,0.5213815789473685,5.512404918670654,0.8887061403508771,4.381012916564941,0.7381213450292398,2.1404380798339844,0.410453216374269,0.8759476542472839,0.16319444444444445,0.2549275755882263,0.05116959064327485,1.3506028652191162,0.266812865497076,1.2152248620986938,0.2278874269005848,0.8053014874458313,0.1608187134502924,0.18013732135295868,0.03654970760233918,1.643659457564354
epi_leiden_0_8,0,12289,0.19750249108032528,0:1.00; 12:0.00; 1:0.00,6.754419803619385,0.9993490113109285,2.7294766902923584,0.5648954349418179,1.877740502357483,0.36479778663845713,1.1598864793777466,0.24314427536821548,6.949162483215332,0.9987793962079908,0.4704637825489044,0.10586703556025714,1.1380956172943115,0.21702335421922045,0.0764082670211792,0.017495321018797298,1.8014402389526367,0.382944096346326,2.943636417388916,0.6077793148344047,0.5080263614654541,0.11302791114004394,4.897394180297852,0.9007242249165921,1.4847018718719482,0.3020587517291887,0.7161850929260254,0.15460981365448775,4.07041072845459,0.794857189356335,6.101943492889404,0.9494670030108227,4.852438926696777,0.882903409553259,5.195372581481934,0.9268451460655871,-0.2317608967423439
epi_leiden_0_8,1,10313,0.16574523480441,0:1.00,6.685546398162842,1.0,3.1862056255340576,0.7182197226801125,2.366244316101074,0.5009211674585474,1.2077299356460571,0.28788907204499176,6.820046424865723,0.9998060700087269,0.679703414440155,0.17608843207602057,0.9721623063087463,0.20808688063609038,0.141982764005661,0.03781634829826433,2.1772851943969727,0.5167264617473092,3.5738487243652344,0.7962765441675556,0.8419780135154724,0.2149713953262872,5.068405628204346,0.9656743915446524,2.443695068359375,0.5189566566469505,1.5545684099197388,0.3670125084844371,4.666009902954102,0.9344516629496752,6.466324329376221,0.9887520605061573,4.94691801071167,0.946572287404247,5.311316013336182,0.9789585959468632,-0.15550292283296585
epi_leiden_0_8,2,10074,0.16190414965767735,12:0.77; 0:0.23; 1:0.00,6.075376033782959,0.9259479849116538,1.3236610889434814,0.24250545959896763,1.0135514736175537,0.17818145721659717,0.5133395791053772,0.0943021639864999,6.6733222007751465,0.9665475481437363,0.18908698856830597,0.03613261862219575,0.5573592185974121,0.09777645423863411,0.05842608958482742,0.010819932499503674,0.8742499947547913,0.16140559857057774,1.5479120016098022,0.28201310303752236,0.489921510219574,0.09043081199126464,3.0802042484283447,0.5373238038514989,0.6717479228973389,0.12160015882469724,0.3191710412502289,0.05896366885050625,2.5771474838256836,0.4605916219972206,5.851343154907227,0.8797895572761565,3.3997373580932617,0.5850704784594004,3.910338878631592,0.667162993845543,-0.5410786364227533
epi_leiden_0_8,3,9233,0.14838802995724984,1:1.00; 12:0.00; 0:0.00,6.356263637542725,0.9735730531788152,1.5262616872787476,0.3006606736705296,1.457188367843628,0.2500812303693274,2.7396292686462402,0.4786093360771147,1.2450305223464966,0.23849236434528323,2.892336845397949,0.5455431604029026,5.672227382659912,0.8828116538503195,6.523375511169434,0.944005198743637,2.4500999450683594,0.46647893425755443,3.4535751342773438,0.6324055020036824,4.110547065734863,0.7054045272392505,2.5944712162017822,0.4963717101700422,3.2800252437591553,0.5948229177948663,1.002096176147461,0.2001516300227445,1.3521742820739746,0.27033466912162896,0.6149421334266663,0.11740496046788693,0.48192456364631653,0.10029242932957869,0.4380042552947998,0.09097801364670205,4.046732559800148
epi_leiden_0_8,4,6217,0.09991642827295812,1:1.00; 12:0.00; 0:0.00,5.89758825302124,0.9297088627955605,2.604037046432495,0.48496059192536595,2.0281577110290527,0.32491555412578416,4.317453861236572,0.7054849605919253,0.38959401845932007,0.07640341000482548,1.3301142454147339,0.25301592407913787,1.9850045442581177,0.33327971690525976,2.543389320373535,0.4206208782370918,2.696641445159912,0.4981502332314621,5.20557975769043,0.8454238378639215,4.439082622528076,0.7432845423837864,2.086202621459961,0.3992279234357407,1.00324547290802,0.18674601898021553,0.293449342250824,0.05838829017210873,1.267541527748108,0.2501206369631655,1.122878074645996,0.21071256232909763,0.7346084117889404,0.14669454720926492,0.17553149163722992,0.03554769181277143,1.836568422615528
epi_leiden_0_8,5,4869,0.07825206518594709,0:0.98; 12:0.02; 1:0.00,6.433505535125732,0.9971246662559047,2.3530948162078857,0.5126309303758472,1.3532639741897583,0.2813719449578969,0.5830439925193787,0.13185459026494148,6.754836082458496,0.9973300472376257,0.3386583924293518,0.0807147258163894,0.5190469622612,0.108646539330458,0.07754191011190414,0.019100431300061615,1.59720778465271,0.3534606695420004,2.9017770290374756,0.6216882316697474,0.6986023187637329,0.161840213596221,4.554546356201172,0.8712261244608749,0.9652597308158875,0.21215855411788867,0.5431377291679382,0.1252823988498665,4.170302391052246,0.8221400698295338,6.278415203094482,0.971246662559047,4.4408464431762695,0.8480180735263915,4.952123165130615,0.9162045594577942,-0.38039874471724033
epi_leiden_0_8,6,4655,0.07481276718845424,1:1.00; 0:0.00; 12:0.00,6.535374164581299,0.9748657357679914,0.8851675987243652,0.1761546723952739,0.7156801223754883,0.1297529538131042,1.2704322338104248,0.23286788399570355,2.5242409706115723,0.4524167561761547,2.0827629566192627,0.399140708915145,5.190492630004883,0.8150375939849624,6.266881465911865,0.9164339419978518,4.083611488342285,0.7181525241675618,2.111697196960449,0.4027926960257787,2.279357671737671,0.42019334049409235,2.277066946029663,0.4326530612244898,0.3262503445148468,0.0644468313641246,0.07455545663833618,0.014822771213748658,1.1841075420379639,0.23308270676691728,0.28578245639801025,0.05499462943071966,1.3380624055862427,0.25993555316863587,1.0830458402633667,0.21138560687432867,4.000946998596191
epi_leiden_0_8,7,4224,0.06788595673555976,1:1.00; 12:0.00,5.312869548797607,0.7833806818181818,0.5434548258781433,0.09114583333333333,0.9644984006881714,0.14725378787878787,2.276613712310791,0.35132575757575757,1.225718379020691,0.19673295454545456,1.313643455505371,0.21567234848484848,4.956019401550293,0.7130681818181818,5.534170627593994,0.7774621212121212,1.7736821174621582,0.2859848484848485,1.9172358512878418,0.3098958333333333,2.3121657371520996,0.3615056818181818,1.0693247318267822,0.17732007575757575,0.7035873532295227,0.11505681818181818,0.1094980239868164,0.017992424242424244,0.5479488968849182,0.09185606060606061,0.31377503275871277,0.05160984848484849,0.4066440463066101,0.06818181818181818,0.33123570680618286,0.056107954545454544,3.1206018030643463
epi_leiden_0_8,8,348,0.005592877117418276,1:0.86; 0:0.13; 12:0.01,6.293575763702393,0.9885057471264368,2.1789112091064453,0.4540229885057471,6.340190410614014,0.9454022988505747,3.5475752353668213,0.6637931034482759,3.3260631561279297,0.6091954022988506,1.0961041450500488,0.23275862068965517,6.599174976348877,0.9885057471264368,1.975335955619812,0.3793103448275862,1.6044374704360962,0.33620689655172414,2.9894981384277344,0.5890804597701149,2.193946361541748,0.4396551724137931,3.5064451694488525,0.6752873563218391,1.6786912679672241,0.3333333333333333,0.49387258291244507,0.10632183908045977,3.8579025268554688,0.7413793103448276,1.976462483406067,0.382183908045977,2.769991397857666,0.5488505747126436,1.9610129594802856,0.40229885057471265,1.6104814410209656
epi_leiden_1_0,0,10384,0.1668863103082511,0:0.99; 12:0.00; 1:0.00,6.771963596343994,0.9994221879815101,2.700756788253784,0.5594183359013868,1.889875888824463,0.36681432973805855,1.117730736732483,0.23488058551617874,6.918816089630127,0.9984591679506933,0.477144718170166,0.10747303543913714,1.2342466115951538,0.23343605546995377,0.07756631821393967,0.017815870570107858,1.6595615148544312,0.3542950693374422,2.932884931564331,0.6050654853620955,0.5073198080062866,0.11296224961479198,4.875344753265381,0.8978235747303543,1.7295445203781128,0.35044298921417566,0.8453519344329834,0.1819144838212635,4.091094017028809,0.797573189522342,6.145205974578857,0.9516563944530047,4.740757465362549,0.8702812018489985,5.136643886566162,0.9203582434514638,-0.23895670659840107
epi_leiden_1_0,1,9906,0.15920414001478578,12:0.78; 0:0.22; 1:0.00,6.0693769454956055,0.9247930547143146,1.3250277042388916,0.242580254391278,1.008804440498352,0.17736725217040178,0.5229980945587158,0.09590147385422976,6.671953201293945,0.9660811629315567,0.1877164989709854,0.03573591762568141,0.5488170981407166,0.09620432061376943,0.05976783111691475,0.011104381183121341,0.8896265625953674,0.16424389259034927,1.5429060459136963,0.2810417928528165,0.49039140343666077,0.09045023218251565,3.0772223472595215,0.5363416111447608,0.6585741639137268,0.11911972541893802,0.30581793189048767,0.05622854835453261,2.5748608112335205,0.4600242277407632,5.835134506225586,0.8782556026650515,3.392824172973633,0.5825762164344842,3.9093451499938965,0.6661619220674339,-0.5386127075180411
epi_leiden_1_0,2,9497,0.15263090225322234,0:1.00,6.687390327453613,1.0,3.193484306335449,0.7224386648415289,2.3951547145843506,0.508371064546699,1.2140930891036987,0.29040749710434877,6.8122053146362305,0.9997894071812151,0.6876872181892395,0.17879330314836264,0.9670170545578003,0.2080657049594609,0.14574089646339417,0.0389596714752027,2.1634719371795654,0.5156365167947773,3.5900378227233887,0.8013056754764663,0.8626225590705872,0.22070127408655366,5.070342063903809,0.968411077182268,2.5416033267974854,0.5391176160892913,1.6217882633209229,0.3832789301884806,4.686486721038818,0.9384016005054228,6.506982326507568,0.9916815836579973,4.930177688598633,0.9466147204380331,5.299600124359131,0.9789407181215121,-0.15994072705507278
epi_leiden_1_0,3,8364,0.13442190864967374,1:1.00; 12:0.00; 0:0.00,6.422572612762451,0.9827833572453372,1.543005347251892,0.3052367288378766,1.4886773824691772,0.25633668101386897,2.808680772781372,0.49115255858440937,1.2762579917907715,0.24521759923481587,2.95969295501709,0.5600191296030608,5.748419284820557,0.8951458632233381,6.593667984008789,0.9513390722142515,2.5229170322418213,0.4814681970349115,3.5119450092315674,0.6446676231468197,4.098404884338379,0.7074366331898613,2.6648268699645996,0.5107604017216643,3.4197373390197754,0.6202773792443806,1.057668924331665,0.21186035389765662,1.3960332870483398,0.27953132472501196,0.6105756759643555,0.1170492587278814,0.4899696707725525,0.10210425633668102,0.44936564564704895,0.09349593495934959,4.110557392239571
epi_leiden_1_0,4,6099,0.09801999292854617,0:0.97; 12:0.03; 1:0.00,6.471073150634766,0.9973766191178882,2.36690092086792,0.5128709624528611,1.4095749855041504,0.29070339399901624,0.6442888975143433,0.14379406460075422,6.805542945861816,0.9978685030332841,0.3469451665878296,0.0823085751762584,0.5618456602096558,0.11657648794884408,0.07768024504184723,0.019019511395310707,1.699135661125183,0.3730119691752746,2.8875324726104736,0.6156747007706181,0.6899304389953613,0.15920642728316117,4.586845874786377,0.8716182980816527,0.887686014175415,0.19478603049680276,0.5012608766555786,0.11542875881292015,4.187869548797607,0.823741596983112,6.27302360534668,0.970814887686506,4.56260871887207,0.8604689293326775,5.035331726074219,0.9226102639777013,-0.35548805817961693
epi_leiden_1_0,5,5521,0.08873067403812157,1:1.00; 12:0.00; 0:0.00,6.085347652435303,0.9550806013403369,2.78389048576355,0.5187466038761094,2.189577579498291,0.35011773229487414,4.525712966918945,0.7380909255569643,0.36797502636909485,0.07263176960695526,1.273173213005066,0.24415866690816881,1.7297649383544922,0.2943307371852925,2.306051254272461,0.38344502807462416,2.8443527221679688,0.5256294149610578,5.475207805633545,0.88534685745336,4.423123836517334,0.7456982430719072,2.169800043106079,0.4167723238543742,0.9636114835739136,0.1796775946386524,0.2778921127319336,0.05596812171708024,1.3647934198379517,0.2698786451729759,1.2241530418395996,0.2296685383082775,0.7895015478134155,0.15794240173881544,0.18337546288967133,0.037312081144720156,1.7186414562165737
epi_leiden_1_0,6,4925,0.07915206840024429,1:1.00; 0:0.00; 12:0.00,6.520603179931641,0.9719796954314721,0.8911004662513733,0.17705583756345178,0.7510545253753662,0.13543147208121828,1.3235715627670288,0.2414213197969543,2.4995663166046143,0.44791878172588834,2.0622613430023193,0.3943147208121827,5.210576057434082,0.8150253807106599,6.271987438201904,0.9149238578680203,4.034764289855957,0.7096446700507614,2.1285276412963867,0.40527918781725886,2.278325319290161,0.4190862944162437,2.289761543273926,0.4341116751269036,0.3428306579589844,0.06761421319796955,0.07559315115213394,0.015025380710659899,1.19667649269104,0.2351269035532995,0.28708523511886597,0.055228426395939084,1.3097840547561646,0.25461928934010153,1.0583536624908447,0.20670050761421319,3.988569676876068
epi_leiden_1_0,7,4261,0.0684806017164347,1:1.00; 12:0.00,5.365809440612793,0.7925369631541892,0.5796158313751221,0.09716029101149964,0.9718871116638184,0.1483219901431589,2.2929320335388184,0.3539075334428538,1.1919915676116943,0.19150434170382538,1.3695834875106812,0.22553391222717672,4.961879253387451,0.7153250410701714,5.58777379989624,0.7852616756629899,1.6970034837722778,0.27434874442619106,1.9727414846420288,0.3189392161464445,2.391251802444458,0.3740905890636001,1.0858268737792969,0.18047406712039427,0.8045039176940918,0.13212860830790893,0.11270701140165329,0.01854024876789486,0.5434662103652954,0.09105843698662286,0.32554930448532104,0.053743252757568645,0.3895609378814697,0.06547758742079324,0.3256676495075226,0.0551513729171556,3.1335751712322235
epi_leiden_1_0,8,1657,0.026630452251615186,0:0.99; 12:0.01,6.666898250579834,0.9993964996982498,3.17083477973938,0.6554013277006638,1.9951788187026978,0.3892576946288473,1.4894514083862305,0.31623415811707906,7.058533191680908,1.0,0.5334504246711731,0.12311406155703078,0.778870165348053,0.1587205793602897,0.0662250965833664,0.015087507543753771,2.5449142456054688,0.5449607724803862,3.200162410736084,0.6735063367531684,0.44177672266960144,0.10138805069402534,5.080806732177734,0.9251659625829813,0.5306798815727234,0.11768255884127941,0.2573619484901428,0.05974652987326494,3.84511399269104,0.7682558841279421,5.74195671081543,0.9263729631864815,5.4447479248046875,0.9577549788774894,5.440337181091309,0.9577549788774894,-0.15084901824593544
epi_leiden_1_0,9,1209,0.019430426537237633,1:1.00,4.658516883850098,0.7526881720430108,1.1986026763916016,0.22084367245657568,0.638382613658905,0.11000827129859388,2.231680393218994,0.3746898263027295,0.543677568435669,0.10090984284532671,1.9662495851516724,0.3548387096774194,4.177902698516846,0.6658395368072787,4.900679111480713,0.7750206782464847,1.5645915269851685,0.2837055417700579,2.8961875438690186,0.5012406947890818,4.625642776489258,0.7295285359801489,1.400098443031311,0.2572373862696443,1.4752047061920166,0.2679900744416873,0.518092691898346,0.09594706368899918,0.49716299772262573,0.09429280397022333,0.42370712757110596,0.076095947063689,0.29013463854789734,0.05459057071960298,0.13116708397865295,0.02481389578163772,3.004598207771778
epi_leiden_1_0,10,399,0.006412522901867506,1:0.87; 0:0.12; 12:0.01,6.2524542808532715,0.9899749373433584,2.1990363597869873,0.46365914786967416,6.350851535797119,0.9448621553884712,3.6104347705841064,0.681704260651629,3.167001962661743,0.581453634085213,1.1180732250213623,0.24060150375939848,6.564855575561523,0.9874686716791979,1.9494441747665405,0.37844611528822053,1.632987141609192,0.3433583959899749,3.088263988494873,0.6115288220551378,2.493480920791626,0.49373433583959897,3.5134425163269043,0.6842105263157895,1.9392013549804688,0.38847117794486213,0.49792009592056274,0.10776942355889724,3.7899210453033447,0.7368421052631579,2.0762789249420166,0.40601503759398494,2.558224678039551,0.5112781954887218,1.8416980504989624,0.38095238095238093,1.6266083419322968
epi_leiden_1_2,0,8663,0.13922728295458198,12:0.79; 0:0.21; 1:0.00,6.074467182159424,0.9245065219900728,1.338000774383545,0.2440263188271961,1.0176501274108887,0.1779983839316634,0.5319482088088989,0.09731040055408058,6.678988933563232,0.9658316980260879,0.19777540862560272,0.03763130555234907,0.5622606873512268,0.09811843472238255,0.05858871340751648,0.010966177998383932,0.8781622648239136,0.16160683366039477,1.5246723890304565,0.2763476855592751,0.486470490694046,0.0893454923236754,3.0755975246429443,0.5341105852476048,0.6400589942932129,0.11554888606718226,0.29640576243400574,0.05436915618146139,2.539702892303467,0.4523837007964908,5.8310675621032715,0.8759090384393398,3.401254653930664,0.5827080687983378,3.9119491577148438,0.6651275539651391,-0.5378831140697002
epi_leiden_1_2,1,7765,0.1247950885538877,1:1.00; 12:0.00; 0:0.00,6.4626874923706055,0.9864777849323889,1.5862962007522583,0.3143593045717965,1.4759631156921387,0.25511912427559563,2.778888702392578,0.4879587894397939,1.3228307962417603,0.25434642627173215,3.006875514984131,0.56973599484868,5.769297122955322,0.8986477784932388,6.657560348510742,0.9572440437862202,2.5634708404541016,0.49066323245331617,3.5344648361206055,0.6509980682549903,4.033894062042236,0.7004507405022538,2.723524570465088,0.522730199613651,3.49039626121521,0.633354797166774,1.0692970752716064,0.21481004507405022,1.4351743459701538,0.28808757244043787,0.6090191006660461,0.11706374758531873,0.507886528968811,0.10624597553122987,0.46813878417015076,0.09761751448808757,4.149451717734337
epi_leiden_1_2,2,7573,0.12170936324772588,0:1.00,6.694666385650635,1.0,3.2074458599090576,0.7281130331440644,2.467942237854004,0.5225141951670408,1.2122352123260498,0.2918262247458075,6.775405406951904,0.9997359038690083,0.7053576111793518,0.1842070513666975,0.986158549785614,0.21180509705532813,0.1597578525543213,0.042915621286148155,2.0480027198791504,0.4954443417403935,3.6389214992523193,0.812887891192394,0.8822412490844727,0.22712267265284564,5.034162998199463,0.967780272019015,2.9440290927886963,0.6207579558959462,1.8862236738204956,0.44500198072098246,4.679194450378418,0.9370130727584841,6.549618721008301,0.9927373563977288,4.834620952606201,0.9417668031163343,5.254230499267578,0.9779479730621946,-0.18059927225112915
epi_leiden_1_2,3,7264,0.11674327408312173,0:0.99; 12:0.01; 1:0.00,6.757813453674316,0.9994493392070485,2.5868382453918457,0.5370319383259912,1.9898065328598022,0.38284691629955947,1.071293592453003,0.22466960352422907,6.839533805847168,0.9976596916299559,0.42398717999458313,0.09526431718061674,0.9532884955406189,0.18158039647577093,0.077883280813694,0.01789647577092511,1.1856199502944946,0.25729625550660795,2.881624937057495,0.5941629955947136,0.5231942534446716,0.11632709251101321,4.688459396362305,0.8732103524229075,2.3204307556152344,0.46572136563876654,1.1731830835342407,0.25082599118942733,4.14412260055542,0.804102422907489,6.472647666931152,0.9748072687224669,4.430978298187256,0.8309471365638766,4.976395606994629,0.9030837004405287,-0.4434728156775236
epi_leiden_1_2,4,6811,0.1094628909388962,0:1.00; 12:0.00; 1:0.00,6.734675407409668,0.9995595360446337,3.006326675415039,0.629716634855381,1.7941150665283203,0.36162090735574803,1.2833161354064941,0.27646454265159304,7.070865154266357,0.9998531786815446,0.5515956282615662,0.12832183233005431,1.3018100261688232,0.25400088092791073,0.07621479034423828,0.017912200851563646,2.7212188243865967,0.5805314931728087,3.0976815223693848,0.6518866539421524,0.5184732675552368,0.11907208926736162,5.175220966339111,0.9396564381148143,0.48526278138160706,0.10982234620466892,0.22560544312000275,0.0528556746439583,4.10532808303833,0.8133901042431361,5.703695297241211,0.9270298047276464,5.417418956756592,0.9553663191895463,5.513927936553955,0.9657906327998825,0.054587289690971375
epi_leiden_1_2,5,4767,0.07661277361704863,1:1.00; 0:0.00; 12:0.00,6.557259559631348,0.974826935179358,0.8807252049446106,0.17474302496328928,0.7505406141281128,0.13488567233060625,1.302295207977295,0.23746591147472204,2.541085720062256,0.4539542689322425,2.05474853515625,0.3931193622823579,5.22012186050415,0.816026851269142,6.279611587524414,0.9137822529893015,4.04501485824585,0.710299979022446,2.1160030364990234,0.4023494860499266,2.1660027503967285,0.4000419551080344,2.294288396835327,0.434654919236417,0.32318806648254395,0.06356198867212083,0.07723125070333481,0.015313614432557163,1.197463870048523,0.23473882945248584,0.28431984782218933,0.05454164044472414,1.3308380842208862,0.2580239144115796,1.0787639617919922,0.20998531571218795,3.98842091858387
epi_leiden_1_2,6,4668,0.07502169650605894,0:0.96; 12:0.04; 1:0.00,6.412725925445557,0.9957155098543273,2.3774986267089844,0.5222793487574978,1.3692888021469116,0.28834618680377033,0.5960512757301331,0.13710368466152528,6.760499477386475,0.9978577549271637,0.3290195167064667,0.08097686375321336,0.46750470995903015,0.100471293916024,0.08128754049539566,0.02035132819194516,1.6296974420547485,0.36461011139674376,2.938912868499756,0.6356041131105399,0.7279478907585144,0.17095115681233933,4.522900104522705,0.867395029991431,0.8944368958473206,0.19922879177377892,0.5135431885719299,0.12146529562982006,4.2538299560546875,0.8389031705227078,6.359766006469727,0.9781491002570694,4.528703689575195,0.8622536418166238,4.965216159820557,0.9168808911739503,-0.389346232637763
epi_leiden_1_2,7,4035,0.06484844588730675,1:1.00; 12:0.00,5.324714183807373,0.787360594795539,0.5759016275405884,0.09640644361833953,1.0167402029037476,0.15489467162329615,2.3502395153045654,0.3618339529120198,1.157226324081421,0.18537794299876084,1.3536125421524048,0.22255266418835193,4.96742582321167,0.7149938042131351,5.571727275848389,0.7821561338289963,1.6880658864974976,0.272366790582404,1.983349323272705,0.3204460966542751,2.3950929641723633,0.3744733581164808,1.0498229265213013,0.17397769516728626,0.799972653388977,0.13135068153655513,0.12167125940322876,0.020074349442379184,0.552398145198822,0.09244114002478315,0.33151066303253174,0.05477075588599752,0.378426730632782,0.06344485749690211,0.3127070963382721,0.05278810408921933,3.123462066054344
epi_leiden_1_2,8,3848,0.0618430780109929,1:1.00; 12:0.00; 0:0.00,6.142844200134277,0.9604989604989606,3.032743215560913,0.5626299376299376,2.3108811378479004,0.36642411642411643,4.731412887573242,0.7705301455301455,0.3367968201637268,0.06756756756756757,1.0562483072280884,0.20426195426195426,1.074046015739441,0.19308731808731808,1.7149708271026611,0.2980769230769231,3.094534158706665,0.5704261954261954,5.866490840911865,0.9365904365904366,4.034603595733643,0.6995841995841996,2.2323315143585205,0.4293139293139293,0.7450915575027466,0.14007276507276506,0.22410596907138824,0.04573804573804574,1.4907894134521484,0.29521829521829523,1.336663842201233,0.2512993762993763,0.9036384224891663,0.18113305613305614,0.18246585130691528,0.037162162162162164,1.4039900824427605
epi_leiden_1_2,9,2551,0.0409983607084311,0:0.69; 12:0.30; 1:0.00,6.342389106750488,0.9666797334378675,1.9275665283203125,0.4021952175617405,1.43905508518219,0.2818502548020384,0.6347125768661499,0.13328106624852998,6.744156837463379,0.9851038808310466,0.35592353343963623,0.08114464915719326,0.7128327488899231,0.13759310074480596,0.06840646266937256,0.014896119168953352,1.2805770635604858,0.27361818894551154,2.428516387939453,0.4970599764798118,0.6237409710884094,0.13680909447275577,4.081027984619141,0.7538220305762446,1.0653668642044067,0.21756174049392396,0.5430705547332764,0.11720893767150137,3.52738094329834,0.6765974127793022,6.066015243530273,0.9337514700117601,3.992310047149658,0.7373578988631909,4.511626243591309,0.8122304978439827,-0.4184665381908417
epi_leiden_1_2,10,2035,0.03270547394812124,1:1.00,5.094339847564697,0.8127764127764128,1.1092069149017334,0.2049140049140049,0.7422659993171692,0.12727272727272726,2.340959310531616,0.3945945945945946,0.6398719549179077,0.11793611793611794,2.006679058074951,0.36265356265356263,4.48412561416626,0.7085995085995086,5.222902774810791,0.8117936117936118,1.7925742864608765,0.32334152334152333,2.818479061126709,0.4904176904176904,4.567668437957764,0.7292383292383292,1.5392991304397583,0.28304668304668307,1.608311414718628,0.2889434889434889,0.5470606088638306,0.10270270270270271,0.5359926819801331,0.10171990171990172,0.46860700845718384,0.08452088452088452,0.2937139570713043,0.05552825552825553,0.17909076809883118,0.0343980343980344,3.203803189098835
epi_leiden_1_2,11,1804,0.02899296068914532,1:0.99; 0:0.00; 12:0.00,6.001692295074463,0.9462305986696231,2.0874342918395996,0.39634146341463417,1.9049493074417114,0.31263858093126384,3.952498197555542,0.647450110864745,0.5681899189949036,0.10809312638580931,1.860195517539978,0.35199556541019955,3.491004228591919,0.5604212860310421,3.9083714485168457,0.6097560975609756,2.325441598892212,0.4312638580931264,4.480911731719971,0.7549889135254989,5.282711505889893,0.8497782705099778,2.0770316123962402,0.3968957871396896,1.5439677238464355,0.2865853658536585,0.3973107933998108,0.0787139689578714,1.1499515771865845,0.22671840354767184,0.9136069416999817,0.17073170731707318,0.5401231646537781,0.10753880266075388,0.2355688363313675,0.04767184035476718,2.5871107950806618
epi_leiden_1_2,12,438,0.007039310854681624,1:0.87; 0:0.12; 12:0.01,6.244548797607422,0.9863013698630136,2.1760387420654297,0.45662100456621,6.234416961669922,0.9315068493150684,3.5120420455932617,0.6575342465753424,3.1966702938079834,0.5844748858447488,1.142205834388733,0.24429223744292236,6.496565341949463,0.9771689497716894,2.0560591220855713,0.3904109589041096,1.6776131391525269,0.3493150684931507,3.0455684661865234,0.5981735159817352,2.453734874725342,0.4840182648401826,3.504472494125366,0.680365296803653,1.8729885816574097,0.3744292237442922,0.46483397483825684,0.1004566210045662,3.6611361503601074,0.7100456621004566,2.0164103507995605,0.3926940639269406,2.504128932952881,0.4977168949771689,1.7890923023223877,0.3675799086757991,1.6642249524593353
