method,subcluster,n_cells,fraction,parent_leiden_mix,current_tier_b_mix,EPCAM_mean,EPCAM_frac_pos,SOX9_mean,SOX9_frac_pos,MUC5AC_mean,MUC5AC_frac_pos,TFF3_mean,TFF3_frac_pos,CEACAM6_mean,CEACAM6_frac_pos,CDX2_mean,CDX2_frac_pos,REG4_mean,REG4_frac_pos,DMBT1_mean,DMBT1_frac_pos,TMPRSS2_mean,TMPRSS2_frac_pos,XBP1_mean,XBP1_frac_pos,IGKC_mean,IGKC_frac_pos,SDC1_mean,SDC1_frac_pos,MKI67_mean,MKI67_frac_pos,UBE2C_mean,UBE2C_frac_pos,MET_mean,MET_frac_pos,CXCL5_mean,CXCL5_frac_pos,CEACAM1_mean,CEACAM1_frac_pos,CEACAM8_mean,CEACAM8_frac_pos,duodenum_panel_score,ductal_tumor_score
epi_kmeans_6,0,6958,0.11182539937642634,0:0.99; 12:0.01; 1:0.00,proliferative ductal/tumor epithelial:1.00; intestinal-like/PanIN-like ductal epithelial:0.00,6.480640411376953,0.9981316470250072,2.663038492202759,0.5905432595573441,1.5335116386413574,0.3286864041391204,0.7305291295051575,0.17131359586087958,6.810847759246826,0.998275366484622,0.42528462409973145,0.1069272779534349,0.5324826240539551,0.11784995688416211,0.1035621166229248,0.026156941649899398,1.9980758428573608,0.4532911756251797,3.153184175491333,0.6917217591261857,0.7885702252388,0.1899971256108077,4.763731002807617,0.9104627766599598,0.8750218152999878,0.20192584075883874,0.5337719321250916,0.12992239149180798,4.450761318206787,0.883730957171601,6.381135940551758,0.9820350675481461,4.787254333496094,0.9060074734119,5.166481018066406,0.9471112388617419,0.764851301908493,2.934481754899025
epi_kmeans_6,1,12241,0.19673105975378483,1:1.00; 12:0.00; 0:0.00,intestinal-like/PanIN-like ductal epithelial:1.00; proliferative ductal/tumor epithelial:0.00,6.006742000579834,0.8964136916918553,0.8022180795669556,0.14582141981864227,0.8394121527671814,0.13708030389674047,1.8662209510803223,0.306429213299567,1.64815354347229,0.2860877379299077,1.8588095903396606,0.33183563434359936,5.086339473724365,0.7692182011273588,5.954431533813477,0.8518094926885058,2.677278757095337,0.45984805162976883,2.1558244228363037,0.3758679846417776,2.5324923992156982,0.423658197859652,1.7495006322860718,0.31500694387713424,0.9787878394126892,0.16820521199248428,0.1975177824497223,0.035372927048443754,0.8499509692192078,0.1573400865942325,0.3476836085319519,0.06135119679764725,0.7257434725761414,0.13536475778122703,0.5970988273620605,0.11200065354137734,3.89421483874321,1.2890011817216873
epi_kmeans_6,2,13266,0.2132043328726174,0:0.99; 1:0.01; 12:0.00,proliferative ductal/tumor epithelial:0.99; intestinal-like/PanIN-like ductal epithelial:0.01,6.759626388549805,0.9997738579828132,2.929945707321167,0.6142017186793306,2.100480079650879,0.4125584200211066,1.3073793649673462,0.27898386853610735,6.947166919708252,0.9972862957937585,0.537513792514801,0.12392582541836274,1.2831634283065796,0.2462686567164179,0.09987061470746994,0.022388059701492536,2.019819498062134,0.4369063772048847,3.1256184577941895,0.6532489069802503,0.5424578189849854,0.12422734810794513,5.046719074249268,0.9292929292929293,1.335392713546753,0.2802653399668325,0.6171485185623169,0.13749434644957034,4.145659923553467,0.8175787728026535,6.012765407562256,0.9458012965475652,5.025683403015137,0.9136137494346449,5.303971290588379,0.945650535202774,0.9850918333977461,3.321243017911911
epi_kmeans_6,3,5814,0.09343961942721224,0:1.00; 1:0.00; 12:0.00,proliferative ductal/tumor epithelial:1.00; intestinal-like/PanIN-like ductal epithelial:0.00,6.714420318603516,1.0,3.120255708694458,0.7124183006535948,2.4402248859405518,0.5142758857929136,1.1456011533737183,0.27812177502579977,6.679981708526611,0.9972480220158239,0.7097120881080627,0.18593051255589954,1.021579623222351,0.21585827313381492,0.17076244950294495,0.0455796353629171,1.7794402837753296,0.4382524939800482,3.5671136379241943,0.7987616099071208,0.8974272012710571,0.2303061575507396,4.975752830505371,0.9606123151014792,3.8162806034088135,0.7860337117303061,2.4821856021881104,0.5755073959408324,4.70053243637085,0.9391124871001032,6.6010518074035645,0.9929480564155487,4.570664405822754,0.912108703130375,5.091637134552002,0.9647402820777434,0.9203736111521721,3.346515864133835
epi_kmeans_6,4,12220,0.19639355854842339,1:1.00; 0:0.00; 12:0.00,intestinal-like/PanIN-like ductal epithelial:1.00; proliferative ductal/tumor epithelial:0.00,6.18330717086792,0.9643207855973813,2.221845865249634,0.4309328968903437,1.978412389755249,0.3285597381342062,3.70708966255188,0.6312602291325695,0.9164884686470032,0.1804418985270049,2.2627909183502197,0.4380523731587561,3.9916961193084717,0.6377250409165303,4.579952716827393,0.6961538461538461,2.7252182960510254,0.5208674304418985,4.5905022621154785,0.7973813420621931,4.517627716064453,0.7764320785597382,2.5420479774475098,0.49525368248772506,2.3958580493927,0.444189852700491,0.7776814103126526,0.1579378068739771,1.4932167530059814,0.3016366612111293,0.9098283052444458,0.1746317512274959,0.6838114261627197,0.14189852700490999,0.366725355386734,0.0779050736497545,3.3899145126342773,2.2059590965509415
epi_kmeans_6,5,11723,0.1884060300215358,12:0.67; 0:0.32; 1:0.01,proliferative ductal/tumor epithelial:0.99; intestinal-like/PanIN-like ductal epithelial:0.01,6.141438007354736,0.934743666297023,1.3766990900039673,0.25522477181608805,1.0901076793670654,0.19235690522903692,0.5449573993682861,0.10048622366288493,6.661221981048584,0.9658790412010577,0.1982305645942688,0.03838607864881003,0.5588709712028503,0.09801245414996161,0.0643649771809578,0.012112940373624499,0.8960742950439453,0.16736330290881174,1.6500575542449951,0.3041030452955728,0.49884483218193054,0.09315021752111234,3.1918275356292725,0.5621427962125736,0.7899463176727295,0.1447581677045125,0.3836827278137207,0.0720805254627655,2.7295303344726562,0.49159771389576046,5.909266471862793,0.8888509767124456,3.467824935913086,0.6008700844493731,3.9819657802581787,0.6843811311097842,0.42938520200550556,2.4182465374469757
epi_kmeans_8,0,6592,0.10594323551155539,0:0.99; 12:0.00; 1:0.00,proliferative ductal/tumor epithelial:1.00; intestinal-like/PanIN-like ductal epithelial:0.00,6.484585285186768,0.9989381067961165,2.7457334995269775,0.6212075242718447,1.6710118055343628,0.36225728155339804,0.7128936052322388,0.17263349514563106,6.741123676300049,0.9977245145631068,0.464206725358963,0.12075242718446602,0.545773983001709,0.12333131067961164,0.13703781366348267,0.035800970873786406,1.900503396987915,0.44554004854368934,3.286925792694092,0.7330097087378641,0.8713904619216919,0.2164745145631068,4.7574052810668945,0.9220266990291263,1.4474297761917114,0.32327063106796117,0.9325910210609436,0.22572815533980584,4.576916694641113,0.9088288834951457,6.470411777496338,0.9855885922330098,4.675558567047119,0.904126213592233,5.094393730163574,0.9487257281553398,0.7618804797530174,2.967690646648407
epi_kmeans_8,1,7910,0.12712545401947864,1:0.99; 12:0.01; 0:0.00,intestinal-like/PanIN-like ductal epithelial:0.99; proliferative ductal/tumor epithelial:0.01,5.661024570465088,0.8442477876106195,0.7887647747993469,0.13514538558786346,0.9234464168548584,0.14399494310998737,2.2850100994110107,0.35891276864728194,1.1884691715240479,0.19646017699115045,1.5349225997924805,0.2586599241466498,4.775857448577881,0.7036662452591657,5.587082386016846,0.7912768647281921,1.9385607242584229,0.32123893805309733,2.222200393676758,0.3652338811630847,2.5897891521453857,0.41125158027812897,1.3151271343231201,0.22376738305941846,1.0032498836517334,0.16738305941845766,0.17625513672828674,0.03008849557522124,0.6380921006202698,0.11024020227560051,0.39079320430755615,0.06599241466498104,0.4350616931915283,0.07471554993678887,0.3465108871459961,0.06017699115044248,3.4591057896614075,1.296422615647316
epi_kmeans_8,2,10002,0.16074700266786668,12:0.78; 0:0.21; 1:0.01,proliferative ductal/tumor epithelial:0.99; intestinal-like/PanIN-like ductal epithelial:0.01,6.052008152008057,0.9250149970005999,1.2656376361846924,0.23115376924615078,1.0295915603637695,0.17946410717856429,0.4884372651576996,0.08888222355528894,6.6255340576171875,0.9639072185562887,0.18044455349445343,0.03439312137572485,0.5355470776557922,0.09298140371925614,0.05950115621089935,0.010997800439912017,0.7914251089096069,0.14547090581883623,1.5383641719818115,0.2798440311937612,0.5088268518447876,0.09388122375524895,2.9785122871398926,0.5210957808438312,0.8126966953277588,0.14767046590681865,0.3862208127975464,0.07158568286342731,2.570002317428589,0.45860827834433116,5.910783290863037,0.884623075384923,3.260627031326294,0.5634873025394921,3.81789231300354,0.6537692461507698,0.391729474067688,2.3523001298308372
epi_kmeans_8,3,4339,0.06973417762206294,1:1.00; 0:0.00; 12:0.00,intestinal-like/PanIN-like ductal epithelial:1.00; proliferative ductal/tumor epithelial:0.00,6.0602827072143555,0.9566720442498271,3.0148818492889404,0.5655681032495967,2.520684003829956,0.4021663977875086,4.714371681213379,0.7722977644618576,0.3246399760246277,0.0654528693247292,1.0684303045272827,0.2097257432588154,1.158186912536621,0.21110855035722517,1.6564748287200928,0.2952293155104863,3.101867914199829,0.5766305600368749,5.861479759216309,0.9428439732657294,4.517477512359619,0.769762618114773,2.269622802734375,0.4404240608435123,0.7903420925140381,0.1502650380271952,0.22249965369701385,0.045863102097257434,1.5097852945327759,0.30099101175386034,1.385359764099121,0.2625028808481217,0.9120234847068787,0.18414381193823462,0.1897178739309311,0.039179534454943536,1.7462399899959564,2.6436443775892258
epi_kmeans_8,4,7965,0.12800938574780624,1:1.00; 0:0.00,intestinal-like/PanIN-like ductal epithelial:1.00; proliferative ductal/tumor epithelial:0.00,6.271131992340088,0.9709981167608286,1.6793814897537231,0.3337099811676083,1.562925100326538,0.26804770872567485,2.9936325550079346,0.5270558694287508,1.1537688970565796,0.2246076585059636,2.9841675758361816,0.5702448210922787,5.6379265785217285,0.8857501569365976,6.323410987854004,0.9315756434400502,2.4599039554595947,0.4745762711864407,3.6964361667633057,0.6802259887005649,4.502835273742676,0.7720025109855618,2.6609904766082764,0.5152542372881356,3.4584476947784424,0.6337727558066542,1.1234078407287598,0.2258631512868801,1.4037357568740845,0.28361581920903955,0.6322479248046875,0.122661644695543,0.4796803891658783,0.10094161958568738,0.410550981760025,0.08650345260514752,4.351352274417877,1.8474270105361938
epi_kmeans_8,5,8749,0.14060943074796695,0:0.99; 1:0.01,proliferative ductal/tumor epithelial:0.99; intestinal-like/PanIN-like ductal epithelial:0.01,6.759020805358887,1.0,3.1427130699157715,0.6955080580637787,2.5048561096191406,0.514001600182878,1.3317997455596924,0.30826380157732314,6.77533483505249,0.9971425305749229,0.7122023105621338,0.17842039090181736,1.338512897491455,0.27008801005829236,0.1442532241344452,0.03657560864098754,1.9221962690353394,0.4518230654931992,3.557826042175293,0.7750600068579266,0.7451104521751404,0.1855069150760087,5.097614765167236,0.9631957938050063,3.0502219200134277,0.6313864441650474,1.7914297580718994,0.41113270088010057,4.471549034118652,0.8986169847982627,6.326459884643555,0.9770259458223797,4.722376823425293,0.912332838038633,5.178586006164551,0.9605669219339353,1.0292911753058434,3.4386759400367737
epi_kmeans_8,6,4335,0.06966989167818456,1:1.00; 0:0.00,intestinal-like/PanIN-like ductal epithelial:1.00; proliferative ductal/tumor epithelial:0.00,6.590680122375488,0.9845444059976932,1.014520287513733,0.20599769319492503,0.9033851623535156,0.16239907727797,1.3599684238433838,0.2528258362168397,2.702237606048584,0.49204152249134947,2.2927443981170654,0.4461361014994233,5.431039333343506,0.8542099192618223,6.292717456817627,0.9229527104959631,4.114760875701904,0.7381776239907728,2.3888583183288574,0.46205305651672435,2.3977043628692627,0.45121107266435984,2.5940706729888916,0.49896193771626296,0.5531833171844482,0.10888119953863898,0.14953847229480743,0.030680507497116493,1.4058390855789185,0.28050749711649364,0.3324933648109436,0.06505190311418685,1.4347442388534546,0.2844290657439446,1.1960535049438477,0.2378316032295271,4.532815515995026,1.495027869939804
epi_kmeans_8,7,12330,0.19816142200507858,0:0.99; 1:0.00; 12:0.00,proliferative ductal/tumor epithelial:1.00; intestinal-like/PanIN-like ductal epithelial:0.00,6.721823215484619,0.9991889699918897,2.7007217407226562,0.5576642335766423,1.7938791513442993,0.34833738848337387,1.14471435546875,0.23884833738848338,6.9874773025512695,0.9977291159772912,0.435027539730072,0.09740470397404705,1.0009727478027344,0.19091646390916464,0.06985685229301453,0.01565287915652879,1.9576421976089478,0.41248986212489863,2.8371920585632324,0.5855636658556367,0.507396936416626,0.11257096512570965,4.905153274536133,0.8987023519870235,0.8795472979545593,0.1824006488240065,0.4145874083042145,0.09018653690186537,4.061001777648926,0.7896999188969992,6.041358947753906,0.9444444444444444,5.0493574142456055,0.9048661800486618,5.295168876647949,0.9348742903487429,0.8658748343586922,3.1566981375217438
epi_kmeans_10,0,5027,0.08079135996914275,0:0.99; 12:0.01; 1:0.00,proliferative ductal/tumor epithelial:1.00; intestinal-like/PanIN-like ductal epithelial:0.00,6.439444065093994,0.9982096677939128,2.6448519229888916,0.5959816988263378,1.5159344673156738,0.3294211259200318,0.6302042603492737,0.15158146011537696,6.7414655685424805,0.9974139645912075,0.4277523458003998,0.10980704197334394,0.5394554734230042,0.12114581261189576,0.11190353333950043,0.029043166898746767,1.8989503383636475,0.43922816789337576,3.2081499099731445,0.709966182613885,0.862403154373169,0.21145812611895762,4.718984603881836,0.9114780186990252,1.081430435180664,0.24945295404814005,0.6745603084564209,0.1666998209667794,4.4738054275512695,0.8905908096280087,6.383180618286133,0.9813009747364233,4.647149085998535,0.8965585836482992,5.069918632507324,0.9431072210065645,0.744515422731638,2.88311405479908
epi_kmeans_10,1,7895,0.12688438172993474,1:0.99; 12:0.01; 0:0.00,intestinal-like/PanIN-like ductal epithelial:0.99; proliferative ductal/tumor epithelial:0.01,5.658872127532959,0.8440785307156428,0.7922269701957703,0.1357821405953135,0.9288977384567261,0.14490183660544648,2.2965450286865234,0.360734642178594,1.1825988292694092,0.1954401519949335,1.5351742506027222,0.2586447118429386,4.7781081199646,0.703863204559848,5.582846164703369,0.7907536415452818,1.930798053741455,0.3200759974667511,2.2284417152404785,0.3661811272957568,2.5963728427886963,0.4121595946801773,1.3169277906417847,0.2240658644711843,1.0058832168579102,0.16782773907536416,0.1772778481245041,0.030272324255858137,0.6362139582633972,0.10994300189993667,0.38856127858161926,0.06561114629512349,0.43285658955574036,0.07435085497150094,0.3463881313800812,0.06016466117796074,3.4567316472530365,1.3000671416521072
epi_kmeans_10,2,8592,0.1380862074507409,12:0.88; 0:0.11; 1:0.01,proliferative ductal/tumor epithelial:0.99; intestinal-like/PanIN-like ductal epithelial:0.01,5.954606056213379,0.9128258845437617,1.1806188821792603,0.21310521415270017,0.9647688269615173,0.16689944134078213,0.44961509108543396,0.08088919925512104,6.595175743103027,0.9593808193668529,0.15330328047275543,0.02863128491620112,0.4859878718852997,0.08391527001862198,0.05459238961338997,0.00989292364990689,0.7619090676307678,0.138268156424581,1.4420796632766724,0.2590782122905028,0.514832079410553,0.0939245810055866,2.808708429336548,0.48777932960893855,0.6955211758613586,0.12476722532588454,0.3341238498687744,0.06098696461824953,2.461716413497925,0.43552141527001864,5.880669116973877,0.8787243947858473,3.1510961055755615,0.5401536312849162,3.7181570529937744,0.6327979515828678,0.3639481524005532,2.2975446358323097
epi_kmeans_10,3,4335,0.06966989167818456,1:1.00; 0:0.00; 12:0.00,intestinal-like/PanIN-like ductal epithelial:1.00; proliferative ductal/tumor epithelial:0.00,6.062676906585693,0.9570934256055363,3.0187909603118896,0.566320645905421,2.5214788913726807,0.4023068050749712,4.714722633361816,0.772318339100346,0.32243284583091736,0.06505190311418685,1.0705828666687012,0.21014994232987314,1.1577600240707397,0.21107266435986158,1.6581755876541138,0.2955017301038062,3.104501962661743,0.5771626297577854,5.862939357757568,0.9430219146482123,4.517307281494141,0.7697808535178777,2.2706680297851562,0.4405997693194925,0.7897704243659973,0.15017301038062283,0.22270497679710388,0.04590542099192618,1.50874662399292,0.3008073817762399,1.3877654075622559,0.2629757785467128,0.9129433035850525,0.1843137254901961,0.1886851042509079,0.038985005767012686,1.7477551102638245,2.644356332719326
epi_kmeans_10,4,7978,0.12821831506541095,1:1.00; 0:0.00; 12:0.00,intestinal-like/PanIN-like ductal epithelial:1.00; proliferative ductal/tumor epithelial:0.00,6.27255916595459,0.971170719478566,1.6783883571624756,0.3335422411631988,1.566720962524414,0.2686136876410128,2.990002393722534,0.5264477312609677,1.1585969924926758,0.22562045625470042,2.985539674758911,0.5705690649285535,5.644073486328125,0.8865630483830534,6.321988105773926,0.9313111055402357,2.4621474742889404,0.47505640511406366,3.6977410316467285,0.6806217097016796,4.495607852935791,0.7711205815993983,2.664844274520874,0.5160441213336676,3.4618051052093506,0.6346202055653046,1.1238596439361572,0.22599649034845826,1.4083553552627563,0.2844071195788418,0.6295167207717896,0.12208573577337678,0.48365873098373413,0.10177989471045375,0.414050430059433,0.0872399097518175,4.353437185287476,1.848427176475525
epi_kmeans_10,5,5780,0.09289318890424608,0:1.00; 1:0.00,proliferative ductal/tumor epithelial:1.00; intestinal-like/PanIN-like ductal epithelial:0.00,6.758225917816162,1.0,3.378159523010254,0.7285467128027682,2.5054526329040527,0.5096885813148789,1.6317552328109741,0.363840830449827,6.961179256439209,0.9993079584775086,0.7661911845207214,0.18737024221453288,1.7307201623916626,0.34325259515570933,0.10169602930545807,0.025778546712802768,2.6273372173309326,0.5916955017301038,3.6243393421173096,0.7775086505190312,0.6247158646583557,0.15397923875432526,5.313905715942383,0.9747404844290657,1.2069928646087646,0.2745674740484429,0.5303471088409424,0.12923875432525953,4.188869953155518,0.8529411764705882,5.777379512786865,0.9487889273356401,5.226466655731201,0.9565743944636678,5.427316188812256,0.9742214532871972,1.3064861483871937,3.6191366612911224
epi_kmeans_10,6,4329,0.069573462762367,1:1.00; 0:0.00,intestinal-like/PanIN-like ductal epithelial:1.00; proliferative ductal/tumor epithelial:0.00,6.589132785797119,0.9840609840609841,1.0015593767166138,0.20328020328020327,0.8825532793998718,0.15892815892815892,1.3526819944381714,0.2515592515592516,2.6960127353668213,0.49087549087549087,2.2846174240112305,0.4444444444444444,5.414661407470703,0.8519288519288519,6.311221599578857,0.9256179256179257,4.1169514656066895,0.7375837375837376,2.3739421367645264,0.458997458997459,2.39841628074646,0.4509124509124509,2.582608699798584,0.4964194964194964,0.536290168762207,0.10533610533610534,0.1476961374282837,0.03026103026103026,1.3959097862243652,0.27835527835527835,0.32959994673728943,0.06444906444906445,1.423095464706421,0.2818202818202818,1.1826972961425781,0.23515823515823517,4.53186297416687,1.4832018464803696
epi_kmeans_10,7,7888,0.1267718813281476,0:0.97; 12:0.03; 1:0.00,proliferative ductal/tumor epithelial:1.00; intestinal-like/PanIN-like ductal epithelial:0.00,6.7408294677734375,0.9992393509127789,2.2921249866485596,0.4606997971602434,1.639330267906189,0.3089503042596349,1.0248863697052002,0.20626267748478702,6.945070266723633,0.9975912778904665,0.40006691217422485,0.08519269776876268,0.9969349503517151,0.18445740365111563,0.060808077454566956,0.013057809330628804,1.4665948152542114,0.29918864097363085,2.600898504257202,0.5196501014198783,0.45123201608657837,0.09558823529411764,4.7201080322265625,0.8594066937119675,1.4160451889038086,0.2804259634888438,0.6408133506774902,0.1329868154158215,3.694248676300049,0.709051724137931,6.035163879394531,0.9334432048681541,4.646639823913574,0.8379817444219066,5.0296950340271,0.8889452332657201,0.7311011888086796,2.9753529727458954
epi_kmeans_10,8,5311,0.08535566198450709,0:0.98; 1:0.01; 12:0.01,proliferative ductal/tumor epithelial:0.99; intestinal-like/PanIN-like ductal epithelial:0.01,6.655600547790527,0.9990585577104123,2.8873016834259033,0.6109960459423838,1.9177565574645996,0.38109583882508,0.9867368936538696,0.215778572773489,6.914942264556885,0.9937864808887216,0.38119813799858093,0.08943701751082658,0.6617146730422974,0.1319902090001883,0.13058947026729584,0.029749576350969687,2.014608383178711,0.4362643569949162,2.9377665519714355,0.6247411033703634,0.6413569450378418,0.14648842025983808,4.756831645965576,0.8949350404820184,0.7477187514305115,0.16550555450950857,0.41786935925483704,0.0971568442854453,4.582191467285156,0.8864620598757296,6.419522762298584,0.9719450197702881,5.115416526794434,0.9241197514592355,5.332485198974609,0.9484089625305969,0.7970276661217213,3.1766843497753143
epi_kmeans_10,9,5087,0.08175564912731831,0:1.00; 1:0.00,proliferative ductal/tumor epithelial:1.00; intestinal-like/PanIN-like ductal epithelial:0.00,6.732309341430664,1.0,2.9884262084960938,0.6795753882445449,2.3317463397979736,0.48791035974051505,1.0917515754699707,0.26243365441321015,6.665042877197266,0.997444466286613,0.6681019067764282,0.1724002358954197,0.9394988417625427,0.19598977786514646,0.1636674553155899,0.042854334578336935,1.5547902584075928,0.3831334774916454,3.459993839263916,0.7727540790249656,0.8432493209838867,0.2138785138588559,4.949182033538818,0.9557696088067623,4.261111259460449,0.8606251228621977,2.7874350547790527,0.6361313151169649,4.67316198348999,0.9306074307057205,6.674225330352783,0.9937094554747395,4.440393447875977,0.8942402201690584,5.034595489501953,0.9581285630037351,0.8315146155655384,3.269241750240326
epi_kmeans_12,0,4257,0.06841631577255633,0:0.99; 12:0.01; 1:0.00,proliferative ductal/tumor epithelial:1.00; intestinal-like/PanIN-like ductal epithelial:0.00,6.424162864685059,0.9985905567300916,2.637326955795288,0.5952548743246417,1.4688081741333008,0.32088325111580923,0.5805497765541077,0.14047451256753582,6.704597473144531,0.9969462062485318,0.4258868396282196,0.10946676062955132,0.5134758949279785,0.11510453370918487,0.12006209045648575,0.031242659149635893,1.7760943174362183,0.41367159971811135,3.229973077774048,0.7157622739018088,0.8844596743583679,0.21658444914258868,4.6772260665893555,0.9081512802443035,1.1543469429016113,0.26450552031947383,0.7241279482841492,0.17782475922010807,4.492021560668945,0.8938219403335682,6.415555477142334,0.9830866807610994,4.541220664978027,0.8853652807141179,5.009814262390137,0.9396288466055908,0.7088797856122255,2.847820594906807
epi_kmeans_12,1,5471,0.08792709973964193,1:0.99; 12:0.01; 0:0.00,intestinal-like/PanIN-like ductal epithelial:0.99; proliferative ductal/tumor epithelial:0.01,5.622727870941162,0.8285505392067264,0.5936731100082397,0.09998172180588558,0.7977650165557861,0.12246390056662401,1.8480225801467896,0.28824712118442697,1.4305922985076904,0.23140193748857613,1.3030064105987549,0.21586547249131785,4.79056453704834,0.6995064887589106,5.558435916900635,0.7795649789800768,2.1462676525115967,0.34911350758545057,1.7318451404571533,0.281484189362091,2.0001919269561768,0.31657832206178027,1.215003490447998,0.20343630049351125,0.7085725665092468,0.11643209650886492,0.14105655252933502,0.02357887040760373,0.6017397046089172,0.10199232315847194,0.3164285123348236,0.052641199049533904,0.5380426049232483,0.09120818863096326,0.4324858486652374,0.07420946810455127,3.4495686292648315,1.1675132513046265
epi_kmeans_12,2,8598,0.13818263636655845,12:0.87; 0:0.12; 1:0.01,proliferative ductal/tumor epithelial:0.99; intestinal-like/PanIN-like ductal epithelial:0.01,5.9721832275390625,0.9133519423121657,1.207065224647522,0.2174924401023494,0.9891157150268555,0.1712026052570365,0.48383527994155884,0.08711328215864154,6.602124214172363,0.9590602465689695,0.16687889397144318,0.03128634566178181,0.5120180249214172,0.08827634333565945,0.0562877357006073,0.010118632240055827,0.7439205646514893,0.1350314026517795,1.4541527032852173,0.26110723424052107,0.5053457617759705,0.09199813910211677,2.854048728942871,0.4948825308211212,0.6997902393341064,0.1257269132356362,0.33087432384490967,0.06036287508722959,2.468703508377075,0.43672947197022566,5.874080657958984,0.8779948825308211,3.189866304397583,0.5465224470807164,3.7468173503875732,0.6368923005350081,0.36977630481123924,2.320535108447075
epi_kmeans_12,3,3996,0.06422165793449262,1:1.00; 0:0.00; 12:0.00,intestinal-like/PanIN-like ductal epithelial:1.00; proliferative ductal/tumor epithelial:0.00,6.096524715423584,0.9622122122122122,3.073690414428711,0.5770770770770771,2.5296194553375244,0.4041541541541542,4.685142993927002,0.7697697697697697,0.3297737240791321,0.06656656656656657,1.0346885919570923,0.2042042042042042,1.0692328214645386,0.19794794794794796,1.5436779260635376,0.2782782782782783,3.1670401096343994,0.5888388388388388,5.905739784240723,0.9474474474474475,4.516522407531738,0.771021021021021,2.3107240200042725,0.44894894894894893,0.7363584041595459,0.14064064064064064,0.19351798295974731,0.03978978978978979,1.5227450132369995,0.30405405405405406,1.3930156230926514,0.265015015015015,0.9319706559181213,0.1881881881881882,0.18728680908679962,0.03853853853853854,1.703659862279892,2.6545566469430923
epi_kmeans_12,4,7033,0.1130307608241458,1:1.00; 12:0.00; 0:0.00,intestinal-like/PanIN-like ductal epithelial:1.00; proliferative ductal/tumor epithelial:0.00,5.97168493270874,0.9233612967439215,1.3540761470794678,0.24740509028863927,1.2735615968704224,0.20830371107635434,3.1118197441101074,0.5130100952651785,0.7690626978874207,0.14133371249822266,2.3483543395996094,0.42300582966017347,5.0395588874816895,0.7773354187402246,5.831506252288818,0.8561069244987914,1.883150339126587,0.3403952793971278,3.416588306427002,0.5912128536897483,4.240460395812988,0.6923076923076923,1.910043478012085,0.348357742073084,2.2025563716888428,0.3897341106213565,0.470948189496994,0.08744490260201905,0.8977164030075073,0.167638276695578,0.5671527981758118,0.10223233328593773,0.31140464544296265,0.05971847006967155,0.2412067949771881,0.04635290772074506,3.775642454624176,1.6271300464868546
epi_kmeans_12,5,5239,0.08419851499469641,0:1.00; 1:0.00,proliferative ductal/tumor epithelial:1.00; intestinal-like/PanIN-like ductal epithelial:0.00,6.734217643737793,1.0,3.4306821823120117,0.7509066615766368,2.567772626876831,0.5304447413628555,1.6290907859802246,0.3701087993891964,6.9721856117248535,0.9996182477572055,0.7625822424888611,0.19011261691162434,1.5170191526412964,0.30864668829929376,0.1069292351603508,0.027867913723993127,2.7377138137817383,0.6245466692116817,3.6640524864196777,0.7967169307119679,0.6825594305992126,0.17140675701469746,5.307900428771973,0.9791945027677038,1.1261067390441895,0.2639816758923459,0.5419719815254211,0.13571292231341858,4.351123332977295,0.8852834510402748,5.901316165924072,0.959725138385188,5.344808578491211,0.9746134758541707,5.508234977722168,0.984729910288223,1.2810611110180616,3.6499328017234802
epi_kmeans_12,6,4072,0.06544309086818167,1:1.00; 0:0.00,intestinal-like/PanIN-like ductal epithelial:1.00; proliferative ductal/tumor epithelial:0.00,6.593313694000244,0.9855108055009824,1.000787377357483,0.20284872298624754,0.8708657622337341,0.15717092337917485,1.33842134475708,0.24901768172888017,2.708888292312622,0.49263261296660116,2.2869110107421875,0.44523575638506874,5.430110931396484,0.8555992141453831,6.318293571472168,0.9282907662082515,4.147054672241211,0.7426326129666012,2.372114419937134,0.4592337917485265,2.403480052947998,0.45211198428290766,2.5797042846679688,0.4960707269155206,0.49140000343322754,0.09651277013752456,0.13328225910663605,0.027013752455795677,1.3828001022338867,0.27578585461689586,0.3177246153354645,0.062131630648330056,1.4434069395065308,0.28585461689587427,1.1957297325134277,0.23722986247544203,4.545592546463013,1.4797406941652298
epi_kmeans_12,7,4524,0.07270740252643759,0:0.94; 12:0.06,proliferative ductal/tumor epithelial:1.00,6.612263202667236,0.9964633068081344,2.2896170616149902,0.4677276746242264,1.4662593603134155,0.28359858532272325,0.9712317585945129,0.1989389920424403,7.019967079162598,0.9993368700265252,0.36430567502975464,0.07979664014146773,0.6322336792945862,0.12312113174182139,0.05470145866274834,0.011936339522546418,1.9451018571853638,0.3989832007073386,2.5459680557250977,0.5174624226348364,0.48967474699020386,0.10477453580901856,4.709527492523193,0.8594164456233422,0.5364803671836853,0.11206896551724138,0.27314773201942444,0.059460654288240496,3.7310187816619873,0.7221485411140584,6.016063213348389,0.9409814323607427,5.017688274383545,0.8916887709991158,5.201516628265381,0.9129089301503095,0.7490856675431132,2.936768814921379
epi_kmeans_12,8,4163,0.06690559609141461,0:0.98; 1:0.01; 12:0.01,proliferative ductal/tumor epithelial:0.99; intestinal-like/PanIN-like ductal epithelial:0.01,6.674383163452148,0.9990391544559212,2.9047460556030273,0.6122988229642085,1.8584420680999756,0.3687244775402354,1.0026425123214722,0.21835214989190488,6.942081451416016,0.9942349267355273,0.3813803791999817,0.0895988469853471,0.7881715893745422,0.15661782368484267,0.13637515902519226,0.030987268796540957,2.229764699935913,0.48018256065337495,2.9053330421447754,0.6173432620706222,0.6338497996330261,0.1448474657698775,4.8061370849609375,0.9003122748018256,0.6005778312683105,0.1354792217151093,0.34439751505851746,0.080951237088638,4.5672078132629395,0.8837376891664664,6.291483402252197,0.9639682920970454,5.209601402282715,0.9334614460725439,5.358169078826904,0.950036031707903,0.8839229568839073,3.1769780218601227
epi_kmeans_12,9,4414,0.0709395390697824,0:1.00; 1:0.00,proliferative ductal/tumor epithelial:1.00; intestinal-like/PanIN-like ductal epithelial:0.00,6.7298431396484375,1.0,3.010042667388916,0.6900770276393294,2.3737423419952393,0.5009062075215225,1.1023801565170288,0.26778432260987767,6.662630558013916,0.9984141368373357,0.6886876225471497,0.17942908926144088,0.9399724006652832,0.19732668781150883,0.16727422177791595,0.044630720434979614,1.6237080097198486,0.40235613955595834,3.511359691619873,0.788400543724513,0.8763105273246765,0.2245129134571817,4.978041172027588,0.9623923878568192,4.330689907073975,0.8747168101495243,2.880769968032837,0.6606252831898505,4.706839084625244,0.9386044404168554,6.6755571365356445,0.9943362029904849,4.47712516784668,0.905980969642048,5.062867164611816,0.9655641141821477,0.8549105636775494,3.287198930978775
epi_kmeans_12,10,3984,0.06402880010285751,1:1.00; 0:0.00,intestinal-like/PanIN-like ductal epithelial:1.00; proliferative ductal/tumor epithelial:0.00,6.452267169952393,0.9939759036144579,2.001199960708618,0.41616465863453816,1.9265493154525757,0.3358433734939759,3.044375419616699,0.5562248995983936,1.549011468887329,0.3097389558232932,3.3614931106567383,0.6646586345381527,5.83820915222168,0.9231927710843374,6.45441198348999,0.9503012048192772,2.941105604171753,0.588855421686747,4.03384256362915,0.7663152610441767,4.461147308349609,0.7986947791164659,3.2463231086730957,0.6480923694779116,4.2808518409729,0.7964357429718876,1.6537271738052368,0.34236947791164657,1.9014477729797363,0.3973393574297189,0.7577725648880005,0.15210843373493976,0.6825674772262573,0.1495983935742972,0.5852841734886169,0.12876506024096385,4.64880496263504,2.1302840411663055
epi_kmeans_12,11,6471,0.10399858570923468,0:0.99; 12:0.01; 1:0.01,proliferative ductal/tumor epithelial:0.99; intestinal-like/PanIN-like ductal epithelial:0.01,6.773220062255859,0.9995363931386184,2.5083813667297363,0.5124401174470715,1.8922131061553955,0.3591407819502395,1.039129376411438,0.21403183433781486,6.829910755157471,0.9958275382475661,0.4547063410282135,0.0995209395765724,1.2574260234832764,0.23288518003399783,0.07804720103740692,0.016998918250656775,1.209609866142273,0.2554473806212332,2.8710458278656006,0.5824447535156854,0.49016836285591125,0.10678411373821665,4.732628345489502,0.8734353268428373,2.2055091857910156,0.4402719826920105,1.0216503143310547,0.21573172616288055,3.899566650390625,0.7549065059496214,6.179206848144531,0.9445217122546747,4.339865684509277,0.8094575799721836,4.912410736083984,0.8874980683047442,0.7499473579227924,3.06740865111351
epi_kmeans_14,0,4052,0.06512166114878981,0:0.99; 12:0.01; 1:0.00,proliferative ductal/tumor epithelial:1.00; intestinal-like/PanIN-like ductal epithelial:0.00,6.422505855560303,0.9987660414610069,2.6469690799713135,0.5977295162882527,1.4711893796920776,0.32206317867719647,0.5858699083328247,0.1416584402764067,6.70836067199707,0.9975320829220138,0.43037354946136475,0.11080947680157947,0.5153951048851013,0.11549851924975321,0.11948532611131668,0.031095755182625865,1.7887938022613525,0.4165844027640671,3.217434883117676,0.7134748272458046,0.8926302790641785,0.21915103652517276,4.678247928619385,0.90893385982231,1.1566628217697144,0.2653010858835143,0.720954954624176,0.1774432379072063,4.49124002456665,0.8943731490621916,6.402842998504639,0.9829713721618953,4.542929172515869,0.8859822309970385,5.010592460632324,0.9400296150049359,0.7135119456797838,2.8530972599983215
epi_kmeans_14,1,5322,0.08553244833017261,1:0.99; 12:0.01,intestinal-like/PanIN-like ductal epithelial:0.99; proliferative ductal/tumor epithelial:0.01,5.58341646194458,0.8226230740323187,0.5720034241676331,0.09620443442314919,0.8008102178573608,0.12288613303269448,1.8403644561767578,0.28673431040962044,1.4313231706619263,0.23149192033070273,1.2797374725341797,0.21157459601653514,4.771604061126709,0.6959789552799699,5.53440523147583,0.7769635475385194,2.1483333110809326,0.3487410747839158,1.7162810564041138,0.27846674182638104,2.003431797027588,0.31661029688087183,1.1855072975158691,0.1982337467117625,0.6514232158660889,0.10672679443818113,0.12865960597991943,0.02142051860202931,0.5980546474456787,0.10108981585869974,0.31106114387512207,0.05167230364524615,0.5427221059799194,0.0920706501315295,0.4304821789264679,0.0736565201052236,3.433520019054413,1.1611253172159195
epi_kmeans_14,2,7470,0.12005400019285783,12:0.94; 0:0.06; 1:0.01,proliferative ductal/tumor epithelial:0.99; intestinal-like/PanIN-like ductal epithelial:0.01,5.87280797958374,0.9013386880856761,1.0988264083862305,0.1966532797858099,0.9554902911186218,0.1646586345381526,0.43810468912124634,0.07817938420348058,6.5612969398498535,0.9551539491298527,0.13920186460018158,0.02570281124497992,0.41781455278396606,0.07188755020080322,0.05247257649898529,0.009236947791164659,0.6459522247314453,0.11606425702811245,1.3770148754119873,0.24524765729585007,0.5070710778236389,0.09143239625167336,2.6759893894195557,0.4634538152610442,0.7395231127738953,0.1321285140562249,0.3564121723175049,0.06465863453815261,2.4203882217407227,0.4258366800535475,5.975366592407227,0.8874163319946452,3.0387141704559326,0.5195448460508701,3.622323751449585,0.614859437751004,0.31386030465364456,2.263429582118988
epi_kmeans_14,3,3161,0.05080196714988268,1:1.00; 0:0.00; 12:0.00,intestinal-like/PanIN-like ductal epithelial:1.00; proliferative ductal/tumor epithelial:0.00,6.20814323425293,0.9705789307181272,3.178255558013916,0.5928503638089212,2.463294506072998,0.3938627016766846,4.70490837097168,0.7722239797532426,0.3321246802806854,0.06738373932299906,0.9843845963478088,0.1932932616260677,0.9254058599472046,0.1724137931034483,1.5161230564117432,0.2726985131287567,3.2826409339904785,0.6074027206580196,5.9849395751953125,0.9538120847832964,4.118692874908447,0.7200253084466941,2.3688604831695557,0.4580828851629231,0.7223196625709534,0.13698196773173046,0.20531924068927765,0.04175893704523885,1.6039308309555054,0.3182537171781082,1.354671835899353,0.2565643783612781,0.9729734063148499,0.19614046187915216,0.18817025423049927,0.03859538120847833,1.6771386116743088,2.66964577883482
epi_kmeans_14,4,6831,0.10978432065828807,1:1.00; 12:0.00; 0:0.00,intestinal-like/PanIN-like ductal epithelial:1.00; proliferative ductal/tumor epithelial:0.00,6.036076545715332,0.9303176694481042,1.3325111865997314,0.2431561996779388,1.2469923496246338,0.20363050797833407,3.039466142654419,0.5010979358805446,0.8139477372169495,0.14931927975406237,2.3805947303771973,0.42804860196164546,5.136043548583984,0.790074659639877,5.995739936828613,0.8738105694627434,1.912507176399231,0.345337432293954,3.3352127075195312,0.5775142731664471,4.121572017669678,0.6760357195139803,1.9406402111053467,0.35338896208461423,2.2838077545166016,0.4030156638852291,0.4867095351219177,0.09017713365539452,0.9128634929656982,0.1705460401112575,0.5655367374420166,0.10203484116527595,0.3013846278190613,0.05782462304201435,0.2565743625164032,0.049187527448397016,3.8562213480472565,1.6082293540239334
epi_kmeans_14,5,4862,0.07813956478415994,0:1.00; 1:0.00,proliferative ductal/tumor epithelial:1.00; intestinal-like/PanIN-like ductal epithelial:0.00,6.7401580810546875,1.0,3.4332008361816406,0.7492801316330728,2.5518364906311035,0.5257095845331139,1.6681747436523438,0.37823940765117237,6.970776081085205,0.9995886466474702,0.7775104641914368,0.1935417523652818,1.6171314716339111,0.327848621966269,0.10728338360786438,0.027972027972027972,2.7481772899627686,0.6262854792266557,3.654731512069702,0.7935006170300288,0.6660458445549011,0.1672151378033731,5.3299994468688965,0.9806663924310983,1.1397733688354492,0.26573426573426573,0.5364072918891907,0.13410119292472233,4.314953804016113,0.8807075277663513,5.847061634063721,0.958041958041958,5.331775665283203,0.9722336487042369,5.496895790100098,0.9843685726038667,1.3125256523489952,3.6559970378875732
epi_kmeans_14,6,3997,0.06423772942046221,1:1.00; 0:0.00,intestinal-like/PanIN-like ductal epithelial:1.00; proliferative ductal/tumor epithelial:0.00,6.601881504058838,0.9864898674005504,0.9988873600959778,0.2026519889917438,0.8619236350059509,0.15586690017513136,1.3315787315368652,0.24818613960470354,2.690415859222412,0.48986740055041283,2.298326015472412,0.44733550162621966,5.4273576736450195,0.8556417312984739,6.342175483703613,0.9316987740805605,4.169059753417969,0.7460595446584939,2.371121883392334,0.4590943207405554,2.4088735580444336,0.4533400050037528,2.5756635665893555,0.4956217162872154,0.4764162302017212,0.09382036527395547,0.12592525780200958,0.02551913935451589,1.3681119680404663,0.2732049036777583,0.3132534325122833,0.06129597197898424,1.434598445892334,0.28446334751063296,1.175964117050171,0.2339254440830623,4.559229731559753,1.4707013964653015
epi_kmeans_14,7,3890,0.06251808042171579,0:0.93; 12:0.07,proliferative ductal/tumor epithelial:1.00,6.584683895111084,0.9958868894601542,2.300935983657837,0.4732647814910026,1.5389280319213867,0.2982005141388175,0.964058518409729,0.1994858611825193,7.000487804412842,0.9992287917737789,0.3494420647621155,0.07763496143958869,0.5392726063728333,0.10668380462724936,0.050919778645038605,0.011311053984575836,1.8607276678085327,0.3858611825192802,2.569530725479126,0.5251928020565553,0.49672964215278625,0.10694087403598972,4.692286968231201,0.8604113110539846,0.5623899102210999,0.11850899742930592,0.2836607098579407,0.061953727506426734,3.774277687072754,0.7326478149100257,6.162195205688477,0.9573264781491002,5.011096954345703,0.893573264781491,5.213151931762695,0.9172236503856042,0.70009052939713,2.9511025846004486
epi_kmeans_14,8,3922,0.06303236797274275,0:0.99; 1:0.01; 12:0.00,proliferative ductal/tumor epithelial:0.99; intestinal-like/PanIN-like ductal epithelial:0.01,6.655853748321533,0.9992350841407445,3.0301780700683594,0.65068842427333,2.03120756149292,0.4110147883732789,1.0195645093917847,0.22768995410504844,6.930750370025635,0.9956654767975522,0.3963409960269928,0.09561448240693524,0.6640800833702087,0.13640999490056094,0.1307060271501541,0.031106578276389598,2.2209510803222656,0.4903110657827639,3.113661289215088,0.6731259561448241,0.697626531124115,0.1631820499745028,4.891389846801758,0.9227434982151963,0.7245640158653259,0.16700662927078022,0.4342638850212097,0.10402855685874554,4.705794334411621,0.9153493115757266,6.489404678344727,0.9806221315655278,5.229770183563232,0.9469658337582866,5.404392719268799,0.9627740948495666,0.8530195467174053,3.2529251277446747
epi_kmeans_14,9,4142,0.06656809488605317,0:1.00; 1:0.00,proliferative ductal/tumor epithelial:1.00; intestinal-like/PanIN-like ductal epithelial:0.00,6.72886848449707,1.0,3.027540445327759,0.696523418638339,2.4095277786254883,0.5084500241429262,1.1138697862625122,0.2711250603573153,6.65932559967041,0.9983099951714147,0.7012246251106262,0.1834862385321101,0.95244300365448,0.2001448575567359,0.17430636286735535,0.04659584741670691,1.6586296558380127,0.41211974891356834,3.5260088443756104,0.7928536938676968,0.8901705145835876,0.22887493964268468,4.9999189376831055,0.9661999034282955,4.3665361404418945,0.8819410912602608,2.914945125579834,0.6699661999034283,4.7181830406188965,0.941815548044423,6.66329288482666,0.9939642684693385,4.5055341720581055,0.9121197489135683,5.063626289367676,0.9669241912119749,0.8716509118676186,3.3025659024715424
epi_kmeans_14,10,3784,0.06081450290893896,1:1.00,intestinal-like/PanIN-like ductal epithelial:1.00,6.46280574798584,0.9944503171247357,1.9963593482971191,0.4162262156448203,1.9435663223266602,0.339323467230444,3.046480417251587,0.5573467230443975,1.580378770828247,0.31606765327695563,3.386859655380249,0.6704545454545454,5.875874042510986,0.927061310782241,6.474701404571533,0.9508456659619451,2.930417060852051,0.5882663847780126,4.0415754318237305,0.7692917547568711,4.45915412902832,0.8004756871035941,3.276562452316284,0.6545983086680761,4.30668830871582,0.8015327695560254,1.6669543981552124,0.3456659619450317,1.9169398546218872,0.4011627906976744,0.7495518922805786,0.1506342494714588,0.695378839969635,0.15248414376321354,0.6076877117156982,0.13372093023255813,4.666963040828705,2.1416962146759033
epi_kmeans_14,11,5498,0.08836102986082094,0:0.99; 12:0.01; 1:0.00,proliferative ductal/tumor epithelial:1.00; intestinal-like/PanIN-like ductal epithelial:0.00,6.77069091796875,0.9996362313568571,2.467909574508667,0.5123681338668606,1.9531426429748535,0.3757730083666788,1.0110472440719604,0.2120771189523463,6.813211917877197,0.9970898508548564,0.4321712255477905,0.09676245907602765,1.049901008605957,0.1989814477991997,0.07279656082391739,0.016369588941433248,1.0714569091796875,0.23190251000363768,2.9027469158172607,0.5962168061113132,0.5414897203445435,0.11949799927246271,4.672037601470947,0.8730447435431066,2.6480183601379395,0.5289196071298654,1.2830533981323242,0.27228082939250636,4.106331825256348,0.7970170971262277,6.49937629699707,0.9798108403055656,4.298708915710449,0.8121134958166606,4.920396327972412,0.8948708621316842,0.6565814260393381,3.0613278448581696
epi_kmeans_14,12,3865,0.062116293272475975,0:0.84; 12:0.14; 1:0.02,proliferative ductal/tumor epithelial:0.98; intestinal-like/PanIN-like ductal epithelial:0.02,6.71760368347168,0.9968952134540751,2.3405117988586426,0.4522639068564036,1.3443435430526733,0.24476067270375162,0.9468804597854614,0.18369987063389392,6.9223432540893555,0.9891332470892626,0.45257481932640076,0.09288486416558861,1.465057373046875,0.26157826649417854,0.10627084225416183,0.02069857697283312,1.8973959684371948,0.37257438551099614,2.4219539165496826,0.4698576972833118,0.4129697382450104,0.08382923673997413,4.558924674987793,0.8100905562742562,0.449504017829895,0.08874514877102199,0.16620120406150818,0.03389391979301423,3.255668878555298,0.613712807244502,5.138322830200195,0.8269081500646831,4.605786323547363,0.8082794307891332,4.889155387878418,0.8507115135834411,0.9803247507661581,2.888519763946533
epi_kmeans_14,13,1426,0.022917938992639258,1:0.99; 0:0.01; 12:0.00,intestinal-like/PanIN-like ductal epithelial:0.99; proliferative ductal/tumor epithelial:0.01,5.631481170654297,0.9144460028050491,2.3097336292266846,0.4438990182328191,2.2539072036743164,0.364656381486676,4.209775447845459,0.6991584852734923,0.415910929441452,0.08134642356241234,1.578452706336975,0.3071528751753156,2.646186351776123,0.45091164095371666,2.772263288497925,0.47124824684431976,2.466867446899414,0.46633941093969145,5.008239269256592,0.8436185133239832,5.641641616821289,0.9018232819074333,2.006136417388916,0.3920056100981767,1.2586982250213623,0.2391304347826087,0.3599751591682434,0.0729312762973352,1.1458004713058472,0.23071528751753156,1.1777238845825195,0.2244039270687237,0.6503064036369324,0.13183730715287517,0.18313486874103546,0.037868162692847124,2.3659424483776093,2.297331802546978
