annotation_version,sample_id,cluster_key,leiden,n_cells,fraction,top_marker_genes,suggested_Tier_A,suggested_Tier_B,annotation_score,annotation_note,final_Tier_A,final_Tier_B,notes
cluster_full_panel_v9_xenium_graphclust_io_mucosa_submucosa_k24,normal_nondiseased_v1,xenium_graphclust,1,19688,0.18949901342701767,"STC2, FKBP11, MYC, AQP8, ANPEP, TENT5C, NTN4, KLK11",pancreatic acinar epithelium,acinar epithelial,2.2,best marker program: top_marker_rule_2_hits,pancreatic acinar epithelium,acinar epithelial,
cluster_full_panel_v9_xenium_graphclust_io_mucosa_submucosa_k24,normal_nondiseased_v1,xenium_graphclust,10,1811,0.017431060205014677,"CD163, MS4A6A, MRC1, MS4A4A, FGL2, MPEG1, C1orf162, VSIG4",Myeloid cells,myeloid/macrophage,3.0361417690099275,ambiguous: top_marker_rule_2_hits close to second-best,Myeloid cells,myeloid/macrophage,
cluster_full_panel_v9_xenium_graphclust_io_mucosa_submucosa_k24,normal_nondiseased_v1,xenium_graphclust,11,1445,0.013908272775398238,"TM4SF4, APCDD1, KRT7, SMIM24, CFB, AGR3, CXCL2, TCIM",pancreatic ductal epithelium,mucin/PanIN-like ductal epithelial,1.7155872867969129,best marker program: ductal_epithelial_score_z,pancreatic ductal epithelium,mucin/PanIN-like ductal epithelial,
cluster_full_panel_v9_xenium_graphclust_io_mucosa_submucosa_k24,normal_nondiseased_v1,xenium_graphclust,12,1245,0.011983252322055922,"CCL5, CXCR4, CD8A, CD2, PTPRC, CD3E, TRAC, IL7R",T cells,Tregs,4.445085940872746,ambiguous: top_marker_rule_6_hits close to second-best,T cells,Tregs,
cluster_full_panel_v9_xenium_graphclust_io_mucosa_submucosa_k24,normal_nondiseased_v1,xenium_graphclust,13,1192,0.011473121901920208,"PDGFRB, EDNRB, STEAP4, ACE2, APOLD1, ADAMTS1, MYLK, ASPN",Fibroblasts,activated fibroblast/stellate,0.7835496894741244,best marker program: fibroblast_stellate_score_z,Fibroblasts,activated fibroblast/stellate,
cluster_full_panel_v9_xenium_graphclust_io_mucosa_submucosa_k24,normal_nondiseased_v1,xenium_graphclust,14,1125,0.010828240050050533,"PECAM1, CAVIN2, APOLD1, STC1, VWF, CD34, AQP8, FKBP11",Endothelial cells,endothelial,2.5,best marker program: top_marker_rule_3_hits,Endothelial cells,endothelial,
cluster_full_panel_v9_xenium_graphclust_io_mucosa_submucosa_k24,normal_nondiseased_v1,xenium_graphclust,15,1124,0.010818614947783821,"INS, CHGA, PCSK2, GCG, RGS16, SCGN, SST, HEPACAM2",Islets,endocrine/islet,6.091354321322046,ambiguous: top_marker_rule_5_hits close to second-best,Islets,endocrine/islet,
cluster_full_panel_v9_xenium_graphclust_io_mucosa_submucosa_k24,normal_nondiseased_v1,xenium_graphclust,16,955,0.009191972664709563,"CD163, MS4A6A, MS4A4A, MRC1, AIF1, FKBP11, VSIG4, MPEG1",Myeloid cells,myeloid/macrophage,2.4,best marker program: top_marker_rule_3_hits,Myeloid cells,myeloid/macrophage,
cluster_full_panel_v9_xenium_graphclust_io_mucosa_submucosa_k24,normal_nondiseased_v1,xenium_graphclust,17,668,0.006429568314163338,"INS, GCG, SST, CHGA, SCGN, PCSK2, RGS16, PPY",Islets,endocrine/islet,3.5219127911415695,ambiguous: top_marker_rule_6_hits close to second-best,Islets,endocrine/islet,
cluster_full_panel_v9_xenium_graphclust_io_mucosa_submucosa_k24,normal_nondiseased_v1,xenium_graphclust,18,593,0.005707685644159969,"LILRB2, FCGR1A, CAVIN2, IGF1, CYP2A7, PPARG, KCNMA1, CYP2F1",Myeloid cells,myeloid/macrophage,1.72638638830501,best marker program: myeloid_score_z,Myeloid cells,myeloid/macrophage,
cluster_full_panel_v9_xenium_graphclust_io_mucosa_submucosa_k24,normal_nondiseased_v1,xenium_graphclust,19,521,0.005014678280956735,"MYH11, ACTA2, MYLK, RERGL, CAVIN1, ADAMTS1, PDGFRB, PECAM1",Fibroblasts,activated fibroblast/stellate,1.5215393481789121,best marker program: fibroblast_stellate_score_z,Fibroblasts,activated fibroblast/stellate,
cluster_full_panel_v9_xenium_graphclust_io_mucosa_submucosa_k24,normal_nondiseased_v1,xenium_graphclust,2,19432,0.1870349872467395,"STC2, FKBP11, AQP8, TENT5C, ANPEP, MYC, SCGN, KLK11",pancreatic acinar epithelium,acinar epithelial,2.2,best marker program: top_marker_rule_2_hits,pancreatic acinar epithelium,acinar epithelial,
cluster_full_panel_v9_xenium_graphclust_io_mucosa_submucosa_k24,normal_nondiseased_v1,xenium_graphclust,3,15360,0.14784157081668992,"FXYD2, CFTR, PPP1R1B, PROX1, EHF, TM4SF4, MCF2L, TM4SF18",pancreatic ductal epithelium,ductal/tumor epithelial,1.3020123565447723,best marker program: ductal_epithelial_score_z,pancreatic ductal epithelium,ductal/tumor epithelial,
cluster_full_panel_v9_xenium_graphclust_io_mucosa_submucosa_k24,normal_nondiseased_v1,xenium_graphclust,4,11702,0.11263294672505895,"FXYD2, CFTR, PROX1, PPP1R1B, EHF, TM4SF4, EPCAM, TM4SF18",pancreatic ductal epithelium,ductal/tumor epithelial,0.9615742638754425,best marker program: ductal_epithelial_score_z,pancreatic ductal epithelium,ductal/tumor epithelial,
cluster_full_panel_v9_xenium_graphclust_io_mucosa_submucosa_k24,normal_nondiseased_v1,xenium_graphclust,5,11570,0.11136243322585303,"MYC, MTRNR2L11, KCNMA1, LILRB2, FCGR1A, STC2, NTN4, CYP2A7",pancreatic acinar epithelium,acinar epithelial,0.25030487153277536,ambiguous: acinar_epithelial_score_z close to second-best; vetoed unsupported myeloid_score_z,pancreatic acinar epithelium,acinar epithelial,
cluster_full_panel_v9_xenium_graphclust_io_mucosa_submucosa_k24,normal_nondiseased_v1,xenium_graphclust,6,4329,0.041667067712594444,"PECAM1, CAVIN2, APOLD1, STC1, VWF, CD34, BTNL9, ADGRL4",Endothelial cells,endothelial,3.094585317738414,ambiguous: top_marker_rule_3_hits close to second-best,Endothelial cells,endothelial,
cluster_full_panel_v9_xenium_graphclust_io_mucosa_submucosa_k24,normal_nondiseased_v1,xenium_graphclust,7,4048,0.038962413975648494,"CFTR, FXYD2, AQP8, TENT5C, ANPEP, STC2, PROX1, GATM",pancreatic acinar epithelium,acinar epithelial,2.2,best marker program: top_marker_rule_2_hits,pancreatic acinar epithelium,acinar epithelial,
cluster_full_panel_v9_xenium_graphclust_io_mucosa_submucosa_k24,normal_nondiseased_v1,xenium_graphclust,8,3693,0.03554550267096588,"C7, FBLN1, DPT, PTGDS, FKBP11, CRISPLD2, PDGFRA, AQP8",Fibroblasts,activated fibroblast/stellate,0.604528631353898,best marker program: fibroblast_stellate_score_z,Fibroblasts,activated fibroblast/stellate,
cluster_full_panel_v9_xenium_graphclust_io_mucosa_submucosa_k24,normal_nondiseased_v1,xenium_graphclust,9,3394,0.03266759709321911,"C7, FBLN1, DPT, CRISPLD2, PTGDS, PDGFRA, SRPX, ADAMTS1",Fibroblasts,activated fibroblast/stellate,2.3236185282332027,best marker program: fibroblast_stellate_score_z,Fibroblasts,activated fibroblast/stellate,
cluster_full_panel_v9_xenium_graphclust_io_mucosa_submucosa_k24,pdac_addon_v1,xenium_graphclust,1,19578,0.1025697445972495,"AMY2A, GATM, ANPEP, RNASE1, AQP8, SERPINB1, SSR4, EEF1D",pancreatic acinar epithelium,acinar epithelial,2.2,best marker program: top_marker_rule_3_hits,pancreatic acinar epithelium,acinar epithelial,
cluster_full_panel_v9_xenium_graphclust_io_mucosa_submucosa_k24,pdac_addon_v1,xenium_graphclust,10,11541,0.0604636542239685,"CFTR, AMY2A, SERPING1, CXCL6, PROX1, EPCAM, FXYD2, GATM",pancreatic acinar epithelium,acinar epithelial,2.2,best marker program: top_marker_rule_2_hits,pancreatic acinar epithelium,acinar epithelial,
cluster_full_panel_v9_xenium_graphclust_io_mucosa_submucosa_k24,pdac_addon_v1,xenium_graphclust,11,10070,0.0527570399476096,"PDGFRB, C1R, FBLN1, FBN1, PDGFRA, C7, SPON2, LTBP2",Fibroblasts,activated fibroblast/stellate,2.0,best marker program: top_marker_rule_2_hits,Fibroblasts,activated fibroblast/stellate,
cluster_full_panel_v9_xenium_graphclust_io_mucosa_submucosa_k24,pdac_addon_v1,xenium_graphclust,12,8193,0.0429233791748526,"CFTR, CXCL6, FSTL3, CFB, EPCAM, BIRC3, SERPING1, CXCL2",pancreatic ductal epithelium,ductal/tumor epithelial,1.6066095119252766,best marker program: ductal_epithelial_score_z,pancreatic ductal epithelium,ductal/tumor epithelial,
cluster_full_panel_v9_xenium_graphclust_io_mucosa_submucosa_k24,pdac_addon_v1,xenium_graphclust,13,7247,0.0379672560576293,"LAPTM5, MS4A6A, ALOX5AP, ASAH1, C1orf162, PTPRC, NPC2, CFB",Myeloid cells,myeloid/macrophage,0.5667500579200015,best marker program: myeloid_score_z,Myeloid cells,myeloid/macrophage,
cluster_full_panel_v9_xenium_graphclust_io_mucosa_submucosa_k24,pdac_addon_v1,xenium_graphclust,14,6637,0.0347714472822527,"PPY, GCG, SCGN, PCSK2, TM4SF4, SCGB2A1, CHGA, INS",Islets,endocrine/islet,2.649575956844907,ambiguous: top_marker_rule_5_hits close to second-best,Islets,endocrine/islet,
cluster_full_panel_v9_xenium_graphclust_io_mucosa_submucosa_k24,pdac_addon_v1,xenium_graphclust,15,3174,0.0166286836935167,"GCG, PPY, INS, SCGN, CHGA, PCSK2, SCGB2A1, TM4SF4",Islets,endocrine/islet,4.467094265480897,ambiguous: top_marker_rule_5_hits close to second-best,Islets,endocrine/islet,
cluster_full_panel_v9_xenium_graphclust_io_mucosa_submucosa_k24,pdac_addon_v1,xenium_graphclust,16,2632,0.0137891290111329,"TM4SF4, APCDD1, CFTR, GPX2, EPCAM, CFB, SERPING1, FXYD2",pancreatic ductal epithelium,intestinal-like/PanIN-like ductal epithelial,1.9285264835762044,best marker program: ductal_epithelial_score_z,pancreatic ductal epithelium,intestinal-like/PanIN-like ductal epithelial,
cluster_full_panel_v9_xenium_graphclust_io_mucosa_submucosa_k24,pdac_addon_v1,xenium_graphclust,17,1775,0.0092992796332678,"MS4A1, CD79A, CXCR4, TENT5C, PTPRC, BANK1, LAPTM5, MZB1",B lineage,B cells,5.964836558254526,ambiguous: top_marker_rule_4_hits close to second-best,B lineage,B cells,
cluster_full_panel_v9_xenium_graphclust_io_mucosa_submucosa_k24,pdac_addon_v1,xenium_graphclust,18,1413,0.0074027504911591,"CPA3, KIT, IL1RL1, MS4A2, SLC18A2, LAPTM5, GATA2, CTSG",Mast cells,mast cell,5.711572778728793,ambiguous: top_marker_rule_5_hits close to second-best,Mast cells,mast cell,
cluster_full_panel_v9_xenium_graphclust_io_mucosa_submucosa_k24,pdac_addon_v1,xenium_graphclust,19,1337,0.0070045841519318,"TM4SF4, GPX2, APCDD1, CAPN8, MALL, TCIM, CFTR, DUSP1",pancreatic ductal epithelium,intestinal-like/PanIN-like ductal epithelial,2.2255293992928493,best marker program: ductal_epithelial_score_z,pancreatic ductal epithelium,intestinal-like/PanIN-like ductal epithelial,
cluster_full_panel_v9_xenium_graphclust_io_mucosa_submucosa_k24,pdac_addon_v1,xenium_graphclust,2,17836,0.0934433529796987,"FSTL3, CFB, BIRC3, CXCL2, CXCL6, CFTR, NTN4, DSP",pancreatic ductal epithelium,ductal/tumor epithelial,0.7629025088396433,best marker program: ductal_epithelial_score_z,pancreatic ductal epithelium,ductal/tumor epithelial,
cluster_full_panel_v9_xenium_graphclust_io_mucosa_submucosa_k24,pdac_addon_v1,xenium_graphclust,20,814,0.0042645710543549,"TM4SF4, GPX2, APCDD1, DMBT1, ACE2, TCIM, TFF2, CAPN8",pancreatic ductal epithelium,intestinal-like/PanIN-like ductal epithelial,2.6228722471285804,best marker program: ductal_epithelial_score_z,pancreatic ductal epithelium,intestinal-like/PanIN-like ductal epithelial,
cluster_full_panel_v9_xenium_graphclust_io_mucosa_submucosa_k24,pdac_addon_v1,xenium_graphclust,21,456,0.0023889980353634,"TM4SF4, DMBT1, GPX2, TFF2, ACE2, APCDD1, TCIM, CAPN8",pancreatic ductal epithelium,intestinal-like/PanIN-like ductal epithelial,2.880504060930443,best marker program: ductal_epithelial_score_z,pancreatic ductal epithelium,intestinal-like/PanIN-like ductal epithelial,
cluster_full_panel_v9_xenium_graphclust_io_mucosa_submucosa_k24,pdac_addon_v1,xenium_graphclust,3,17737,0.0929246889325474,"MS4A6A, LAPTM5, CXCR4, C1orf162, PTPRC, ASAH1, AIF1, CD163",Myeloid cells,myeloid/macrophage,2.4,best marker program: top_marker_rule_2_hits,Myeloid cells,myeloid/macrophage,
cluster_full_panel_v9_xenium_graphclust_io_mucosa_submucosa_k24,pdac_addon_v1,xenium_graphclust,4,16557,0.0867426326129666,"ANPEP, GATM, CFB, SERPINB1, NTN4, CXCL2, NOP53, GSTA1",pancreatic acinar epithelium,acinar epithelial,1.0198794805994331,best marker program: acinar_epithelial_score_z,pancreatic acinar epithelium,acinar epithelial,
cluster_full_panel_v9_xenium_graphclust_io_mucosa_submucosa_k24,pdac_addon_v1,xenium_graphclust,5,13613,0.0713189259986902,"ALOX5AP, CLEC4E, CXCR4, LAPTM5, IL1R2, MNDA, MCEMP1, AQP9",Unknown,Unknown,-0.236680449539006,weak best score: islet_endocrine_score_z,Unknown,Unknown,
cluster_full_panel_v9_xenium_graphclust_io_mucosa_submucosa_k24,pdac_addon_v1,xenium_graphclust,6,13533,0.0708998035363457,"VCAN, CTHRC1, FBN1, COL5A2, SFRP2, THBS2, FSTL1, ACTA2",Fibroblasts,activated fibroblast/stellate,2.0,best marker program: top_marker_rule_3_hits,Fibroblasts,activated fibroblast/stellate,
cluster_full_panel_v9_xenium_graphclust_io_mucosa_submucosa_k24,pdac_addon_v1,xenium_graphclust,7,12602,0.066022265880812,"LAPTM5, MS4A6A, CTHRC1, VCAN, SFRP2, CXCR4, FBN1, C1orf162",Fibroblasts,activated fibroblast/stellate,2.0,best marker program: top_marker_rule_2_hits,Fibroblasts,activated fibroblast/stellate,
cluster_full_panel_v9_xenium_graphclust_io_mucosa_submucosa_k24,pdac_addon_v1,xenium_graphclust,8,12110,0.0634446627373935,"PECAM1, EPAS1, CD93, CD34, VWF, ADGRL4, CLEC14A, APOLD1",Endothelial cells,endothelial,2.7964679326502546,ambiguous: top_marker_rule_4_hits close to second-best,Endothelial cells,endothelial,
cluster_full_panel_v9_xenium_graphclust_io_mucosa_submucosa_k24,pdac_addon_v1,xenium_graphclust,9,12020,0.062973149967256,"IL7R, CCL5, PTPRC, TRAC, CXCR4, CD8A, CD3E, CD2",T cells,Tregs,2.4173536836956218,ambiguous: top_marker_rule_6_hits close to second-best,T cells,Tregs,
cluster_full_panel_v9_xenium_graphclust_io_mucosa_submucosa_k24,pdac_io_v1,xenium_graphclust,1,31701,0.1369409142353581,"CEACAM6, EPCAM, CXCL5, CEACAM8, CEACAM1, SDC1, IFNGR1, MET",pancreatic ductal epithelium,proliferative ductal/tumor epithelial,1.6202330691869051,best marker program: ductal_epithelial_score_z,pancreatic ductal epithelium,proliferative ductal/tumor epithelial,
cluster_full_panel_v9_xenium_graphclust_io_mucosa_submucosa_k24,pdac_io_v1,xenium_graphclust,10,12742,0.0550424633035845,"IL7R, CD2, CD3E, FCMR, CD8A, TCF7, CD3D, IGKC",T cells,Tregs,2.3,best marker program: top_marker_rule_6_hits,T cells,Tregs,
cluster_full_panel_v9_xenium_graphclust_io_mucosa_submucosa_k24,pdac_io_v1,xenium_graphclust,11,11138,0.0481135580187823,"IGHM, MS4A1, TNFRSF13C, FCMR, CXCL13, BANK1, CD74, CD79A",B lineage,B cells,2.710705444858968,ambiguous: top_marker_rule_4_hits close to second-best,B lineage,B cells,
cluster_full_panel_v9_xenium_graphclust_io_mucosa_submucosa_k24,pdac_io_v1,xenium_graphclust,12,10826,0.0467657909060278,"SPARC, FN1, LUM, ACTA2, IGFBP7, CEACAM6, CXCL5, VCAN",Fibroblasts,activated fibroblast/stellate,2.0,best marker program: top_marker_rule_5_hits,Fibroblasts,activated fibroblast/stellate,
cluster_full_panel_v9_xenium_graphclust_io_mucosa_submucosa_k24,pdac_io_v1,xenium_graphclust,13,7825,0.0338021719785394,"G0S2, IL1B, S100A9, ITGAX, CXCL1, PLEK, CD44, EGR3",Myeloid cells,inflammatory myeloid,2.4,best marker program: top_marker_rule_3_hits,Myeloid cells,inflammatory myeloid,
cluster_full_panel_v9_xenium_graphclust_io_mucosa_submucosa_k24,pdac_io_v1,xenium_graphclust,14,6026,0.0260309122482656,"PLVAP, FLT1, IGFBP7, RGS5, SPARCL1, SPARC, A2M, FN1",Endothelial cells,endothelial/perivascular,3.008297875597452,ambiguous: top_marker_rule_2_hits close to second-best,Endothelial cells,endothelial/perivascular,
cluster_full_panel_v9_xenium_graphclust_io_mucosa_submucosa_k24,pdac_io_v1,xenium_graphclust,15,5854,0.0252879124296958,"CD163, CD74, MPEG1, CSF1R, TNFRSF1B, FCGR2A, C1QB, CXCL12",Myeloid cells,myeloid/macrophage,2.4,best marker program: top_marker_rule_4_hits,Myeloid cells,myeloid/macrophage,
cluster_full_panel_v9_xenium_graphclust_io_mucosa_submucosa_k24,pdac_io_v1,xenium_graphclust,16,5878,0.0253915868229846,"CXCL12, A2M, C1R, C1S, IL1R1, DCN, PDGFRA, SPARCL1",Fibroblasts,activated fibroblast/stellate,2.0,best marker program: top_marker_rule_2_hits,Fibroblasts,activated fibroblast/stellate,
cluster_full_panel_v9_xenium_graphclust_io_mucosa_submucosa_k24,pdac_io_v1,xenium_graphclust,17,4561,0.0197024544912611,"XBP1, TFF3, EPCAM, SSR4, PRDX4, IGKC, SOX9, JCHAIN",pancreatic ductal epithelium,intestinal-like/PanIN-like ductal epithelial,1.2358626954394494,best marker program: ductal_epithelial_score_z; vetoed unsupported top_marker_rule_2_hits; curated graphclust override; curated graphclust override; curated graphclust override,Submucosa,submucosa,"Manual Xenium Explorer review: 10x graphclust 17 is submucosa, not pancreatic ductal epithelium."
cluster_full_panel_v9_xenium_graphclust_io_mucosa_submucosa_k24,pdac_io_v1,xenium_graphclust,18,1030,0.0044493593786448,"IGHGP, IGHG1, IGHG2, IGHG3, JCHAIN, IGHG4, IGKC, IGHM",B lineage,plasma-like B lineage,4.265687474826665,ambiguous: top_marker_rule_7_hits close to second-best,B lineage,plasma-like B lineage,
cluster_full_panel_v9_xenium_graphclust_io_mucosa_submucosa_k24,pdac_io_v1,xenium_graphclust,2,20236,0.0874147926080157,"DMBT1, REG4, EPCAM, TMPRSS2, CDX2, IQGAP2, TFF3, ANPEP",pancreatic ductal epithelium,intestinal-like/PanIN-like ductal epithelial,0.7758712794419799,best marker program: ductal_epithelial_score_z; vetoed unsupported duodenum_epithelial_score_z; curated graphclust override; curated graphclust override; curated graphclust override,Mucosa gland,mucosa gland,"Manual Xenium Explorer review: 10x graphclust 2 is mucosa gland, not pancreatic ductal epithelium."
cluster_full_panel_v9_xenium_graphclust_io_mucosa_submucosa_k24,pdac_io_v1,xenium_graphclust,3,20132,0.0869655369037642,"FN1, SPARC, LUM, VCAN, ACTA2, SPON2, C1S, IGFBP7",Fibroblasts,activated fibroblast/stellate,2.0,best marker program: top_marker_rule_5_hits,Fibroblasts,activated fibroblast/stellate,
cluster_full_panel_v9_xenium_graphclust_io_mucosa_submucosa_k24,pdac_io_v1,xenium_graphclust,4,18884,0.081574468452746,"SPARCL1, A2M, RGS5, IGFBP7, ACTA2, IFITM3, C1S, C1R",Endothelial cells,endothelial/perivascular,1.169397087995986,best marker program: endothelial_score_z,Endothelial cells,endothelial/perivascular,
cluster_full_panel_v9_xenium_graphclust_io_mucosa_submucosa_k24,pdac_io_v1,xenium_graphclust,5,17634,0.0761747604689538,"CEACAM6, CXCL5, EPCAM, CEACAM8, CEACAM1, IFNGR1, MET, SPARC",pancreatic ductal epithelium,proliferative ductal/tumor epithelial,0.5344382318795738,best marker program: ductal_epithelial_score_z,pancreatic ductal epithelium,proliferative ductal/tumor epithelial,
cluster_full_panel_v9_xenium_graphclust_io_mucosa_submucosa_k24,pdac_io_v1,xenium_graphclust,6,16110,0.0695914364951143,"JCHAIN, IGKC, IGHM, IGHG1, IGHGP, FKBP11, XBP1, IGHG2",B lineage,plasma-like B lineage,2.3,best marker program: top_marker_rule_5_hits,B lineage,plasma-like B lineage,
cluster_full_panel_v9_xenium_graphclust_io_mucosa_submucosa_k24,pdac_io_v1,xenium_graphclust,7,13009,0.0561958409289225,"S100A9, CXCR2, ITGAX, TNFRSF1B, FCGR2A, MCEMP1, CXCR1, CCR1",Myeloid cells,inflammatory myeloid,2.4,best marker program: top_marker_rule_6_hits,Myeloid cells,inflammatory myeloid,
cluster_full_panel_v9_xenium_graphclust_io_mucosa_submucosa_k24,pdac_io_v1,xenium_graphclust,8,14078,0.0608136711966616,"G0S2, CD8B, CFC1, TIGIT, LILRB2, ERBB4, FLT1, IL2",Unknown,Unknown,-0.1949694767690702,weak best score: endothelial_score_z,Unknown,Unknown,
cluster_full_panel_v9_xenium_graphclust_io_mucosa_submucosa_k24,pdac_io_v1,xenium_graphclust,9,13830,0.0597423691326773,"APOE, CTSD, PLA2G7, FN1, CD163, SPARC, CD74, LAMP1",Myeloid cells,myeloid/macrophage,2.4,best marker program: top_marker_rule_4_hits,Myeloid cells,myeloid/macrophage,
cluster_full_panel_v9_xenium_graphclust_io_mucosa_submucosa_k24,pdac_pancreas_v1,xenium_graphclust,1,17856,0.1329590385488879,"VCAN, SFRP2, FBN1, COL5A2, THBS2, CTSK, PDGFRB, LTBP2",Fibroblasts,activated fibroblast/stellate,2.0,best marker program: top_marker_rule_2_hits,Fibroblasts,activated fibroblast/stellate,
cluster_full_panel_v9_xenium_graphclust_io_mucosa_submucosa_k24,pdac_pancreas_v1,xenium_graphclust,10,3884,0.0289209736628517,"C7, SFRP4, SFRP2, FBLN1, PDGFRA, CRISPLD2, ASPN, VCAN",Fibroblasts,activated fibroblast/stellate,2.0,best marker program: top_marker_rule_2_hits,Fibroblasts,activated fibroblast/stellate,
cluster_full_panel_v9_xenium_graphclust_io_mucosa_submucosa_k24,pdac_pancreas_v1,xenium_graphclust,11,5174,0.0385265493644683,"PECAM1, CD93, CD34, ADGRL4, APOLD1, CLEC14A, VWF, STC1",Endothelial cells,endothelial,3.7162222435398866,ambiguous: top_marker_rule_4_hits close to second-best,Endothelial cells,endothelial,
cluster_full_panel_v9_xenium_graphclust_io_mucosa_submucosa_k24,pdac_pancreas_v1,xenium_graphclust,12,3748,0.027908292813689,"SFRP2, VCAN, FBN1, SFRP4, MS4A6A, BASP1, COL5A2, AIF1",Fibroblasts,activated fibroblast/stellate,2.0,best marker program: top_marker_rule_2_hits,Fibroblasts,activated fibroblast/stellate,
cluster_full_panel_v9_xenium_graphclust_io_mucosa_submucosa_k24,pdac_pancreas_v1,xenium_graphclust,13,3650,0.0271785669076747,"GPRC5A, MALL, ACTG2, EPCAM, C15orf48, FHL2, SEMA3C, FSTL3",pancreatic ductal epithelium,ductal/tumor epithelial,0.1907948017673111,best marker program: ductal_epithelial_score_z; vetoed unsupported plasma_cell_score_z,pancreatic ductal epithelium,ductal/tumor epithelial,
cluster_full_panel_v9_xenium_graphclust_io_mucosa_submucosa_k24,pdac_pancreas_v1,xenium_graphclust,14,3059,0.0227778729234457,"PECAM1, PDGFRB, APOLD1, ADAMTS1, CD93, CAVIN1, ADGRL4, CD34",Endothelial cells,endothelial,2.5,best marker program: top_marker_rule_2_hits,Endothelial cells,endothelial,
cluster_full_panel_v9_xenium_graphclust_io_mucosa_submucosa_k24,pdac_pancreas_v1,xenium_graphclust,15,3266,0.0243192327453331,"GPRC5A, MALL, EPCAM, TMC5, FHL2, GPX2, MDM2, EHF",pancreatic ductal epithelium,intestinal-like/PanIN-like ductal epithelial,0.6071111449255038,best marker program: ductal_epithelial_score_z,pancreatic ductal epithelium,intestinal-like/PanIN-like ductal epithelial,
cluster_full_panel_v9_xenium_graphclust_io_mucosa_submucosa_k24,pdac_pancreas_v1,xenium_graphclust,16,3015,0.0224502408840108,"AMY2A, GATM, AQP8, CPA3, ANPEP, CFTR, FKBP11, MYC",pancreatic acinar epithelium,acinar epithelial,2.2,best marker program: top_marker_rule_3_hits,pancreatic acinar epithelium,acinar epithelial,
cluster_full_panel_v9_xenium_graphclust_io_mucosa_submucosa_k24,pdac_pancreas_v1,xenium_graphclust,17,2263,0.0168507114827583,"MYH11, ADAMTS1, ACTA2, MYLK, CNN1, CRISPLD2, PDGFRB, TNC",Fibroblasts,activated fibroblast/stellate,0.5300573401728025,best marker program: fibroblast_stellate_score_z,Fibroblasts,activated fibroblast/stellate,
cluster_full_panel_v9_xenium_graphclust_io_mucosa_submucosa_k24,pdac_pancreas_v1,xenium_graphclust,18,1757,0.013082943029256,"MKI67, GPX2, GPRC5A, UBE2C, MDM2, EPCAM, CENPF, CDK1",pancreatic ductal epithelium,intestinal-like/PanIN-like ductal epithelial,0.4192449814845729,best marker program: ductal_epithelial_score_z,pancreatic ductal epithelium,intestinal-like/PanIN-like ductal epithelial,
cluster_full_panel_v9_xenium_graphclust_io_mucosa_submucosa_k24,pdac_pancreas_v1,xenium_graphclust,19,1722,0.0128223266342509,"GPRC5A, MALL, SERPINB3, COL17A1, C15orf48, EPCAM, SEMA3C, ACTG2",pancreatic ductal epithelium,proliferative ductal/tumor epithelial,0.6907680795812424,best marker program: ductal_epithelial_score_z,pancreatic ductal epithelium,proliferative ductal/tumor epithelial,
cluster_full_panel_v9_xenium_graphclust_io_mucosa_submucosa_k24,pdac_pancreas_v1,xenium_graphclust,2,15662,0.1166221136734253,"CFTR, CFB, FXYD2, CXCL6, PROX1, PPP1R1B, EPCAM, FSTL3",pancreatic ductal epithelium,ductal/tumor epithelial,1.5083467660722538,best marker program: ductal_epithelial_score_z,pancreatic ductal epithelium,ductal/tumor epithelial,
cluster_full_panel_v9_xenium_graphclust_io_mucosa_submucosa_k24,pdac_pancreas_v1,xenium_graphclust,20,1354,0.0100821313953401,"CPA3, KIT, IL1RL1, MS4A2, SLC18A2, FBLN1, PDGFRA, ASPN",Mast cells,mast cell,2.752934103004752,ambiguous: top_marker_rule_3_hits close to second-best,Mast cells,mast cell,
cluster_full_panel_v9_xenium_graphclust_io_mucosa_submucosa_k24,pdac_pancreas_v1,xenium_graphclust,21,1314,0.0097842840867629,"GCG, INS, SCGN, SST, CHGA, PCSK2, TM4SF4, PPP1R1A",Islets,endocrine/islet,3.745596961358627,ambiguous: top_marker_rule_5_hits close to second-best,Islets,endocrine/islet,
cluster_full_panel_v9_xenium_graphclust_io_mucosa_submucosa_k24,pdac_pancreas_v1,xenium_graphclust,22,1145,0.008525879208024,"MZB1, CD79A, SLAMF7, TENT5C, PECAM1, PRDM1, TNFRSF17, CYTIP",B lineage,plasma-like B lineage,4.196813881117858,ambiguous: top_marker_rule_2_hits close to second-best,B lineage,plasma-like B lineage,
cluster_full_panel_v9_xenium_graphclust_io_mucosa_submucosa_k24,pdac_pancreas_v1,xenium_graphclust,23,1103,0.0082131395340178,"AMY2A, GATM, PECAM1, AQP8, APOLD1, ANPEP, CD34, CD93",Endothelial cells,endothelial,2.5,best marker program: top_marker_rule_2_hits,Endothelial cells,endothelial,
cluster_full_panel_v9_xenium_graphclust_io_mucosa_submucosa_k24,pdac_pancreas_v1,xenium_graphclust,24,1037,0.0077216914748654,"INS, GCG, SCGN, SST, CHGA, PCSK2, PPP1R1A, TM4SF4",Islets,endocrine/islet,6.235307096618464,ambiguous: top_marker_rule_5_hits close to second-best,Islets,endocrine/islet,
cluster_full_panel_v9_xenium_graphclust_io_mucosa_submucosa_k24,pdac_pancreas_v1,xenium_graphclust,25,798,0.0059420538061162,"AMY2A, GATM, INS, AQP8, GCG, ANPEP, SCGN, CFTR",Islets,endocrine/islet,2.3478812924921355,ambiguous: top_marker_rule_2_hits close to second-best,Islets,endocrine/islet,
cluster_full_panel_v9_xenium_graphclust_io_mucosa_submucosa_k24,pdac_pancreas_v1,xenium_graphclust,26,739,0.0055027290259648,"TMC5, GPX2, TM4SF4, CFB, DMBT1, ACE2, NTN4, CAPN8",pancreatic ductal epithelium,intestinal-like/PanIN-like ductal epithelial,1.8356308170198716,best marker program: ductal_epithelial_score_z,pancreatic ductal epithelium,intestinal-like/PanIN-like ductal epithelial,
cluster_full_panel_v9_xenium_graphclust_io_mucosa_submucosa_k24,pdac_pancreas_v1,xenium_graphclust,27,507,0.0037752146362167,"CPA3, KIT, IL1RL1, MS4A2, SLC18A2, GATA2, VWA5A, HPGDS",Mast cells,mast cell,8.153246263642362,ambiguous: top_marker_rule_5_hits close to second-best,Mast cells,mast cell,
cluster_full_panel_v9_xenium_graphclust_io_mucosa_submucosa_k24,pdac_pancreas_v1,xenium_graphclust,28,482,0.0035890600683559,"INS, GCG, SCGN, SST, CHGA, PCSK2, HEPACAM2, PPP1R1A",Islets,endocrine/islet,7.37157431910849,ambiguous: top_marker_rule_5_hits close to second-best,Islets,endocrine/islet,
cluster_full_panel_v9_xenium_graphclust_io_mucosa_submucosa_k24,pdac_pancreas_v1,xenium_graphclust,3,14367,0.1069793070582365,"AMY2A, GATM, AQP8, ANPEP, FKBP11, MYC, KCNK3, CFTR",pancreatic acinar epithelium,acinar epithelial,2.2,best marker program: top_marker_rule_3_hits,pancreatic acinar epithelium,acinar epithelial,
cluster_full_panel_v9_xenium_graphclust_io_mucosa_submucosa_k24,pdac_pancreas_v1,xenium_graphclust,4,10966,0.0816548396464552,"IL7R, PTPRC, CXCR4, TRAC, CCL5, CD3E, CD8A, CD2",T cells,Tregs,2.3,best marker program: top_marker_rule_6_hits,T cells,Tregs,
cluster_full_panel_v9_xenium_graphclust_io_mucosa_submucosa_k24,pdac_pancreas_v1,xenium_graphclust,5,9330,0.0694728847256454,"MS4A6A, CD163, AIF1, PTPRC, MS4A4A, FCGR3A, C1orf162, MRC1",Myeloid cells,myeloid/macrophage,2.4,best marker program: top_marker_rule_3_hits,Myeloid cells,myeloid/macrophage,
cluster_full_panel_v9_xenium_graphclust_io_mucosa_submucosa_k24,pdac_pancreas_v1,xenium_graphclust,6,8607,0.0640892946231114,"AMY2A, GATM, AQP8, CFTR, ANPEP, PROX1, NTN4, FKBP11",pancreatic acinar epithelium,acinar epithelial,2.2,best marker program: top_marker_rule_3_hits,pancreatic acinar epithelium,acinar epithelial,
cluster_full_panel_v9_xenium_graphclust_io_mucosa_submucosa_k24,pdac_pancreas_v1,xenium_graphclust,7,5684,0.0423241025488283,"AIF1, MS4A6A, CD163, CXCR4, C1orf162, PTPRC, FCGR3A, CD14",Myeloid cells,myeloid/macrophage,2.4,best marker program: top_marker_rule_4_hits,Myeloid cells,myeloid/macrophage,
cluster_full_panel_v9_xenium_graphclust_io_mucosa_submucosa_k24,pdac_pancreas_v1,xenium_graphclust,8,6452,0.0480427708735116,"CFTR, AMY2A, GATM, FXYD2, PROX1, PPP1R1B, CFB, EPCAM",pancreatic acinar epithelium,acinar epithelial,2.2,best marker program: top_marker_rule_2_hits,pancreatic acinar epithelium,acinar epithelial,
cluster_full_panel_v9_xenium_graphclust_io_mucosa_submucosa_k24,pdac_pancreas_v1,xenium_graphclust,9,5356,0.0398817546184948,"GPRC5A, GPX2, EPCAM, FHL2, TMC5, MDM2, MALL, MKI67",pancreatic ductal epithelium,intestinal-like/PanIN-like ductal epithelial,0.3923336883986289,best marker program: ductal_epithelial_score_z,pancreatic ductal epithelium,intestinal-like/PanIN-like ductal epithelial,
